product_id,product_name,brand,category,base_price,discount_percent,final_price,quantity_sold,revenue,season,sale_year,sale_month,is_promotional_period,source_file
10100,Blouse,Zara,Men's Fashion,53.0,16.87949483386447,44.05386773805183,1,44.05386773805183,Winter,2024,1,True,kaggle_shopping
10201,Sweater,H&M,Men's Fashion,64.0,21.038958325399427,50.53506667174437,1,50.53506667174437,Winter,2024,1,True,kaggle_shopping
10302,Jeans,Uniqlo,Men's Fashion,73.0,20.98210850025211,57.683060794815965,1,57.683060794815965,Spring,2024,3,True,kaggle_shopping
10403,Sandals,New Balance,Footwear,90.0,24.67361871916924,67.79374315274768,1,67.79374315274768,Spring,2024,3,True,kaggle_shopping
10504,Blouse,Uniqlo,Men's Fashion,49.0,25.356172459643155,36.57547549477486,1,36.57547549477486,Spring,2024,3,True,kaggle_shopping
10605,Sneakers,Nike,Footwear,20.0,15.770782466612992,16.845843506677404,1,16.845843506677404,Summer,2024,8,True,kaggle_shopping
10706,Shirt,Uniqlo,Men's Fashion,85.0,21.68312279818197,66.56934562154532,1,66.56934562154532,Fall,2024,9,True,kaggle_shopping
10807,Shorts,H&M,Men's Fashion,34.0,22.15667276416356,26.466731260184392,1,26.466731260184392,Winter,2024,1,True,kaggle_shopping
10908,Coat,Canada Goose,Women's Fashion,97.0,19.752459065749647,77.84011470622283,1,77.84011470622283,Summer,2024,8,True,kaggle_shopping
11009,Handbag,Kate Spade,Accessories,31.0,18.3202760253693,25.320714432135517,1,25.320714432135517,Spring,2024,3,True,kaggle_shopping
11110,Shoes,New Balance,Footwear,34.0,29.363848197349704,24.016291612901103,1,24.016291612901103,Fall,2024,9,True,kaggle_shopping
11211,Shorts,H&M,Men's Fashion,68.0,18.009742168212018,55.75337532561583,1,55.75337532561583,Winter,2024,1,True,kaggle_shopping
11312,Coat,Columbia,Women's Fashion,72.0,24.63798514607095,54.26065069482892,1,54.26065069482892,Winter,2024,1,True,kaggle_shopping
11413,Dress,Uniqlo,Men's Fashion,51.0,29.573389440695482,35.91757138524531,1,35.91757138524531,Spring,2024,3,True,kaggle_shopping
11514,Coat,Columbia,Women's Fashion,53.0,19.313696915297726,42.7637406348922,1,42.7637406348922,Winter,2024,1,True,kaggle_shopping
11615,Skirt,Uniqlo,Men's Fashion,81.0,27.60832576443181,58.63725613081023,1,58.63725613081023,Winter,2024,1,True,kaggle_shopping
11716,Sunglasses,Coach,Accessories,36.0,29.484972976553216,25.38540972844084,1,25.38540972844084,Spring,2024,3,True,kaggle_shopping
11817,Dress,H&M,Men's Fashion,38.0,17.041120849811456,31.52437407707165,1,31.52437407707165,Winter,2024,1,True,kaggle_shopping
11918,Sweater,Forever 21,Men's Fashion,48.0,18.127815282649816,39.298648664328084,1,39.298648664328084,Summer,2024,8,True,kaggle_shopping
12019,Pants,Uniqlo,Men's Fashion,90.0,16.169513250273646,75.44743807475372,1,75.44743807475372,Summer,2024,8,True,kaggle_shopping
12120,Pants,Forever 21,Men's Fashion,51.0,21.57022783810925,39.99918380256428,1,39.99918380256428,Winter,2024,1,True,kaggle_shopping
12221,Pants,Gap,Men's Fashion,62.0,23.357011026420466,47.518653163619305,1,47.518653163619305,Winter,2024,1,True,kaggle_shopping
12322,Pants,Forever 21,Men's Fashion,37.0,21.20897131821306,29.152680612261165,1,29.152680612261165,Summer,2024,8,True,kaggle_shopping
12423,Pants,Uniqlo,Men's Fashion,88.0,21.105196270999006,69.42742728152088,1,69.42742728152088,Winter,2024,1,True,kaggle_shopping
12524,Jacket,Canada Goose,Women's Fashion,22.0,29.45726480604202,15.519401742670754,1,15.519401742670754,Fall,2024,9,True,kaggle_shopping
12625,Hoodie,Zara,Men's Fashion,25.0,23.72873611571886,19.067815971070285,1,19.067815971070285,Summer,2024,8,True,kaggle_shopping
12726,Jewelry,Fossil,Accessories,20.0,15.467477393240975,16.906504521351806,1,16.906504521351806,Spring,2024,3,True,kaggle_shopping
12827,Shorts,Uniqlo,Men's Fashion,56.0,29.096064173837014,39.706204062651274,1,39.706204062651274,Summer,2024,8,True,kaggle_shopping
12928,Handbag,Michael Kors,Accessories,94.0,16.43989288316435,78.5465006898255,1,78.5465006898255,Fall,2024,9,True,kaggle_shopping
13029,Dress,Zara,Men's Fashion,48.0,24.72473520214433,36.13212710297072,1,36.13212710297072,Fall,2024,9,True,kaggle_shopping
13130,Jewelry,Fossil,Accessories,31.0,16.41401794832639,25.91165443601882,1,25.91165443601882,Winter,2024,1,True,kaggle_shopping
13231,Dress,Zara,Men's Fashion,79.0,25.185834589127772,59.10319067458906,1,59.10319067458906,Winter,2024,1,True,kaggle_shopping
13332,Jacket,Columbia,Women's Fashion,67.0,17.92668765051917,54.98911927415216,1,54.98911927415216,Summer,2024,8,True,kaggle_shopping
13433,Pants,H&M,Men's Fashion,38.0,28.263590734554885,27.259835520869142,1,27.259835520869142,Summer,2024,8,True,kaggle_shopping
13534,T-shirt,Gap,Men's Fashion,91.0,28.960569551632997,64.64588170801397,1,64.64588170801397,Spring,2024,3,True,kaggle_shopping
13635,Blouse,Zara,Men's Fashion,33.0,15.649287786523903,27.83573503044711,1,27.83573503044711,Summer,2024,8,True,kaggle_shopping
13736,T-shirt,Forever 21,Men's Fashion,69.0,27.696757726404734,49.88923716878073,1,49.88923716878073,Winter,2024,1,True,kaggle_shopping
13837,Jeans,Forever 21,Men's Fashion,45.0,18.188266292646947,36.815280168308874,1,36.815280168308874,Summer,2024,8,True,kaggle_shopping
13938,Dress,Gap,Men's Fashion,37.0,29.544426803035716,26.068562082876785,1,26.068562082876785,Winter,2024,1,True,kaggle_shopping
14039,Pants,Uniqlo,Men's Fashion,60.0,26.480101200410253,44.11193927975385,1,44.11193927975385,Summer,2024,8,True,kaggle_shopping
14140,Handbag,Coach,Accessories,76.0,22.006570834149475,59.275006166046396,1,59.275006166046396,Winter,2024,1,True,kaggle_shopping
14241,Scarf,Michael Kors,Accessories,39.0,15.551341096992523,32.93497697217292,1,32.93497697217292,Spring,2024,3,True,kaggle_shopping
14342,Coat,North Face,Women's Fashion,100.0,18.282097376233374,81.71790262376662,1,81.71790262376662,Spring,2024,3,True,kaggle_shopping
14443,Scarf,Fossil,Accessories,69.0,22.10410129446383,53.748170106819956,1,53.748170106819956,Fall,2024,9,True,kaggle_shopping
14544,Hat,Fossil,Accessories,53.0,22.056583274097257,41.310010864728454,1,41.310010864728454,Summer,2024,8,True,kaggle_shopping
14645,Socks,Forever 21,Men's Fashion,21.0,17.184693611958227,17.391214341488773,1,17.391214341488773,Fall,2024,9,True,kaggle_shopping
14746,Shirt,H&M,Men's Fashion,43.0,25.51738455055149,32.02752464326286,1,32.02752464326286,Summer,2024,8,True,kaggle_shopping
14847,Jewelry,Kate Spade,Accessories,54.0,28.995977858549523,38.342171956383254,1,38.342171956383254,Winter,2024,1,True,kaggle_shopping
14948,Shirt,Gap,Men's Fashion,55.0,26.450604451245084,40.4521675518152,1,40.4521675518152,Summer,2024,8,True,kaggle_shopping
15049,Hoodie,Uniqlo,Men's Fashion,30.0,22.293944924036065,23.31181652278918,1,23.31181652278918,Spring,2024,3,True,kaggle_shopping
15150,Blouse,H&M,Men's Fashion,28.0,22.775019838973996,21.62299444508728,1,21.62299444508728,Spring,2024,3,True,kaggle_shopping
15251,Skirt,Forever 21,Men's Fashion,59.0,23.527006804869607,45.11906598512693,1,45.11906598512693,Winter,2024,1,True,kaggle_shopping
15352,T-shirt,Uniqlo,Men's Fashion,20.0,23.747176448891647,15.25056471022167,1,15.25056471022167,Summer,2024,8,True,kaggle_shopping
15453,Skirt,H&M,Men's Fashion,24.0,17.617256141370245,19.771858526071142,1,19.771858526071142,Winter,2024,1,True,kaggle_shopping
15554,Coat,Canada Goose,Women's Fashion,94.0,22.197497873090136,73.13435199929528,1,73.13435199929528,Summer,2024,8,True,kaggle_shopping
15655,Jacket,Canada Goose,Women's Fashion,28.0,26.47447832933109,20.587146067787295,1,20.587146067787295,Winter,2024,1,True,kaggle_shopping
15756,Backpack,Fossil,Accessories,73.0,23.979148583216325,55.49522153425208,1,55.49522153425208,Summer,2024,8,True,kaggle_shopping
15857,Coat,Patagonia,Women's Fashion,64.0,28.99421110487589,45.44370489287943,1,45.44370489287943,Summer,2024,8,True,kaggle_shopping
15958,Hoodie,H&M,Men's Fashion,54.0,26.708555338346795,39.57738011729273,1,39.57738011729273,Summer,2024,8,True,kaggle_shopping
16059,Belt,Kate Spade,Accessories,79.0,15.228509119321792,66.96947779573578,1,66.96947779573578,Spring,2024,3,True,kaggle_shopping
16160,Sweater,Forever 21,Men's Fashion,37.0,26.832724881152682,27.071891793973506,1,27.071891793973506,Summer,2024,8,True,kaggle_shopping
16261,Scarf,Fossil,Accessories,68.0,17.97305906787223,55.77831983384688,1,55.77831983384688,Winter,2024,1,True,kaggle_shopping
16362,Sneakers,Puma,Footwear,21.0,25.155678095762855,15.7173075998898,1,15.7173075998898,Spring,2024,3,True,kaggle_shopping
16463,Sunglasses,Fossil,Accessories,79.0,20.7743278249388,62.588281018298346,1,62.588281018298346,Winter,2024,1,True,kaggle_shopping
16564,Boots,Adidas,Footwear,83.0,20.69497312620407,65.82317230525062,1,65.82317230525062,Fall,2024,9,True,kaggle_shopping
16665,Backpack,Kate Spade,Accessories,36.0,29.76879774979603,25.28323281007343,1,25.28323281007343,Spring,2024,3,True,kaggle_shopping
16766,Blouse,Forever 21,Men's Fashion,94.0,21.479779151235284,73.80900759783883,1,73.80900759783883,Winter,2024,1,True,kaggle_shopping
16867,Coat,Canada Goose,Women's Fashion,33.0,28.010813227454964,23.756431634939865,1,23.756431634939865,Winter,2024,1,True,kaggle_shopping
16968,Handbag,Fossil,Accessories,46.0,18.798011313717172,37.352914795690104,1,37.352914795690104,Summer,2024,8,True,kaggle_shopping
17069,Belt,Fossil,Accessories,70.0,29.087776923795197,49.638556153343366,1,49.638556153343366,Summer,2024,8,True,kaggle_shopping
17170,Belt,Fossil,Accessories,29.0,20.05937608955355,23.18278093402947,1,23.18278093402947,Fall,2024,9,True,kaggle_shopping
17271,Dress,H&M,Men's Fashion,48.0,26.43141518367358,35.31292071183668,1,35.31292071183668,Summer,2024,8,True,kaggle_shopping
17372,Dress,Gap,Men's Fashion,26.0,26.239983182400238,19.17760437257594,1,19.17760437257594,Winter,2024,1,True,kaggle_shopping
17473,Pants,Gap,Men's Fashion,85.0,24.661829282593253,64.03744510979574,1,64.03744510979574,Spring,2024,3,True,kaggle_shopping
17574,Gloves,Fossil,Accessories,58.0,18.93788265533696,47.01602805990456,1,47.01602805990456,Spring,2024,3,True,kaggle_shopping
17675,Scarf,Fossil,Accessories,85.0,27.550215775677486,61.58231659067413,1,61.58231659067413,Summer,2024,8,True,kaggle_shopping
17776,Hat,Coach,Accessories,43.0,24.84470882624808,32.31677520471333,1,32.31677520471333,Summer,2024,8,True,kaggle_shopping
17877,Dress,H&M,Men's Fashion,53.0,19.571412933572525,42.62715114520657,1,42.62715114520657,Summer,2024,8,True,kaggle_shopping
17978,Skirt,Forever 21,Men's Fashion,91.0,25.63106723334822,67.67572881765311,1,67.67572881765311,Spring,2024,3,True,kaggle_shopping
18079,Jacket,Canada Goose,Women's Fashion,96.0,15.155505443251819,81.45071477447826,1,81.45071477447826,Winter,2024,1,True,kaggle_shopping
18180,Sandals,Nike,Footwear,72.0,28.150341119444956,51.73175439399963,1,51.73175439399963,Summer,2024,8,True,kaggle_shopping
18281,Shoes,Nike,Footwear,96.0,22.456821671216034,74.44145119563261,1,74.44145119563261,Summer,2024,8,True,kaggle_shopping
18382,Pants,H&M,Men's Fashion,28.0,27.36010704165576,20.339170028336387,1,20.339170028336387,Spring,2024,3,True,kaggle_shopping
18483,Dress,Zara,Men's Fashion,40.0,27.548232520935745,28.980706991625702,1,28.980706991625702,Summer,2024,8,True,kaggle_shopping
18584,Coat,Patagonia,Women's Fashion,32.0,17.24119327225775,26.48281815287752,1,26.48281815287752,Spring,2024,3,True,kaggle_shopping
18685,Sunglasses,Kate Spade,Accessories,95.0,28.495985080807984,67.92881417323241,1,67.92881417323241,Winter,2024,1,True,kaggle_shopping
18786,Hoodie,Uniqlo,Men's Fashion,41.0,21.45865655632352,32.20195081190736,1,32.20195081190736,Spring,2024,3,True,kaggle_shopping
18887,Shoes,Adidas,Footwear,53.0,27.018386296539774,38.68025526283392,1,38.68025526283392,Fall,2024,9,True,kaggle_shopping
18988,T-shirt,H&M,Men's Fashion,47.0,18.700664582922087,38.21068764602662,1,38.21068764602662,Fall,2024,9,True,kaggle_shopping
19089,Jacket,Patagonia,Women's Fashion,83.0,26.58445526709199,60.93490212831365,1,60.93490212831365,Fall,2024,9,True,kaggle_shopping
19190,Hat,Fossil,Accessories,48.0,17.8917020475483,39.411983017176816,1,39.411983017176816,Summer,2024,8,True,kaggle_shopping
19291,Scarf,Fossil,Accessories,99.0,28.490747620770463,70.79415985543724,1,70.79415985543724,Winter,2024,1,True,kaggle_shopping
19392,Jacket,Columbia,Women's Fashion,87.0,27.528803687916156,63.04994079151295,1,63.04994079151295,Winter,2024,1,True,kaggle_shopping
19493,Sweater,Forever 21,Men's Fashion,62.0,16.14762431143608,51.98847292690963,1,51.98847292690963,Fall,2024,9,True,kaggle_shopping
19594,Skirt,Uniqlo,Men's Fashion,76.0,23.636582964934615,58.03619694664969,1,58.03619694664969,Spring,2024,3,True,kaggle_shopping
19695,Sneakers,Nike,Footwear,100.0,17.798671901723676,82.20132809827632,1,82.20132809827632,Fall,2024,9,True,kaggle_shopping
19796,Gloves,Coach,Accessories,73.0,27.97850520212522,52.575691202448596,1,52.575691202448596,Spring,2024,3,True,kaggle_shopping
19897,Shoes,New Balance,Footwear,92.0,28.215565541396323,66.04167970191538,1,66.04167970191538,Winter,2024,1,True,kaggle_shopping
19998,Jeans,Gap,Men's Fashion,67.0,27.253793315788823,48.73995847842149,1,48.73995847842149,Spring,2024,3,True,kaggle_shopping
20099,Hoodie,Uniqlo,Men's Fashion,40.0,27.419171108929575,29.03233155642817,1,29.03233155642817,Summer,2024,8,True,kaggle_shopping
20100,Sunglasses,Kate Spade,Accessories,98.0,23.236333640691544,75.22839303212228,1,75.22839303212228,Fall,2024,9,True,kaggle_shopping
20201,Coat,Canada Goose,Women's Fashion,85.0,29.249273671351432,60.13811737935128,1,60.13811737935128,Spring,2024,3,True,kaggle_shopping
20302,Socks,Uniqlo,Men's Fashion,67.0,29.96810334440586,46.92137075924807,1,46.92137075924807,Winter,2024,1,True,kaggle_shopping
20403,Boots,Nike,Footwear,89.0,24.483869261163065,67.20935635756487,1,67.20935635756487,Winter,2024,1,True,kaggle_shopping
20504,Sunglasses,Fossil,Accessories,24.0,20.213976048518155,19.14864574835564,1,19.14864574835564,Spring,2024,3,True,kaggle_shopping
20605,Backpack,Coach,Accessories,96.0,29.644053216184922,67.54170891246247,1,67.54170891246247,Fall,2024,9,True,kaggle_shopping
20706,Jacket,Canada Goose,Women's Fashion,35.0,23.201044685469824,26.879634360085564,1,26.879634360085564,Summer,2024,8,True,kaggle_shopping
20807,Sneakers,Adidas,Footwear,67.0,27.244716529446137,48.74603992527109,1,48.74603992527109,Winter,2024,1,True,kaggle_shopping
20908,Socks,H&M,Men's Fashion,79.0,22.772839764057622,61.009456586394485,1,61.009456586394485,Spring,2024,3,True,kaggle_shopping
21009,T-shirt,Zara,Men's Fashion,85.0,18.69728626896488,69.10730667137986,1,69.10730667137986,Spring,2024,3,True,kaggle_shopping
21110,Backpack,Michael Kors,Accessories,26.0,19.571955188683784,20.911291650942214,1,20.911291650942214,Summer,2024,8,True,kaggle_shopping
21211,Belt,Michael Kors,Accessories,75.0,18.984498976887114,60.76162576733467,1,60.76162576733467,Summer,2024,8,True,kaggle_shopping
21312,Gloves,Kate Spade,Accessories,65.0,20.561016081325462,51.63533954713845,1,51.63533954713845,Spring,2024,3,True,kaggle_shopping
21413,Hat,Coach,Accessories,54.0,22.399115835651244,41.90447744874833,1,41.90447744874833,Winter,2024,1,True,kaggle_shopping
21514,Coat,North Face,Women's Fashion,95.0,26.451958137414202,69.87063976945652,1,69.87063976945652,Summer,2024,8,True,kaggle_shopping
21615,Skirt,Forever 21,Men's Fashion,94.0,20.14374952321547,75.06487544817746,1,75.06487544817746,Spring,2024,3,True,kaggle_shopping
21716,Shoes,Puma,Footwear,86.0,21.85763001484859,67.20243818723021,1,67.20243818723021,Spring,2024,3,True,kaggle_shopping
21817,Sandals,Nike,Footwear,32.0,29.629208997876724,22.51865312067945,1,22.51865312067945,Summer,2024,8,True,kaggle_shopping
21918,Sweater,Forever 21,Men's Fashion,45.0,20.139297800836875,35.93731598962341,1,35.93731598962341,Fall,2024,9,True,kaggle_shopping
22019,Coat,Columbia,Women's Fashion,76.0,22.233044193547006,59.102886412904276,1,59.102886412904276,Fall,2024,9,True,kaggle_shopping
22120,Hat,Michael Kors,Accessories,84.0,15.831801683802626,70.7012865856058,1,70.7012865856058,Summer,2024,8,True,kaggle_shopping
22221,Shorts,Forever 21,Men's Fashion,72.0,26.846751279052413,52.67033907908227,1,52.67033907908227,Winter,2024,1,True,kaggle_shopping
22322,Backpack,Fossil,Accessories,40.0,20.638646967285258,31.744541213085895,1,31.744541213085895,Spring,2024,3,True,kaggle_shopping
22423,Sweater,H&M,Men's Fashion,89.0,26.349666724120013,65.54879661553319,1,65.54879661553319,Fall,2024,9,True,kaggle_shopping
22524,Sweater,Uniqlo,Men's Fashion,86.0,27.77033498655541,62.117511911562346,1,62.117511911562346,Spring,2024,3,True,kaggle_shopping
22625,Shorts,Uniqlo,Men's Fashion,54.0,25.421273593645182,40.2725122594316,1,40.2725122594316,Winter,2024,1,True,kaggle_shopping
22726,Shorts,Zara,Men's Fashion,36.0,28.73339516866143,25.655977739281887,1,25.655977739281887,Spring,2024,3,True,kaggle_shopping
22827,Sweater,H&M,Men's Fashion,89.0,24.366386475442575,67.3139160368561,1,67.3139160368561,Winter,2024,1,True,kaggle_shopping
22928,Scarf,Michael Kors,Accessories,32.0,28.473620137806627,22.888441555901878,1,22.888441555901878,Spring,2024,3,True,kaggle_shopping
23029,Dress,Forever 21,Men's Fashion,67.0,22.24100423407776,52.0985271631679,1,52.0985271631679,Summer,2024,8,True,kaggle_shopping
23130,Scarf,Michael Kors,Accessories,39.0,28.374459997036233,27.93396060115587,1,27.93396060115587,Fall,2024,9,True,kaggle_shopping
23231,Skirt,H&M,Men's Fashion,29.0,21.907861771842757,22.646720086165598,1,22.646720086165598,Summer,2024,8,True,kaggle_shopping
23332,Backpack,Coach,Accessories,58.0,15.268942100570708,49.14401358166899,1,49.14401358166899,Fall,2024,9,True,kaggle_shopping
23433,Sweater,H&M,Men's Fashion,65.0,17.730178400240398,53.47538403984374,1,53.47538403984374,Winter,2024,1,True,kaggle_shopping
23534,Hat,Kate Spade,Accessories,94.0,23.237915319448874,72.15635959971806,1,72.15635959971806,Fall,2024,9,True,kaggle_shopping
23635,Sandals,Converse,Footwear,81.0,25.662136082074802,60.213669773519406,1,60.213669773519406,Fall,2024,9,True,kaggle_shopping
23736,Blouse,Uniqlo,Men's Fashion,86.0,26.897070805238936,62.86851910749452,1,62.86851910749452,Winter,2024,1,True,kaggle_shopping
23837,Sneakers,Nike,Footwear,43.0,17.387899947988096,35.52320302236512,1,35.52320302236512,Spring,2024,3,True,kaggle_shopping
23938,Skirt,Gap,Men's Fashion,29.0,24.687344484682995,21.840670099441933,1,21.840670099441933,Winter,2024,1,True,kaggle_shopping
24039,Coat,Columbia,Women's Fashion,95.0,17.044832615830394,78.80740901496112,1,78.80740901496112,Fall,2024,9,True,kaggle_shopping
24140,Shirt,Zara,Men's Fashion,28.0,18.1598356562036,22.91524601626299,1,22.91524601626299,Fall,2024,9,True,kaggle_shopping
24241,Gloves,Kate Spade,Accessories,46.0,18.675943678394553,37.409065907938505,1,37.409065907938505,Fall,2024,9,True,kaggle_shopping
24342,Jacket,Columbia,Women's Fashion,58.0,17.581766226216033,47.8025755887947,1,47.8025755887947,Fall,2024,9,True,kaggle_shopping
24443,Coat,Canada Goose,Women's Fashion,48.0,25.640321057554146,35.69264589237402,1,35.69264589237402,Fall,2024,9,True,kaggle_shopping
24544,Shoes,Puma,Footwear,43.0,29.07576356133383,30.49742166862645,1,30.49742166862645,Fall,2024,9,True,kaggle_shopping
24645,Jewelry,Michael Kors,Accessories,95.0,17.19900304259724,78.66094710953263,1,78.66094710953263,Fall,2024,9,True,kaggle_shopping
24746,Skirt,H&M,Men's Fashion,30.0,17.93543880245553,24.61936835926334,1,24.61936835926334,Fall,2024,9,True,kaggle_shopping
24847,Shoes,Adidas,Footwear,64.0,24.898800116660297,48.06476792533741,1,48.06476792533741,Summer,2024,8,True,kaggle_shopping
24948,Gloves,Coach,Accessories,90.0,16.660056566532205,75.00594909012102,1,75.00594909012102,Fall,2024,9,True,kaggle_shopping
25049,Pants,Forever 21,Men's Fashion,76.0,28.40780328119428,54.41006950629235,1,54.41006950629235,Summer,2024,8,True,kaggle_shopping
25150,Boots,Puma,Footwear,96.0,19.790807044529906,77.00082523725129,1,77.00082523725129,Fall,2024,9,True,kaggle_shopping
25251,Sunglasses,Fossil,Accessories,47.0,29.507956740648723,33.1312603318951,1,33.1312603318951,Fall,2024,9,True,kaggle_shopping
25352,Shirt,Uniqlo,Men's Fashion,85.0,16.429852311891796,71.03462553489197,1,71.03462553489197,Summer,2024,8,True,kaggle_shopping
25453,Hoodie,Zara,Men's Fashion,55.0,27.80524741452425,39.707113922011665,1,39.707113922011665,Winter,2024,1,True,kaggle_shopping
25554,Dress,Uniqlo,Men's Fashion,98.0,27.808830771938837,70.74734584349994,1,70.74734584349994,Fall,2024,9,True,kaggle_shopping
25655,Socks,Forever 21,Men's Fashion,77.0,20.308153546952685,61.362721768846434,1,61.362721768846434,Spring,2024,3,True,kaggle_shopping
25756,Shorts,Zara,Men's Fashion,26.0,17.508908014693873,21.447683916179592,1,21.447683916179592,Fall,2024,9,True,kaggle_shopping
25857,Hat,Fossil,Accessories,68.0,24.485971989486934,51.34953904714889,1,51.34953904714889,Fall,2024,9,True,kaggle_shopping
25958,Shirt,Uniqlo,Men's Fashion,73.0,18.853268924398087,59.23711368518939,1,59.23711368518939,Fall,2024,9,True,kaggle_shopping
26059,Gloves,Kate Spade,Accessories,27.0,21.628196060061036,21.16038706378352,1,21.16038706378352,Fall,2024,9,True,kaggle_shopping
26160,Gloves,Fossil,Accessories,23.0,16.084723389864017,19.300513620331277,1,19.300513620331277,Summer,2024,8,True,kaggle_shopping
26261,Backpack,Fossil,Accessories,49.0,21.90599670360386,38.26606161523411,1,38.26606161523411,Fall,2024,9,True,kaggle_shopping
26362,Sunglasses,Fossil,Accessories,74.0,23.84478149789595,56.354861691557,1,56.354861691557,Summer,2024,8,True,kaggle_shopping
26463,Skirt,Zara,Men's Fashion,67.0,26.221961244988663,49.4312859658576,1,49.4312859658576,Summer,2024,8,True,kaggle_shopping
26564,Handbag,Fossil,Accessories,65.0,23.559267887405905,49.68647587318617,1,49.68647587318617,Spring,2024,3,True,kaggle_shopping
26665,Handbag,Fossil,Accessories,60.0,15.98971043929912,50.40617373642053,1,50.40617373642053,Winter,2024,1,True,kaggle_shopping
26766,Sneakers,Nike,Footwear,31.0,25.600803359722313,23.063750958486082,1,23.063750958486082,Fall,2024,9,True,kaggle_shopping
26867,Gloves,Michael Kors,Accessories,27.0,29.22845755842385,19.108316459225563,1,19.108316459225563,Fall,2024,9,True,kaggle_shopping
26968,Shoes,Nike,Footwear,80.0,23.322254449564994,61.342196440348005,1,61.342196440348005,Summer,2024,8,True,kaggle_shopping
27069,Jacket,Columbia,Women's Fashion,30.0,21.633310805842374,23.510006758247286,1,23.510006758247286,Summer,2024,8,True,kaggle_shopping
27170,Shirt,Uniqlo,Men's Fashion,25.0,27.607473404830266,18.09813164879243,1,18.09813164879243,Fall,2024,9,True,kaggle_shopping
27271,Shorts,Zara,Men's Fashion,35.0,24.02743509735177,26.59039771592688,1,26.59039771592688,Summer,2024,8,True,kaggle_shopping
27372,Jewelry,Fossil,Accessories,67.0,20.354344933368697,53.362588894642975,1,53.362588894642975,Summer,2024,8,True,kaggle_shopping
27473,Hat,Fossil,Accessories,46.0,27.272027708595314,33.45486725404616,1,33.45486725404616,Fall,2024,9,True,kaggle_shopping
27574,Shoes,Converse,Footwear,35.0,20.402194574180967,27.85923189903666,1,27.85923189903666,Winter,2024,1,True,kaggle_shopping
27675,Coat,Columbia,Women's Fashion,86.0,27.63149169545014,62.23691714191288,1,62.23691714191288,Fall,2024,9,True,kaggle_shopping
27776,Backpack,Michael Kors,Accessories,81.0,21.551015343627732,63.54367757166153,1,63.54367757166153,Spring,2024,3,True,kaggle_shopping
27877,Hoodie,Uniqlo,Men's Fashion,42.0,26.480766171657486,30.878078207903854,1,30.878078207903854,Fall,2024,9,True,kaggle_shopping
27978,Skirt,H&M,Men's Fashion,43.0,16.19140843297492,36.037694373820784,1,36.037694373820784,Fall,2024,9,True,kaggle_shopping
28079,Boots,Adidas,Footwear,31.0,15.251084854447383,26.27216369512131,1,26.27216369512131,Fall,2024,9,True,kaggle_shopping
28180,Sandals,Adidas,Footwear,81.0,18.882375402416386,65.70527592404272,1,65.70527592404272,Fall,2024,9,True,kaggle_shopping
28281,Pants,Gap,Men's Fashion,61.0,15.871628315866683,51.31830672732132,1,51.31830672732132,Summer,2024,8,True,kaggle_shopping
28382,Gloves,Kate Spade,Accessories,96.0,17.42648628208887,79.27057316919468,1,79.27057316919468,Summer,2024,8,True,kaggle_shopping
28483,Skirt,Gap,Men's Fashion,29.0,19.276288044776024,23.409876467014954,1,23.409876467014954,Spring,2024,3,True,kaggle_shopping
28584,Sneakers,New Balance,Footwear,33.0,22.031333410122848,25.729659974659462,1,25.729659974659462,Spring,2024,3,True,kaggle_shopping
28685,T-shirt,Uniqlo,Men's Fashion,32.0,17.41838988558122,26.42611523661401,1,26.42611523661401,Summer,2024,8,True,kaggle_shopping
28786,Backpack,Fossil,Accessories,56.0,17.318698996764265,46.30152856181201,1,46.30152856181201,Summer,2024,8,True,kaggle_shopping
28887,Shoes,New Balance,Footwear,94.0,23.322962780553507,72.0764149862797,1,72.0764149862797,Spring,2024,3,True,kaggle_shopping
28988,Hoodie,Uniqlo,Men's Fashion,53.0,29.461554009866163,37.385376374770935,1,37.385376374770935,Spring,2024,3,True,kaggle_shopping
29089,Blouse,Forever 21,Men's Fashion,82.0,16.791683249840077,68.23081973513113,1,68.23081973513113,Fall,2024,9,True,kaggle_shopping
29190,Coat,Canada Goose,Women's Fashion,70.0,28.17073116639054,50.28048818352662,1,50.28048818352662,Fall,2024,9,True,kaggle_shopping
29291,Hat,Michael Kors,Accessories,76.0,17.684417923062995,62.559842378472126,1,62.559842378472126,Fall,2024,9,True,kaggle_shopping
29392,Shoes,Puma,Footwear,29.0,18.498381386049612,23.63546939804561,1,23.63546939804561,Summer,2024,8,True,kaggle_shopping
29493,Belt,Coach,Accessories,100.0,15.340103666894905,84.6598963331051,1,84.6598963331051,Fall,2024,9,True,kaggle_shopping
29594,Backpack,Fossil,Accessories,94.0,15.727635637647309,79.21602250061153,1,79.21602250061153,Spring,2024,3,True,kaggle_shopping
29695,Jacket,Columbia,Women's Fashion,25.0,21.1563452107264,19.7109136973184,1,19.7109136973184,Fall,2024,9,True,kaggle_shopping
29796,Boots,Adidas,Footwear,88.0,26.796124063813625,64.41941082384402,1,64.41941082384402,Summer,2024,8,True,kaggle_shopping
29897,Scarf,Fossil,Accessories,78.0,15.714041819447953,65.74304738083059,1,65.74304738083059,Fall,2024,9,True,kaggle_shopping
29998,Jewelry,Kate Spade,Accessories,45.0,15.787266854989706,37.895729915254634,1,37.895729915254634,Winter,2024,1,True,kaggle_shopping
30099,Hat,Michael Kors,Accessories,73.0,21.638836185652675,57.203649584473546,1,57.203649584473546,Summer,2024,8,True,kaggle_shopping
30100,Dress,H&M,Men's Fashion,61.0,24.238676990882617,46.21440703556161,1,46.21440703556161,Summer,2024,8,True,kaggle_shopping
30201,Blouse,Zara,Men's Fashion,22.0,23.136600730859236,16.909947839210968,1,16.909947839210968,Fall,2024,9,True,kaggle_shopping
30302,Hat,Kate Spade,Accessories,38.0,25.23937973313786,28.409035701407614,1,28.409035701407614,Spring,2024,3,True,kaggle_shopping
30403,Scarf,Kate Spade,Accessories,38.0,25.172958668181654,28.434275706090972,1,28.434275706090972,Fall,2024,9,True,kaggle_shopping
30504,Sneakers,Converse,Footwear,100.0,20.140045975964885,79.85995402403512,1,79.85995402403512,Fall,2024,9,True,kaggle_shopping
30605,Shirt,Zara,Men's Fashion,64.0,26.879420239598968,46.79717104665666,1,46.79717104665666,Winter,2024,1,True,kaggle_shopping
30706,T-shirt,H&M,Men's Fashion,55.0,22.8951533673898,42.40766564793561,1,42.40766564793561,Summer,2024,8,True,kaggle_shopping
30807,Gloves,Michael Kors,Accessories,91.0,20.97973305013933,71.90844292437322,1,71.90844292437322,Summer,2024,8,True,kaggle_shopping
30908,Skirt,Zara,Men's Fashion,38.0,26.3699402254056,27.979422714345873,1,27.979422714345873,Spring,2024,3,True,kaggle_shopping
31009,Sandals,Puma,Footwear,97.0,25.51766300099009,72.2478668890396,1,72.2478668890396,Winter,2024,1,True,kaggle_shopping
31110,Jacket,Canada Goose,Women's Fashion,22.0,17.230139606668466,18.20936928653294,1,18.20936928653294,Fall,2024,9,True,kaggle_shopping
31211,Skirt,Zara,Men's Fashion,92.0,25.64188111408721,68.40946937503978,1,68.40946937503978,Fall,2024,9,True,kaggle_shopping
31312,Handbag,Fossil,Accessories,84.0,23.017702450292926,64.66512994175393,1,64.66512994175393,Fall,2024,9,True,kaggle_shopping
31413,Handbag,Kate Spade,Accessories,93.0,25.835686486945868,68.97281156714034,1,68.97281156714034,Fall,2024,9,True,kaggle_shopping
31514,Jacket,Patagonia,Women's Fashion,50.0,16.34063830531386,41.82968084734307,1,41.82968084734307,Summer,2024,8,True,kaggle_shopping
31615,Scarf,Michael Kors,Accessories,64.0,27.579485652041072,46.349129182693716,1,46.349129182693716,Spring,2024,3,True,kaggle_shopping
31716,Shorts,Zara,Men's Fashion,61.0,29.603303771949065,42.941984699111075,1,42.941984699111075,Spring,2024,3,True,kaggle_shopping
31817,Sunglasses,Coach,Accessories,48.0,21.64956636356804,37.60820814548734,1,37.60820814548734,Winter,2024,1,True,kaggle_shopping
31918,T-shirt,Zara,Men's Fashion,45.0,17.72220913995639,37.025005887019624,1,37.025005887019624,Spring,2024,3,True,kaggle_shopping
32019,Belt,Fossil,Accessories,88.0,16.251091906336445,73.69903912242393,1,73.69903912242393,Spring,2024,3,True,kaggle_shopping
32120,Sneakers,Nike,Footwear,57.0,25.30463696262736,42.576356931302406,1,42.576356931302406,Spring,2024,3,True,kaggle_shopping
32221,Hat,Kate Spade,Accessories,68.0,24.222157473636933,51.52893291792689,1,51.52893291792689,Summer,2024,8,True,kaggle_shopping
32322,Gloves,Michael Kors,Accessories,94.0,26.145305423076117,69.42341290230846,1,69.42341290230846,Spring,2024,3,True,kaggle_shopping
32423,Pants,Gap,Men's Fashion,41.0,20.86001106528655,32.44739546323252,1,32.44739546323252,Spring,2024,3,True,kaggle_shopping
32524,Socks,Uniqlo,Men's Fashion,83.0,16.382712895228202,69.4023482969606,1,69.4023482969606,Summer,2024,8,True,kaggle_shopping
32625,Jacket,North Face,Women's Fashion,22.0,28.454218643699658,15.740071898386075,1,15.740071898386075,Spring,2024,3,True,kaggle_shopping
32726,Shoes,Adidas,Footwear,74.0,20.98691980398985,58.46967934504752,1,58.46967934504752,Spring,2024,3,True,kaggle_shopping
32827,Jeans,Gap,Men's Fashion,90.0,24.334038964855665,68.0993649316299,1,68.0993649316299,Winter,2024,1,True,kaggle_shopping
32928,Socks,Uniqlo,Men's Fashion,79.0,15.309561165923336,66.90544667892057,1,66.90544667892057,Spring,2024,3,True,kaggle_shopping
33029,Sandals,Converse,Footwear,28.0,24.80774966306788,21.053830094340995,1,21.053830094340995,Spring,2024,3,True,kaggle_shopping
33130,Scarf,Kate Spade,Accessories,88.0,23.635831305235563,67.20046845139271,1,67.20046845139271,Fall,2024,9,True,kaggle_shopping
33231,Blouse,H&M,Men's Fashion,26.0,27.661943574532366,18.807894670621586,1,18.807894670621586,Spring,2024,3,True,kaggle_shopping
33332,Jewelry,Michael Kors,Accessories,27.0,20.692870849739197,21.412924870570418,1,21.412924870570418,Winter,2024,1,True,kaggle_shopping
33433,Sweater,Forever 21,Men's Fashion,83.0,26.577557925902784,60.94062692150069,1,60.94062692150069,Fall,2024,9,True,kaggle_shopping
33534,Gloves,Fossil,Accessories,39.0,21.884533300481056,30.465032012812387,1,30.465032012812387,Summer,2024,8,True,kaggle_shopping
33635,Sunglasses,Michael Kors,Accessories,89.0,27.042321052598723,64.93233426318714,1,64.93233426318714,Winter,2024,1,True,kaggle_shopping
33736,Coat,Patagonia,Women's Fashion,68.0,20.699149949412863,53.924578034399254,1,53.924578034399254,Winter,2024,1,True,kaggle_shopping
33837,Dress,H&M,Men's Fashion,90.0,24.31528985290982,68.11623913238115,1,68.11623913238115,Summer,2024,8,True,kaggle_shopping
33938,Skirt,H&M,Men's Fashion,34.0,17.125558783147063,28.177310013729997,1,28.177310013729997,Fall,2024,9,True,kaggle_shopping
34039,Pants,Zara,Men's Fashion,51.0,20.447177997494464,40.57193922127782,1,40.57193922127782,Summer,2024,8,True,kaggle_shopping
34140,Sweater,H&M,Men's Fashion,45.0,18.066414598771978,36.870113430552614,1,36.870113430552614,Winter,2024,1,True,kaggle_shopping
34241,Hoodie,Uniqlo,Men's Fashion,88.0,21.604937608286356,68.98765490470801,1,68.98765490470801,Winter,2024,1,True,kaggle_shopping
34342,Coat,Canada Goose,Women's Fashion,85.0,16.45013544070009,71.01738487540493,1,71.01738487540493,Summer,2024,8,True,kaggle_shopping
34443,Jewelry,Fossil,Accessories,100.0,26.698571639105246,73.30142836089475,1,73.30142836089475,Winter,2024,1,True,kaggle_shopping
34544,Belt,Kate Spade,Accessories,42.0,25.62912706231135,31.235766633829233,1,31.235766633829233,Spring,2024,3,True,kaggle_shopping
34645,Sandals,Converse,Footwear,53.0,26.703654149313365,38.847063300863915,1,38.847063300863915,Summer,2024,8,True,kaggle_shopping
34746,Sunglasses,Michael Kors,Accessories,86.0,23.23392470150707,66.01882475670392,1,66.01882475670392,Spring,2024,3,True,kaggle_shopping
34847,Sweater,Gap,Men's Fashion,66.0,20.15623127914315,52.696887355765526,1,52.696887355765526,Spring,2024,3,True,kaggle_shopping
34948,Belt,Fossil,Accessories,100.0,17.242603786731273,82.75739621326873,1,82.75739621326873,Winter,2024,1,True,kaggle_shopping
35049,Handbag,Fossil,Accessories,47.0,26.16120968974425,34.704231445820206,1,34.704231445820206,Fall,2024,9,True,kaggle_shopping
35150,Skirt,Zara,Men's Fashion,25.0,18.689020107233667,20.32774497319158,1,20.32774497319158,Fall,2024,9,True,kaggle_shopping
35251,Handbag,Kate Spade,Accessories,51.0,24.35808463971983,38.57737683374288,1,38.57737683374288,Winter,2024,1,True,kaggle_shopping
35352,Shorts,H&M,Men's Fashion,41.0,28.47554732257484,29.325025597744315,1,29.325025597744315,Summer,2024,8,True,kaggle_shopping
35453,Boots,Puma,Footwear,73.0,18.307957571380516,59.635190972892225,1,59.635190972892225,Winter,2024,1,True,kaggle_shopping
35554,Sunglasses,Michael Kors,Accessories,42.0,17.589269368743082,34.612506865127905,1,34.612506865127905,Winter,2024,1,True,kaggle_shopping
35655,Scarf,Kate Spade,Accessories,20.0,21.13809227776388,15.772381544447223,1,15.772381544447223,Spring,2024,3,True,kaggle_shopping
35756,Jewelry,Coach,Accessories,30.0,19.52610293507611,24.142169119477167,1,24.142169119477167,Spring,2024,3,True,kaggle_shopping
35857,Handbag,Fossil,Accessories,53.0,16.059752431396255,44.488331211359984,1,44.488331211359984,Summer,2024,8,True,kaggle_shopping
35958,Gloves,Michael Kors,Accessories,74.0,26.649143776254512,54.27963360557166,1,54.27963360557166,Spring,2024,3,True,kaggle_shopping
36059,Jeans,H&M,Men's Fashion,57.0,23.253638456326897,43.74542607989367,1,43.74542607989367,Fall,2024,9,True,kaggle_shopping
36160,Hat,Coach,Accessories,57.0,16.023408460175503,47.86665717769996,1,47.86665717769996,Winter,2024,1,True,kaggle_shopping
36261,Jeans,Forever 21,Men's Fashion,77.0,17.975654218262108,63.158746251938176,1,63.158746251938176,Winter,2024,1,True,kaggle_shopping
36362,Pants,Zara,Men's Fashion,40.0,25.750077464275325,29.69996901428987,1,29.69996901428987,Summer,2024,8,True,kaggle_shopping
36463,Shorts,Uniqlo,Men's Fashion,46.0,21.85300407917056,35.94761812358154,1,35.94761812358154,Summer,2024,8,True,kaggle_shopping
36564,Pants,Zara,Men's Fashion,78.0,20.936028271506,61.66989794822532,1,61.66989794822532,Fall,2024,9,True,kaggle_shopping
36665,Backpack,Fossil,Accessories,59.0,17.29307218579534,48.79708741038075,1,48.79708741038075,Spring,2024,3,True,kaggle_shopping
36766,Jewelry,Coach,Accessories,75.0,21.474016581892066,58.89448756358095,1,58.89448756358095,Summer,2024,8,True,kaggle_shopping
36867,Sweater,Zara,Men's Fashion,54.0,22.533332832283083,41.832000270567136,1,41.832000270567136,Spring,2024,3,True,kaggle_shopping
36968,Shoes,Nike,Footwear,42.0,25.401633878173314,31.33131377116721,1,31.33131377116721,Spring,2024,3,True,kaggle_shopping
37069,Blouse,Gap,Men's Fashion,44.0,20.83595493317131,34.83217982940462,1,34.83217982940462,Winter,2024,1,True,kaggle_shopping
37170,Jeans,Forever 21,Men's Fashion,52.0,22.423535009751937,40.33976179492899,1,40.33976179492899,Fall,2024,9,True,kaggle_shopping
37271,Sunglasses,Michael Kors,Accessories,69.0,18.203375918249655,56.43967061640774,1,56.43967061640774,Summer,2024,8,True,kaggle_shopping
37372,Jewelry,Coach,Accessories,26.0,17.13692052417005,21.544400663715788,1,21.544400663715788,Summer,2024,8,True,kaggle_shopping
37473,Coat,North Face,Women's Fashion,33.0,28.300013054610126,23.660995691978663,1,23.660995691978663,Spring,2024,3,True,kaggle_shopping
37574,Jewelry,Kate Spade,Accessories,32.0,17.381975865044815,26.437767723185658,1,26.437767723185658,Spring,2024,3,True,kaggle_shopping
37675,Backpack,Fossil,Accessories,85.0,26.6486183644192,62.34867439024367,1,62.34867439024367,Winter,2024,1,True,kaggle_shopping
37776,Skirt,Uniqlo,Men's Fashion,30.0,26.27959580617932,22.116121258146208,1,22.116121258146208,Fall,2024,9,True,kaggle_shopping
37877,Shirt,H&M,Men's Fashion,29.0,17.655171018805095,23.88000040454652,1,23.88000040454652,Winter,2024,1,True,kaggle_shopping
37978,Sweater,Uniqlo,Men's Fashion,95.0,19.46255649298427,76.51057133166493,1,76.51057133166493,Spring,2024,3,True,kaggle_shopping
38079,Sneakers,New Balance,Footwear,69.0,16.997049499631437,57.27203584525431,1,57.27203584525431,Summer,2024,8,True,kaggle_shopping
38180,Sandals,Puma,Footwear,69.0,16.656121592776017,57.50727610098455,1,57.50727610098455,Fall,2024,9,True,kaggle_shopping
38281,Belt,Michael Kors,Accessories,61.0,29.940529712835882,42.73627687517011,1,42.73627687517011,Spring,2024,3,True,kaggle_shopping
38382,Skirt,Gap,Men's Fashion,94.0,22.52368169491998,72.82773920677522,1,72.82773920677522,Summer,2024,8,True,kaggle_shopping
38483,Sweater,Gap,Men's Fashion,30.0,29.614605981591648,21.115618205522505,1,21.115618205522505,Fall,2024,9,True,kaggle_shopping
38584,Skirt,H&M,Men's Fashion,45.0,15.065801160445492,38.22038947779953,1,38.22038947779953,Summer,2024,8,True,kaggle_shopping
38685,Handbag,Kate Spade,Accessories,39.0,17.54173540396031,32.158723192455476,1,32.158723192455476,Summer,2024,8,True,kaggle_shopping
38786,Jewelry,Fossil,Accessories,51.0,16.74905642113228,42.45798122522254,1,42.45798122522254,Summer,2024,8,True,kaggle_shopping
38887,Scarf,Kate Spade,Accessories,37.0,24.84941760545696,27.805715485980926,1,27.805715485980926,Spring,2024,3,True,kaggle_shopping
38988,T-shirt,Gap,Men's Fashion,62.0,28.926194257162322,44.065759560559364,1,44.065759560559364,Winter,2024,1,True,kaggle_shopping
39089,Coat,Columbia,Women's Fashion,85.0,24.623549364107365,64.06998304050875,1,64.06998304050875,Fall,2024,9,True,kaggle_shopping
39190,T-shirt,Uniqlo,Men's Fashion,33.0,27.001242396585603,24.089590009126752,1,24.089590009126752,Winter,2024,1,True,kaggle_shopping
39291,Dress,Gap,Men's Fashion,26.0,20.84939116854149,20.579158296179212,1,20.579158296179212,Fall,2024,9,True,kaggle_shopping
39392,Shoes,New Balance,Footwear,99.0,24.534927737975508,74.71042153940425,1,74.71042153940425,Spring,2024,3,True,kaggle_shopping
39493,Handbag,Michael Kors,Accessories,39.0,25.699369271931232,28.977245983946815,1,28.977245983946815,Spring,2024,3,True,kaggle_shopping
39594,Skirt,Forever 21,Men's Fashion,20.0,16.186887118875966,16.762622576224807,1,16.762622576224807,Spring,2024,3,True,kaggle_shopping
39695,Sunglasses,Kate Spade,Accessories,42.0,16.30470878241227,35.152022311386844,1,35.152022311386844,Winter,2024,1,True,kaggle_shopping
39796,Sandals,Puma,Footwear,74.0,16.7704912229104,61.589836495046306,1,61.589836495046306,Spring,2024,3,True,kaggle_shopping
39897,Shoes,Adidas,Footwear,26.0,18.699466459644256,21.138138720492496,1,21.138138720492496,Summer,2024,8,True,kaggle_shopping
39998,T-shirt,Forever 21,Men's Fashion,53.0,19.480242745985066,42.675471344627915,1,42.675471344627915,Winter,2024,1,True,kaggle_shopping
40099,Sneakers,Puma,Footwear,80.0,29.646280178089963,56.28297585752803,1,56.28297585752803,Summer,2024,8,True,kaggle_shopping
40100,Hat,Coach,Accessories,98.0,17.585198654967428,80.76650531813192,1,80.76650531813192,Spring,2024,3,True,kaggle_shopping
40201,Skirt,H&M,Men's Fashion,95.0,21.67080661340284,74.4127337172673,1,74.4127337172673,Spring,2024,3,True,kaggle_shopping
40302,Sweater,Gap,Men's Fashion,44.0,22.221264704433985,34.22264353004905,1,34.22264353004905,Summer,2024,8,True,kaggle_shopping
40403,Sandals,Adidas,Footwear,60.0,19.405924426417492,48.356445344149506,1,48.356445344149506,Summer,2024,8,True,kaggle_shopping
40504,Dress,Zara,Men's Fashion,84.0,25.243297165199714,62.79563038123224,1,62.79563038123224,Winter,2024,1,True,kaggle_shopping
40605,Sweater,Forever 21,Men's Fashion,59.0,27.626217600939164,42.7005316154459,1,42.7005316154459,Fall,2024,9,True,kaggle_shopping
40706,Jacket,Columbia,Women's Fashion,49.0,22.57882395975716,37.936376259719,1,37.936376259719,Summer,2024,8,True,kaggle_shopping
40807,Gloves,Coach,Accessories,32.0,19.09407950804101,25.889894557426878,1,25.889894557426878,Winter,2024,1,True,kaggle_shopping
40908,Handbag,Coach,Accessories,29.0,20.079829540107628,23.176849433368787,1,23.176849433368787,Fall,2024,9,True,kaggle_shopping
41009,Dress,Gap,Men's Fashion,22.0,26.27573145353969,16.219339080221268,1,16.219339080221268,Spring,2024,3,True,kaggle_shopping
41110,Pants,H&M,Men's Fashion,85.0,17.8946857685096,69.78951709676684,1,69.78951709676684,Winter,2024,1,True,kaggle_shopping
41211,Jeans,Uniqlo,Men's Fashion,52.0,24.649834808762815,39.18208589944334,1,39.18208589944334,Winter,2024,1,True,kaggle_shopping
41312,Pants,Zara,Men's Fashion,89.0,25.510304327165475,66.29582914882272,1,66.29582914882272,Spring,2024,3,True,kaggle_shopping
41413,Dress,Uniqlo,Men's Fashion,77.0,20.90084292480043,60.90635094790367,1,60.90635094790367,Spring,2024,3,True,kaggle_shopping
41514,Pants,Uniqlo,Men's Fashion,24.0,20.024940323235658,19.194014322423442,1,19.194014322423442,Summer,2024,8,True,kaggle_shopping
41615,Jewelry,Michael Kors,Accessories,24.0,21.412690294505136,18.86095432931877,1,18.86095432931877,Spring,2024,3,True,kaggle_shopping
41716,Handbag,Coach,Accessories,22.0,17.087041635913273,18.240850840099082,1,18.240850840099082,Fall,2024,9,True,kaggle_shopping
41817,Sweater,Uniqlo,Men's Fashion,82.0,21.58579669507754,64.29964671003641,1,64.29964671003641,Fall,2024,9,True,kaggle_shopping
41918,Backpack,Coach,Accessories,67.0,25.135070352746816,50.15950286365963,1,50.15950286365963,Winter,2024,1,True,kaggle_shopping
42019,Shorts,Uniqlo,Men's Fashion,74.0,25.464457547619467,55.15630141476159,1,55.15630141476159,Spring,2024,3,True,kaggle_shopping
42120,Jewelry,Michael Kors,Accessories,72.0,20.37805038746952,57.32780372102195,1,57.32780372102195,Summer,2024,8,True,kaggle_shopping
42221,Sneakers,Puma,Footwear,36.0,24.042170263502804,27.34481870513899,1,27.34481870513899,Summer,2024,8,True,kaggle_shopping
42322,Belt,Michael Kors,Accessories,95.0,21.406882814991395,74.66346132575818,1,74.66346132575818,Winter,2024,1,True,kaggle_shopping
42423,Hoodie,Zara,Men's Fashion,78.0,24.326362004233886,59.025437636697575,1,59.025437636697575,Winter,2024,1,True,kaggle_shopping
42524,Shirt,H&M,Men's Fashion,82.0,17.58058919736794,67.58391685815829,1,67.58391685815829,Summer,2024,8,True,kaggle_shopping
42625,Pants,Zara,Men's Fashion,70.0,29.005653849917447,49.69604230505779,1,49.69604230505779,Winter,2024,1,True,kaggle_shopping
42726,Scarf,Kate Spade,Accessories,41.0,16.271396877290798,34.32872728031077,1,34.32872728031077,Fall,2024,9,True,kaggle_shopping
42827,Coat,North Face,Women's Fashion,42.0,21.171480216420107,33.10797830910356,1,33.10797830910356,Summer,2024,8,True,kaggle_shopping
42928,Coat,Canada Goose,Women's Fashion,50.0,25.01350075589157,37.493249622054215,1,37.493249622054215,Fall,2024,9,True,kaggle_shopping
43029,Socks,Forever 21,Men's Fashion,31.0,24.532131777330783,23.395039149027458,1,23.395039149027458,Summer,2024,8,True,kaggle_shopping
43130,Sweater,Uniqlo,Men's Fashion,51.0,28.90334726839066,36.259292893120765,1,36.259292893120765,Winter,2024,1,True,kaggle_shopping
43231,Shirt,Uniqlo,Men's Fashion,98.0,15.427010964764388,82.8815292545309,1,82.8815292545309,Fall,2024,9,True,kaggle_shopping
43332,Shirt,Uniqlo,Men's Fashion,86.0,15.047116001194915,73.05948023897237,1,73.05948023897237,Winter,2024,1,True,kaggle_shopping
43433,Sweater,H&M,Men's Fashion,64.0,21.031087392643045,50.54010406870845,1,50.54010406870845,Winter,2024,1,True,kaggle_shopping
43534,Blouse,Zara,Men's Fashion,46.0,21.143880190143935,36.27381511253379,1,36.27381511253379,Fall,2024,9,True,kaggle_shopping
43635,Sweater,Forever 21,Men's Fashion,85.0,29.66401778675378,59.78558488125928,1,59.78558488125928,Spring,2024,3,True,kaggle_shopping
43736,Hat,Fossil,Accessories,81.0,29.992830534175855,56.70580726731756,1,56.70580726731756,Fall,2024,9,True,kaggle_shopping
43837,Sweater,Zara,Men's Fashion,59.0,18.954763576028505,47.81668949014318,1,47.81668949014318,Winter,2024,1,True,kaggle_shopping
43938,Hoodie,Zara,Men's Fashion,79.0,18.12170779550798,64.68385084154869,1,64.68385084154869,Winter,2024,1,True,kaggle_shopping
44039,Shorts,Gap,Men's Fashion,33.0,18.272987445815545,26.96991414288087,1,26.96991414288087,Spring,2024,3,True,kaggle_shopping
44140,Shorts,Zara,Men's Fashion,47.0,26.582477518947137,34.506235566094844,1,34.506235566094844,Summer,2024,8,True,kaggle_shopping
44241,Hat,Michael Kors,Accessories,20.0,28.593554209719954,14.281289158056008,1,14.281289158056008,Summer,2024,8,True,kaggle_shopping
44342,Coat,Canada Goose,Women's Fashion,36.0,22.667966395083123,27.839532097770075,1,27.839532097770075,Spring,2024,3,True,kaggle_shopping
44443,Sandals,Converse,Footwear,39.0,21.935957554584483,30.444976553712053,1,30.444976553712053,Summer,2024,8,True,kaggle_shopping
44544,Skirt,H&M,Men's Fashion,71.0,15.161642376547345,60.23523391265138,1,60.23523391265138,Winter,2024,1,True,kaggle_shopping
44645,Shoes,Converse,Footwear,59.0,25.752504976293068,43.80602206398709,1,43.80602206398709,Winter,2024,1,True,kaggle_shopping
44746,Jeans,Uniqlo,Men's Fashion,50.0,22.37024961428036,38.81487519285982,1,38.81487519285982,Spring,2024,3,True,kaggle_shopping
44847,Sandals,Puma,Footwear,41.0,29.625594558946467,28.85350623083195,1,28.85350623083195,Fall,2024,9,True,kaggle_shopping
44948,Blouse,Forever 21,Men's Fashion,59.0,21.18867644009393,46.49868090034459,1,46.49868090034459,Fall,2024,9,True,kaggle_shopping
45049,Hat,Coach,Accessories,87.0,17.08948417753133,72.13214876554774,1,72.13214876554774,Winter,2024,1,True,kaggle_shopping
45150,Sweater,H&M,Men's Fashion,68.0,29.582097243449606,47.88417387445427,1,47.88417387445427,Spring,2024,3,True,kaggle_shopping
45251,Skirt,H&M,Men's Fashion,90.0,25.14628379069034,67.36834458837869,1,67.36834458837869,Winter,2024,1,True,kaggle_shopping
45352,Jeans,Zara,Men's Fashion,71.0,28.39153100027743,50.84201298980303,1,50.84201298980303,Fall,2024,9,True,kaggle_shopping
45453,Sneakers,Nike,Footwear,64.0,27.508113033915965,46.394807658293786,1,46.394807658293786,Fall,2024,9,True,kaggle_shopping
45554,Jewelry,Kate Spade,Accessories,76.0,20.52862081999852,60.398248176801125,1,60.398248176801125,Fall,2024,9,True,kaggle_shopping
45655,Jewelry,Coach,Accessories,42.0,22.61488075739979,32.50175008189209,1,32.50175008189209,Fall,2024,9,True,kaggle_shopping
45756,Pants,Forever 21,Men's Fashion,80.0,20.24076641948823,63.807386864409416,1,63.807386864409416,Spring,2024,3,True,kaggle_shopping
45857,Belt,Fossil,Accessories,56.0,25.23545454661722,41.86814545389436,1,41.86814545389436,Spring,2024,3,True,kaggle_shopping
45958,Hat,Fossil,Accessories,25.0,28.780482519924817,17.804879370018796,1,17.804879370018796,Summer,2024,8,True,kaggle_shopping
46059,Sneakers,Puma,Footwear,74.0,18.994259106257804,59.944248261369225,1,59.944248261369225,Winter,2024,1,True,kaggle_shopping
46160,Pants,Zara,Men's Fashion,30.0,26.159782114149685,22.152065365755092,1,22.152065365755092,Summer,2024,8,True,kaggle_shopping
46261,T-shirt,Gap,Men's Fashion,96.0,26.36210510571805,70.69237909851066,1,70.69237909851066,Spring,2024,3,True,kaggle_shopping
46362,Sneakers,Puma,Footwear,64.0,19.78465930451308,51.33781804511163,1,51.33781804511163,Fall,2024,9,True,kaggle_shopping
46463,Shorts,Forever 21,Men's Fashion,88.0,27.72272229169205,63.604004383310986,1,63.604004383310986,Winter,2024,1,True,kaggle_shopping
46564,Shoes,Adidas,Footwear,88.0,18.76552399878382,71.48633888107024,1,71.48633888107024,Summer,2024,8,True,kaggle_shopping
46665,Gloves,Coach,Accessories,88.0,16.276773195628902,73.67643958784657,1,73.67643958784657,Summer,2024,8,True,kaggle_shopping
46766,Socks,Zara,Men's Fashion,36.0,16.918664957697334,29.90928061522896,1,29.90928061522896,Spring,2024,3,True,kaggle_shopping
46867,Dress,Zara,Men's Fashion,40.0,26.959266535817143,29.21629338567314,1,29.21629338567314,Spring,2024,3,True,kaggle_shopping
46968,Handbag,Fossil,Accessories,39.0,27.452543402707413,28.293508072944107,1,28.293508072944107,Spring,2024,3,True,kaggle_shopping
47069,Belt,Coach,Accessories,40.0,27.58742862587306,28.965028549650775,1,28.965028549650775,Summer,2024,8,True,kaggle_shopping
47170,Scarf,Michael Kors,Accessories,34.0,15.49850962092736,28.7305067288847,1,28.7305067288847,Winter,2024,1,True,kaggle_shopping
47271,Sneakers,Adidas,Footwear,83.0,26.454942227272728,61.04239795136364,1,61.04239795136364,Winter,2024,1,True,kaggle_shopping
47372,Sweater,Uniqlo,Men's Fashion,85.0,18.346563318435614,69.40542117932972,1,69.40542117932972,Summer,2024,8,True,kaggle_shopping
47473,Coat,North Face,Women's Fashion,27.0,26.700971043596383,19.790737818228976,1,19.790737818228976,Summer,2024,8,True,kaggle_shopping
47574,Jewelry,Kate Spade,Accessories,78.0,18.142034105722356,63.84921339753656,1,63.84921339753656,Spring,2024,3,True,kaggle_shopping
47675,Sunglasses,Michael Kors,Accessories,32.0,25.277638804799924,23.911155582464026,1,23.911155582464026,Summer,2024,8,True,kaggle_shopping
47776,Shoes,Converse,Footwear,51.0,26.588397480235543,37.43991728507988,1,37.43991728507988,Fall,2024,9,True,kaggle_shopping
47877,Scarf,Fossil,Accessories,32.0,25.37070434635538,23.88137460916628,1,23.88137460916628,Spring,2024,3,True,kaggle_shopping
47978,Dress,Zara,Men's Fashion,62.0,26.516053341039665,45.56004692855541,1,45.56004692855541,Winter,2024,1,True,kaggle_shopping
48079,T-shirt,Zara,Men's Fashion,29.0,18.43557726420744,23.653682593379845,1,23.653682593379845,Fall,2024,9,True,kaggle_shopping
48180,Backpack,Michael Kors,Accessories,69.0,20.636612903217934,54.76073709677963,1,54.76073709677963,Fall,2024,9,True,kaggle_shopping
48281,Jewelry,Kate Spade,Accessories,25.0,25.052453425557992,18.7368866436105,1,18.7368866436105,Winter,2024,1,True,kaggle_shopping
48382,Jeans,Zara,Men's Fashion,76.0,16.310155308988364,63.604281965168845,1,63.604281965168845,Winter,2024,1,True,kaggle_shopping
48483,Sunglasses,Kate Spade,Accessories,77.0,29.077851007717413,54.61005472405759,1,54.61005472405759,Fall,2024,9,True,kaggle_shopping
48584,Sweater,H&M,Men's Fashion,33.0,23.231350188334495,25.333654437849617,1,25.333654437849617,Fall,2024,9,True,kaggle_shopping
48685,Shorts,Forever 21,Men's Fashion,93.0,23.69085778441572,70.96750226049338,1,70.96750226049338,Fall,2024,9,True,kaggle_shopping
48786,Jewelry,Kate Spade,Accessories,39.0,26.359454795233233,28.719812629859042,1,28.719812629859042,Spring,2024,3,True,kaggle_shopping
48887,Coat,Canada Goose,Women's Fashion,93.0,26.358950413504655,68.48617611544067,1,68.48617611544067,Summer,2024,8,True,kaggle_shopping
48988,Handbag,Coach,Accessories,82.0,25.09611769394629,61.42118349096405,1,61.42118349096405,Summer,2024,8,True,kaggle_shopping
49089,Boots,Adidas,Footwear,42.0,23.751452669535986,32.024389878794885,1,32.024389878794885,Spring,2024,3,True,kaggle_shopping
49190,Gloves,Kate Spade,Accessories,71.0,28.455216486954654,50.796796294262194,1,50.796796294262194,Winter,2024,1,True,kaggle_shopping
49291,Sweater,Gap,Men's Fashion,86.0,24.88141935162725,64.60197935760056,1,64.60197935760056,Spring,2024,3,True,kaggle_shopping
49392,T-shirt,Uniqlo,Men's Fashion,82.0,24.303977267223278,62.07073864087691,1,62.07073864087691,Spring,2024,3,True,kaggle_shopping
49493,Shoes,Adidas,Footwear,65.0,18.15451319258697,53.19956642481847,1,53.19956642481847,Fall,2024,9,True,kaggle_shopping
49594,Scarf,Kate Spade,Accessories,29.0,16.61998116661325,24.180205461682156,1,24.180205461682156,Spring,2024,3,True,kaggle_shopping
49695,Sneakers,New Balance,Footwear,65.0,28.357964799316353,46.567322880444365,1,46.567322880444365,Winter,2024,1,True,kaggle_shopping
49796,Dress,Forever 21,Men's Fashion,88.0,25.79118791307597,65.30375463649314,1,65.30375463649314,Fall,2024,9,True,kaggle_shopping
49897,Belt,Fossil,Accessories,46.0,22.40444048584055,35.693957376513346,1,35.693957376513346,Fall,2024,9,True,kaggle_shopping
49998,Boots,Adidas,Footwear,67.0,16.37566497480741,56.028304466879035,1,56.028304466879035,Winter,2024,1,True,kaggle_shopping
50099,Scarf,Michael Kors,Accessories,35.0,20.325032926384054,27.88623847576558,1,27.88623847576558,Fall,2024,9,True,kaggle_shopping
50100,Boots,Adidas,Footwear,66.0,24.8448951363658,49.60236920999857,1,49.60236920999857,Winter,2024,1,True,kaggle_shopping
50201,T-shirt,Zara,Men's Fashion,91.0,20.094472236284933,72.7140302649807,1,72.7140302649807,Fall,2024,9,True,kaggle_shopping
50302,Backpack,Michael Kors,Accessories,78.0,26.485583778534732,57.3412446527429,1,57.3412446527429,Fall,2024,9,True,kaggle_shopping
50403,Sneakers,New Balance,Footwear,45.0,18.56478996494061,36.64584451577672,1,36.64584451577672,Winter,2024,1,True,kaggle_shopping
50504,T-shirt,Gap,Men's Fashion,93.0,23.444597661320806,71.19652417497164,1,71.19652417497164,Spring,2024,3,True,kaggle_shopping
50605,Jeans,H&M,Men's Fashion,74.0,18.489403650756763,60.317841298439994,1,60.317841298439994,Summer,2024,8,True,kaggle_shopping
50706,Gloves,Michael Kors,Accessories,55.0,27.301604217954107,39.98411768012524,1,39.98411768012524,Spring,2024,3,True,kaggle_shopping
50807,Hoodie,Uniqlo,Men's Fashion,76.0,28.085545560867573,54.654985373740644,1,54.654985373740644,Spring,2024,3,True,kaggle_shopping
50908,Sneakers,New Balance,Footwear,66.0,16.741800821695385,54.95041145768104,1,54.95041145768104,Spring,2024,3,True,kaggle_shopping
51009,Shorts,Zara,Men's Fashion,51.0,20.643974087980137,40.471573215130135,1,40.471573215130135,Winter,2024,1,True,kaggle_shopping
51110,Sweater,Forever 21,Men's Fashion,26.0,16.44853029407721,21.723382123539924,1,21.723382123539924,Spring,2024,3,True,kaggle_shopping
51211,Jeans,Gap,Men's Fashion,29.0,20.84991228151233,22.953525438361424,1,22.953525438361424,Summer,2024,8,True,kaggle_shopping
51312,Jacket,Canada Goose,Women's Fashion,74.0,16.05808829358748,62.11701466274526,1,62.11701466274526,Summer,2024,8,True,kaggle_shopping
51413,Jewelry,Fossil,Accessories,99.0,21.533646135053615,77.68169032629692,1,77.68169032629692,Summer,2024,8,True,kaggle_shopping
51514,Backpack,Michael Kors,Accessories,88.0,18.629428280950226,71.6061031127638,1,71.6061031127638,Winter,2024,1,True,kaggle_shopping
51615,Coat,Canada Goose,Women's Fashion,31.0,18.27283743437901,25.335420395342506,1,25.335420395342506,Winter,2024,1,True,kaggle_shopping
51716,Belt,Kate Spade,Accessories,55.0,19.333400300163287,44.36662983491019,1,44.36662983491019,Spring,2024,3,True,kaggle_shopping
51817,Sandals,Converse,Footwear,81.0,20.208428929967,64.63117256672673,1,64.63117256672673,Fall,2024,9,True,kaggle_shopping
51918,Sweater,Gap,Men's Fashion,73.0,26.39820200119115,53.72931253913046,1,53.72931253913046,Spring,2024,3,True,kaggle_shopping
52019,Shorts,Zara,Men's Fashion,91.0,20.792581029434857,72.07875126321429,1,72.07875126321429,Winter,2024,1,True,kaggle_shopping
52120,Socks,Uniqlo,Men's Fashion,54.0,28.272900243192872,38.732633868675855,1,38.732633868675855,Spring,2024,3,True,kaggle_shopping
52221,Shirt,Gap,Men's Fashion,40.0,19.731214490615585,32.107514203753766,1,32.107514203753766,Winter,2024,1,True,kaggle_shopping
52322,Pants,H&M,Men's Fashion,59.0,19.911263110100617,47.252354765040636,1,47.252354765040636,Fall,2024,9,True,kaggle_shopping
52423,Scarf,Fossil,Accessories,26.0,25.431310711952246,19.387859214892416,1,19.387859214892416,Spring,2024,3,True,kaggle_shopping
52524,Sweater,Zara,Men's Fashion,23.0,20.113754246002202,18.373836523419495,1,18.373836523419495,Winter,2024,1,True,kaggle_shopping
52625,Jeans,Zara,Men's Fashion,87.0,15.029621596548862,73.9242292110025,1,73.9242292110025,Winter,2024,1,True,kaggle_shopping
52726,Pants,Gap,Men's Fashion,71.0,19.54525874681538,57.12286628976108,1,57.12286628976108,Winter,2024,1,True,kaggle_shopping
52827,Backpack,Coach,Accessories,91.0,29.748310498706317,63.92903744617725,1,63.92903744617725,Winter,2024,1,True,kaggle_shopping
52928,Coat,Canada Goose,Women's Fashion,64.0,25.132140762210664,47.915429912185175,1,47.915429912185175,Winter,2024,1,True,kaggle_shopping
53029,Sandals,New Balance,Footwear,94.0,21.656082635092773,73.64328232301278,1,73.64328232301278,Winter,2024,1,True,kaggle_shopping
53130,Shirt,Zara,Men's Fashion,40.0,28.69841003695396,28.520635985218416,1,28.520635985218416,Summer,2024,8,True,kaggle_shopping
53231,Hat,Michael Kors,Accessories,76.0,23.542527021153465,58.10767946392336,1,58.10767946392336,Winter,2024,1,True,kaggle_shopping
53332,Shirt,H&M,Men's Fashion,86.0,26.209606921785067,63.45973804726484,1,63.45973804726484,Fall,2024,9,True,kaggle_shopping
53433,Skirt,H&M,Men's Fashion,92.0,20.577287179565797,73.06889579479947,1,73.06889579479947,Fall,2024,9,True,kaggle_shopping
53534,Shoes,Nike,Footwear,52.0,27.697710223735296,37.597190683657644,1,37.597190683657644,Spring,2024,3,True,kaggle_shopping
53635,Coat,Columbia,Women's Fashion,28.0,20.389223996991806,22.291017280842294,1,22.291017280842294,Winter,2024,1,True,kaggle_shopping
53736,Pants,H&M,Men's Fashion,46.0,21.476421628401667,36.120846050935235,1,36.120846050935235,Summer,2024,8,True,kaggle_shopping
53837,Jewelry,Coach,Accessories,50.0,20.59110507879046,39.70444746060477,1,39.70444746060477,Summer,2024,8,True,kaggle_shopping
53938,Belt,Kate Spade,Accessories,23.0,19.77908781709505,18.450809802068136,1,18.450809802068136,Winter,2024,1,True,kaggle_shopping
54039,Jacket,Canada Goose,Women's Fashion,50.0,29.161165618394925,35.41941719080254,1,35.41941719080254,Summer,2024,8,True,kaggle_shopping
54140,Shirt,Uniqlo,Men's Fashion,89.0,15.776794895467656,74.95865254303378,1,74.95865254303378,Winter,2024,1,True,kaggle_shopping
54241,Hoodie,Zara,Men's Fashion,81.0,22.27522970667914,62.95706393758989,1,62.95706393758989,Winter,2024,1,True,kaggle_shopping
54342,Sunglasses,Coach,Accessories,69.0,16.393245962182327,57.6886602860942,1,57.6886602860942,Fall,2024,9,True,kaggle_shopping
54443,Sunglasses,Fossil,Accessories,67.0,23.505318800022735,51.25143640398477,1,51.25143640398477,Summer,2024,8,True,kaggle_shopping
54544,Dress,Zara,Men's Fashion,20.0,17.79037231588099,16.441925536823803,1,16.441925536823803,Summer,2024,8,True,kaggle_shopping
54645,Boots,Converse,Footwear,29.0,19.031199231490557,23.48095222286774,1,23.48095222286774,Fall,2024,9,True,kaggle_shopping
54746,Shirt,H&M,Men's Fashion,74.0,24.926928554423334,55.55407286972673,1,55.55407286972673,Summer,2024,8,True,kaggle_shopping
54847,Shorts,Zara,Men's Fashion,82.0,15.199129591521151,69.53671373495266,1,69.53671373495266,Spring,2024,3,True,kaggle_shopping
54948,Gloves,Coach,Accessories,23.0,15.718116568149297,19.38483318932566,1,19.38483318932566,Summer,2024,8,True,kaggle_shopping
55049,Jewelry,Coach,Accessories,45.0,20.453796077269132,35.79579176522889,1,35.79579176522889,Summer,2024,8,True,kaggle_shopping
55150,Boots,New Balance,Footwear,21.0,20.40142295546046,16.715701179353303,1,16.715701179353303,Summer,2024,8,True,kaggle_shopping
55251,Jewelry,Fossil,Accessories,31.0,16.071719986396136,26.017766804217196,1,26.017766804217196,Summer,2024,8,True,kaggle_shopping
55352,Pants,H&M,Men's Fashion,45.0,16.17184140774267,37.7226713665158,1,37.7226713665158,Summer,2024,8,True,kaggle_shopping
55453,Jewelry,Michael Kors,Accessories,56.0,19.237006622191288,45.22727629157288,1,45.22727629157288,Winter,2024,1,True,kaggle_shopping
55554,Jacket,Canada Goose,Women's Fashion,97.0,17.718490280461168,79.81306442795267,1,79.81306442795267,Summer,2024,8,True,kaggle_shopping
55655,Blouse,Forever 21,Men's Fashion,100.0,19.093880741406185,80.9061192585938,1,80.9061192585938,Fall,2024,9,True,kaggle_shopping
55756,Blouse,Zara,Men's Fashion,96.0,26.303115041508892,70.74900956015148,1,70.74900956015148,Fall,2024,9,True,kaggle_shopping
55857,Gloves,Fossil,Accessories,99.0,26.010765236213132,73.249342416149,1,73.249342416149,Spring,2024,3,True,kaggle_shopping
55958,Shorts,Zara,Men's Fashion,91.0,15.400146002561744,76.98586713766882,1,76.98586713766882,Winter,2024,1,True,kaggle_shopping
56059,Hat,Coach,Accessories,30.0,16.055846141016943,25.183246157694917,1,25.183246157694917,Winter,2024,1,True,kaggle_shopping
56160,Shoes,Puma,Footwear,65.0,27.3511825934822,47.22173131423658,1,47.22173131423658,Summer,2024,8,True,kaggle_shopping
56261,Boots,Nike,Footwear,93.0,16.817954099522222,77.35930268744433,1,77.35930268744433,Winter,2024,1,True,kaggle_shopping
56362,Jacket,Canada Goose,Women's Fashion,81.0,17.540641271402308,66.79208057016413,1,66.79208057016413,Fall,2024,9,True,kaggle_shopping
56463,Jewelry,Kate Spade,Accessories,81.0,18.82981214019985,65.74785216643812,1,65.74785216643812,Summer,2024,8,True,kaggle_shopping
56564,Sunglasses,Coach,Accessories,52.0,29.029662011128135,36.90457575421337,1,36.90457575421337,Winter,2024,1,True,kaggle_shopping
56665,Skirt,H&M,Men's Fashion,88.0,17.968228129750806,72.18795924581929,1,72.18795924581929,Summer,2024,8,True,kaggle_shopping
56766,Jeans,Forever 21,Men's Fashion,24.0,23.173383579258523,18.438387940977954,1,18.438387940977954,Winter,2024,1,True,kaggle_shopping
56867,Backpack,Kate Spade,Accessories,51.0,19.255777497621942,41.17955347621281,1,41.17955347621281,Spring,2024,3,True,kaggle_shopping
56968,Backpack,Michael Kors,Accessories,38.0,15.203232587485404,32.222771616755544,1,32.222771616755544,Fall,2024,9,True,kaggle_shopping
57069,Shorts,Uniqlo,Men's Fashion,46.0,26.732482866729434,33.70305788130446,1,33.70305788130446,Fall,2024,9,True,kaggle_shopping
57170,Dress,Gap,Men's Fashion,63.0,22.297457417659327,48.95260182687463,1,48.95260182687463,Summer,2024,8,True,kaggle_shopping
57271,Scarf,Michael Kors,Accessories,72.0,29.50216835371222,50.7584387853272,1,50.7584387853272,Winter,2024,1,True,kaggle_shopping
57372,Jeans,Uniqlo,Men's Fashion,39.0,25.7367658394416,28.962661322617777,1,28.962661322617777,Winter,2024,1,True,kaggle_shopping
57473,Coat,Canada Goose,Women's Fashion,42.0,29.13408306529653,29.76368511257546,1,29.76368511257546,Spring,2024,3,True,kaggle_shopping
57574,Sweater,H&M,Men's Fashion,76.0,15.874057867593468,63.93571602062896,1,63.93571602062896,Summer,2024,8,True,kaggle_shopping
57675,Sneakers,Nike,Footwear,66.0,23.963382686834617,50.18416742668915,1,50.18416742668915,Summer,2024,8,True,kaggle_shopping
57776,Scarf,Fossil,Accessories,90.0,15.138907139040484,76.37498357486356,1,76.37498357486356,Spring,2024,3,True,kaggle_shopping
57877,Sweater,Zara,Men's Fashion,56.0,27.41986210097525,40.64487722345386,1,40.64487722345386,Summer,2024,8,True,kaggle_shopping
57978,Jewelry,Kate Spade,Accessories,43.0,24.711233051980027,32.37416978764859,1,32.37416978764859,Winter,2024,1,True,kaggle_shopping
58079,Handbag,Fossil,Accessories,84.0,16.60016647609027,70.05586016008417,1,70.05586016008417,Winter,2024,1,True,kaggle_shopping
58180,Hoodie,H&M,Men's Fashion,88.0,27.28781927638338,63.98671903678263,1,63.98671903678263,Summer,2024,8,True,kaggle_shopping
58281,Hat,Coach,Accessories,88.0,26.127603580365054,65.00770884927876,1,65.00770884927876,Fall,2024,9,True,kaggle_shopping
58382,Belt,Michael Kors,Accessories,42.0,28.737110861568553,29.930413438141205,1,29.930413438141205,Winter,2024,1,True,kaggle_shopping
58483,Hoodie,Gap,Men's Fashion,73.0,18.509802607990167,59.48784409616718,1,59.48784409616718,Fall,2024,9,True,kaggle_shopping
58584,Hat,Fossil,Accessories,73.0,23.0186265445955,56.196402622445284,1,56.196402622445284,Summer,2024,8,True,kaggle_shopping
58685,Shoes,Puma,Footwear,44.0,16.90571442442478,36.5614856532531,1,36.5614856532531,Spring,2024,3,True,kaggle_shopping
58786,Sandals,Converse,Footwear,63.0,16.467078981647745,52.62574024156192,1,52.62574024156192,Fall,2024,9,True,kaggle_shopping
58887,Jacket,Columbia,Women's Fashion,68.0,27.783202184644907,49.10742251444147,1,49.10742251444147,Winter,2024,1,True,kaggle_shopping
58988,Sweater,Zara,Men's Fashion,29.0,29.488804634800907,20.448246655907738,1,20.448246655907738,Spring,2024,3,True,kaggle_shopping
59089,Socks,Zara,Men's Fashion,85.0,17.806656964847697,69.86434157987945,1,69.86434157987945,Summer,2024,8,True,kaggle_shopping
59190,Sneakers,Puma,Footwear,42.0,22.785223194653568,32.4302062582455,1,32.4302062582455,Winter,2024,1,True,kaggle_shopping
59291,Coat,North Face,Women's Fashion,69.0,28.702166606263248,49.19550504167836,1,49.19550504167836,Summer,2024,8,True,kaggle_shopping
59392,Shirt,Uniqlo,Men's Fashion,62.0,25.78956762096029,46.01046807500462,1,46.01046807500462,Fall,2024,9,True,kaggle_shopping
59493,Backpack,Coach,Accessories,48.0,26.997078936218873,35.04140211061494,1,35.04140211061494,Summer,2024,8,True,kaggle_shopping
59594,Boots,New Balance,Footwear,68.0,19.379287877226176,54.822084243486195,1,54.822084243486195,Winter,2024,1,True,kaggle_shopping
59695,Handbag,Coach,Accessories,36.0,16.683985207216857,29.99376532540193,1,29.99376532540193,Fall,2024,9,True,kaggle_shopping
59796,Dress,Uniqlo,Men's Fashion,63.0,17.649730489597893,51.88066979155333,1,51.88066979155333,Fall,2024,9,True,kaggle_shopping
59897,Sneakers,New Balance,Footwear,39.0,24.3510921566141,29.503074058920497,1,29.503074058920497,Winter,2024,1,True,kaggle_shopping
59998,Boots,New Balance,Footwear,78.0,20.740719256365363,61.82223898003502,1,61.82223898003502,Spring,2024,3,True,kaggle_shopping
60099,Shoes,Converse,Footwear,99.0,27.207474969250832,72.06459978044167,1,72.06459978044167,Winter,2024,1,True,kaggle_shopping
60100,T-shirt,Gap,Men's Fashion,31.0,24.898437183265106,23.281484473187817,1,23.281484473187817,Fall,2024,9,True,kaggle_shopping
60201,Boots,New Balance,Footwear,45.0,21.111784671388577,35.49969689787514,1,35.49969689787514,Spring,2024,3,True,kaggle_shopping
60302,Pants,Zara,Men's Fashion,30.0,16.442093499145912,25.067371950256224,1,25.067371950256224,Fall,2024,9,True,kaggle_shopping
60403,Shoes,Nike,Footwear,24.0,18.852914575011745,19.475300501997182,1,19.475300501997182,Summer,2024,8,True,kaggle_shopping
60504,Shoes,Adidas,Footwear,22.0,25.428667871860036,16.405693068190793,1,16.405693068190793,Winter,2024,1,True,kaggle_shopping
60605,T-shirt,H&M,Men's Fashion,63.0,15.321589648958861,53.34739852115592,1,53.34739852115592,Spring,2024,3,True,kaggle_shopping
60706,Scarf,Kate Spade,Accessories,40.0,21.15082018679922,31.539671925280317,1,31.539671925280317,Fall,2024,9,True,kaggle_shopping
60807,Shorts,H&M,Men's Fashion,20.0,24.083512916092676,15.183297416781464,1,15.183297416781464,Spring,2024,3,True,kaggle_shopping
60908,Jewelry,Coach,Accessories,20.0,25.749375720018868,14.850124855996224,1,14.850124855996224,Winter,2024,1,True,kaggle_shopping
61009,T-shirt,H&M,Men's Fashion,80.0,23.32518902458022,61.33984878033583,1,61.33984878033583,Summer,2024,8,True,kaggle_shopping
61110,Shirt,Forever 21,Men's Fashion,87.0,15.878071195793513,73.18607805965964,1,73.18607805965964,Fall,2024,9,True,kaggle_shopping
61211,Shirt,H&M,Men's Fashion,46.0,28.115409908228443,33.066911442214916,1,33.066911442214916,Fall,2024,9,True,kaggle_shopping
61312,Gloves,Michael Kors,Accessories,49.0,24.625082241402254,36.9337097017129,1,36.9337097017129,Winter,2024,1,True,kaggle_shopping
61413,Scarf,Michael Kors,Accessories,65.0,19.50018789129012,52.32487787066142,1,52.32487787066142,Fall,2024,9,True,kaggle_shopping
61514,Skirt,H&M,Men's Fashion,62.0,24.155858245875756,47.02336788755703,1,47.02336788755703,Winter,2024,1,True,kaggle_shopping
61615,Hat,Kate Spade,Accessories,67.0,18.432762634595953,54.65004903482071,1,54.65004903482071,Spring,2024,3,True,kaggle_shopping
61716,Hoodie,Uniqlo,Men's Fashion,41.0,17.130734207097653,33.976398975089964,1,33.976398975089964,Fall,2024,9,True,kaggle_shopping
61817,Boots,New Balance,Footwear,49.0,22.988463063161625,37.73565309905081,1,37.73565309905081,Fall,2024,9,True,kaggle_shopping
61918,Blouse,Gap,Men's Fashion,100.0,17.277766560664688,82.72223343933531,1,82.72223343933531,Fall,2024,9,True,kaggle_shopping
62019,Belt,Kate Spade,Accessories,54.0,15.450432910748152,45.656766228196,1,45.656766228196,Summer,2024,8,True,kaggle_shopping
62120,Sunglasses,Coach,Accessories,84.0,23.68774466355408,64.10229448261458,1,64.10229448261458,Spring,2024,3,True,kaggle_shopping
62221,Shorts,Forever 21,Men's Fashion,41.0,28.82671512601955,29.181046798331984,1,29.181046798331984,Winter,2024,1,True,kaggle_shopping
62322,Gloves,Coach,Accessories,88.0,27.117429631128672,64.13666192460677,1,64.13666192460677,Spring,2024,3,True,kaggle_shopping
62423,Sandals,Converse,Footwear,40.0,17.21248353641493,33.115006585434024,1,33.115006585434024,Spring,2024,3,True,kaggle_shopping
62524,Shirt,Gap,Men's Fashion,39.0,24.616339827015715,29.39962746746387,1,29.39962746746387,Summer,2024,8,True,kaggle_shopping
62625,Coat,Canada Goose,Women's Fashion,37.0,18.460164325055036,30.169739199729634,1,30.169739199729634,Spring,2024,3,True,kaggle_shopping
62726,Pants,Uniqlo,Men's Fashion,52.0,17.291813418724203,43.008257022263415,1,43.008257022263415,Winter,2024,1,True,kaggle_shopping
62827,T-shirt,Gap,Men's Fashion,23.0,28.164887238176334,16.52207593521944,1,16.52207593521944,Winter,2024,1,True,kaggle_shopping
62928,Sneakers,Converse,Footwear,88.0,21.211753501278224,69.33365691887516,1,69.33365691887516,Winter,2024,1,True,kaggle_shopping
63029,Shorts,Uniqlo,Men's Fashion,84.0,21.92345108808293,65.58430108601033,1,65.58430108601033,Fall,2024,9,True,kaggle_shopping
63130,Coat,Patagonia,Women's Fashion,37.0,21.06755314488859,29.205005336391224,1,29.205005336391224,Winter,2024,1,True,kaggle_shopping
63231,Sandals,Converse,Footwear,51.0,17.55154755933488,42.04871074473921,1,42.04871074473921,Fall,2024,9,True,kaggle_shopping
63332,Pants,Forever 21,Men's Fashion,76.0,17.923185013266977,62.3783793899171,1,62.3783793899171,Winter,2024,1,True,kaggle_shopping
63433,Sandals,Nike,Footwear,60.0,16.300553208951573,50.219668074629055,1,50.219668074629055,Spring,2024,3,True,kaggle_shopping
63534,Gloves,Kate Spade,Accessories,72.0,21.823481086030977,56.287093618057696,1,56.287093618057696,Fall,2024,9,True,kaggle_shopping
63635,T-shirt,H&M,Men's Fashion,45.0,21.309824353655564,35.410579040855,1,35.410579040855,Spring,2024,3,True,kaggle_shopping
63736,Jacket,Columbia,Women's Fashion,84.0,20.449039668308714,66.82280667862068,1,66.82280667862068,Fall,2024,9,True,kaggle_shopping
63837,Blouse,Forever 21,Men's Fashion,49.0,21.07585740720876,38.67282987046771,1,38.67282987046771,Summer,2024,8,True,kaggle_shopping
63938,Socks,Forever 21,Men's Fashion,22.0,16.274942718051612,18.419512602028647,1,18.419512602028647,Spring,2024,3,True,kaggle_shopping
64039,Coat,Columbia,Women's Fashion,48.0,22.004148614109102,37.438008665227635,1,37.438008665227635,Winter,2024,1,True,kaggle_shopping
64140,Dress,Uniqlo,Men's Fashion,37.0,20.70338866962283,29.339746192239556,1,29.339746192239556,Spring,2024,3,True,kaggle_shopping
64241,Jacket,Patagonia,Women's Fashion,27.0,15.272622532170146,22.876391916314063,1,22.876391916314063,Fall,2024,9,True,kaggle_shopping
64342,Boots,Puma,Footwear,79.0,18.085057833146745,64.71280431181407,1,64.71280431181407,Spring,2024,3,True,kaggle_shopping
64443,Skirt,Gap,Men's Fashion,98.0,27.521139071636743,71.029283709796,1,71.029283709796,Spring,2024,3,True,kaggle_shopping
64544,Sandals,Nike,Footwear,64.0,26.928964440372987,46.76546275816129,1,46.76546275816129,Summer,2024,8,True,kaggle_shopping
64645,Coat,North Face,Women's Fashion,32.0,17.81671563732338,26.29865099605652,1,26.29865099605652,Summer,2024,8,True,kaggle_shopping
64746,Hoodie,Forever 21,Men's Fashion,74.0,22.497508542366884,57.35184367864851,1,57.35184367864851,Winter,2024,1,True,kaggle_shopping
64847,Jacket,North Face,Women's Fashion,50.0,22.932990680553125,38.53350465972344,1,38.53350465972344,Winter,2024,1,True,kaggle_shopping
64948,Backpack,Kate Spade,Accessories,64.0,17.058634499413177,53.08247392037556,1,53.08247392037556,Winter,2024,1,True,kaggle_shopping
65049,Backpack,Fossil,Accessories,29.0,29.13046844398938,20.55216415124308,1,20.55216415124308,Fall,2024,9,True,kaggle_shopping
65150,Belt,Fossil,Accessories,62.0,19.029035827579172,50.20199778690091,1,50.20199778690091,Summer,2024,8,True,kaggle_shopping
65251,Coat,Columbia,Women's Fashion,78.0,26.72767220329854,57.15241568142714,1,57.15241568142714,Fall,2024,9,True,kaggle_shopping
65352,T-shirt,Zara,Men's Fashion,94.0,20.719979579667317,74.52321919511273,1,74.52321919511273,Fall,2024,9,True,kaggle_shopping
65453,Sunglasses,Fossil,Accessories,59.0,17.19445130842642,48.855273728028415,1,48.855273728028415,Winter,2024,1,True,kaggle_shopping
65554,Sneakers,Converse,Footwear,47.0,17.038881618038438,38.99172563952193,1,38.99172563952193,Summer,2024,8,True,kaggle_shopping
65655,Gloves,Michael Kors,Accessories,57.0,27.93701106648205,41.07590369210523,1,41.07590369210523,Fall,2024,9,True,kaggle_shopping
65756,Coat,Canada Goose,Women's Fashion,90.0,20.678144177793584,71.38967023998578,1,71.38967023998578,Winter,2024,1,True,kaggle_shopping
65857,Shirt,H&M,Men's Fashion,60.0,28.73461761631232,42.759229430212606,1,42.759229430212606,Spring,2024,3,True,kaggle_shopping
65958,Sneakers,Adidas,Footwear,77.0,26.102775253857278,56.90086305452989,1,56.90086305452989,Fall,2024,9,True,kaggle_shopping
66059,Scarf,Kate Spade,Accessories,41.0,16.379393725885077,34.28444857238711,1,34.28444857238711,Fall,2024,9,True,kaggle_shopping
66160,Jewelry,Coach,Accessories,48.0,26.838997088423966,35.117281397556496,1,35.117281397556496,Fall,2024,9,True,kaggle_shopping
66261,Jacket,North Face,Women's Fashion,65.0,15.497523835828938,54.92660950671119,1,54.92660950671119,Fall,2024,9,True,kaggle_shopping
66362,Jeans,Uniqlo,Men's Fashion,62.0,24.80022451781499,46.62386079895471,1,46.62386079895471,Summer,2024,8,True,kaggle_shopping
66463,Shoes,Puma,Footwear,99.0,23.627764783533426,75.60851286430191,1,75.60851286430191,Fall,2024,9,True,kaggle_shopping
66564,Hoodie,Gap,Men's Fashion,58.0,24.4563780333055,43.81530074068281,1,43.81530074068281,Winter,2024,1,True,kaggle_shopping
66665,Backpack,Fossil,Accessories,43.0,15.518347206778571,36.32711070108522,1,36.32711070108522,Fall,2024,9,True,kaggle_shopping
66766,Sneakers,New Balance,Footwear,93.0,21.255031574472923,73.23282063574018,1,73.23282063574018,Spring,2024,3,True,kaggle_shopping
66867,Blouse,Uniqlo,Men's Fashion,50.0,29.271615381121343,35.36419230943933,1,35.36419230943933,Winter,2024,1,True,kaggle_shopping
66968,Pants,Uniqlo,Men's Fashion,88.0,28.340374252928047,63.060470657423316,1,63.060470657423316,Summer,2024,8,True,kaggle_shopping
67069,Skirt,Zara,Men's Fashion,33.0,29.73595565664079,23.18713463330854,1,23.18713463330854,Fall,2024,9,True,kaggle_shopping
67170,T-shirt,Forever 21,Men's Fashion,99.0,23.437777945528964,75.79659983392632,1,75.79659983392632,Fall,2024,9,True,kaggle_shopping
67271,Jacket,Canada Goose,Women's Fashion,76.0,22.873279435980223,58.61630762865503,1,58.61630762865503,Spring,2024,3,True,kaggle_shopping
67372,Scarf,Kate Spade,Accessories,97.0,23.83561312884536,73.87945526502,1,73.87945526502,Summer,2024,8,True,kaggle_shopping
67473,Pants,Gap,Men's Fashion,68.0,24.978448777052563,51.014654831604254,1,51.014654831604254,Summer,2024,8,True,kaggle_shopping
67574,Sneakers,Adidas,Footwear,79.0,19.479475238829863,63.6112145613244,1,63.6112145613244,Fall,2024,9,True,kaggle_shopping
67675,Jeans,Zara,Men's Fashion,86.0,27.737929618611556,62.145380527994064,1,62.145380527994064,Fall,2024,9,True,kaggle_shopping
67776,Hat,Kate Spade,Accessories,68.0,29.17185683779305,48.16313735030072,1,48.16313735030072,Winter,2024,1,True,kaggle_shopping
67877,Skirt,Uniqlo,Men's Fashion,52.0,23.13425690932784,39.97018640714952,1,39.97018640714952,Fall,2024,9,True,kaggle_shopping
67978,Sandals,New Balance,Footwear,90.0,26.374928164568082,66.26256465188872,1,66.26256465188872,Fall,2024,9,True,kaggle_shopping
68079,Sandals,Adidas,Footwear,41.0,21.171851076579827,32.31954105860227,1,32.31954105860227,Winter,2024,1,True,kaggle_shopping
68180,Sweater,Uniqlo,Men's Fashion,80.0,26.265399180188826,58.98768065584895,1,58.98768065584895,Spring,2024,3,True,kaggle_shopping
68281,Sweater,Forever 21,Men's Fashion,100.0,17.092391673667407,82.90760832633259,1,82.90760832633259,Winter,2024,1,True,kaggle_shopping
68382,Jacket,North Face,Women's Fashion,77.0,26.246340113745877,56.79031811241568,1,56.79031811241568,Spring,2024,3,True,kaggle_shopping
68483,Shorts,Uniqlo,Men's Fashion,78.0,26.990291008363762,56.947573013476266,1,56.947573013476266,Spring,2024,3,True,kaggle_shopping
68584,Socks,H&M,Men's Fashion,94.0,26.28830279464306,69.28899537303552,1,69.28899537303552,Spring,2024,3,True,kaggle_shopping
68685,Socks,H&M,Men's Fashion,23.0,17.082752483436206,19.070966928809675,1,19.070966928809675,Fall,2024,9,True,kaggle_shopping
68786,Hoodie,H&M,Men's Fashion,20.0,15.273119889376295,16.94537602212474,1,16.94537602212474,Winter,2024,1,True,kaggle_shopping
68887,Socks,Gap,Men's Fashion,86.0,19.57629245384709,69.1643884896915,1,69.1643884896915,Fall,2024,9,True,kaggle_shopping
68988,Boots,Adidas,Footwear,60.0,18.529803313586417,48.88211801184815,1,48.88211801184815,Fall,2024,9,True,kaggle_shopping
69089,Shirt,Zara,Men's Fashion,70.0,18.60096609316627,56.97932373478361,1,56.97932373478361,Fall,2024,9,True,kaggle_shopping
69190,Belt,Coach,Accessories,39.0,20.622662328940446,30.957161691713228,1,30.957161691713228,Fall,2024,9,True,kaggle_shopping
69291,Backpack,Fossil,Accessories,37.0,19.974241133251738,29.609530780696858,1,29.609530780696858,Fall,2024,9,True,kaggle_shopping
69392,Boots,New Balance,Footwear,29.0,18.323146071252605,23.686287639336744,1,23.686287639336744,Fall,2024,9,True,kaggle_shopping
69493,Coat,Canada Goose,Women's Fashion,35.0,24.403185195268613,26.458885181655987,1,26.458885181655987,Winter,2024,1,True,kaggle_shopping
69594,Hoodie,Zara,Men's Fashion,83.0,25.875449136122143,61.52337721701862,1,61.52337721701862,Winter,2024,1,True,kaggle_shopping
69695,Shoes,Nike,Footwear,77.0,23.64524070267862,58.793164658937464,1,58.793164658937464,Summer,2024,8,True,kaggle_shopping
69796,Shoes,Converse,Footwear,37.0,18.138576237174874,30.288726792245296,1,30.288726792245296,Summer,2024,8,True,kaggle_shopping
69897,Jewelry,Kate Spade,Accessories,69.0,29.262446306885355,48.80891204824911,1,48.80891204824911,Summer,2024,8,True,kaggle_shopping
69998,Dress,Gap,Men's Fashion,66.0,18.883543324366382,53.53686140591819,1,53.53686140591819,Winter,2024,1,True,kaggle_shopping
70099,Boots,Nike,Footwear,26.0,18.233153605581936,21.259380062548697,1,21.259380062548697,Spring,2024,3,True,kaggle_shopping
70100,Hat,Michael Kors,Accessories,63.0,25.31779649947876,47.04978820532838,1,47.04978820532838,Spring,2024,3,True,kaggle_shopping
70201,Backpack,Coach,Accessories,38.0,21.072477643857496,29.992458495334155,1,29.992458495334155,Summer,2024,8,True,kaggle_shopping
70302,Shoes,Puma,Footwear,58.0,24.671091050926577,43.69076719046259,1,43.69076719046259,Summer,2024,8,True,kaggle_shopping
70403,Handbag,Michael Kors,Accessories,46.0,29.49773331347805,32.4310426758001,1,32.4310426758001,Winter,2024,1,True,kaggle_shopping
70504,Sunglasses,Michael Kors,Accessories,92.0,24.029808209308946,69.89257644743577,1,69.89257644743577,Fall,2024,9,True,kaggle_shopping
70605,Hat,Coach,Accessories,32.0,19.68896505629646,25.699531181985133,1,25.699531181985133,Winter,2024,1,True,kaggle_shopping
70706,Scarf,Coach,Accessories,90.0,16.343702724907917,75.29066754758287,1,75.29066754758287,Spring,2024,3,True,kaggle_shopping
70807,Hoodie,Gap,Men's Fashion,23.0,16.09202250366874,19.298834824156188,1,19.298834824156188,Fall,2024,9,True,kaggle_shopping
70908,Backpack,Coach,Accessories,25.0,17.36059028492507,20.659852428768733,1,20.659852428768733,Fall,2024,9,True,kaggle_shopping
71009,Sweater,Uniqlo,Men's Fashion,54.0,15.817948167006563,45.458307989816454,1,45.458307989816454,Fall,2024,9,True,kaggle_shopping
71110,Shorts,Zara,Men's Fashion,72.0,28.91858145796133,51.17862135026784,1,51.17862135026784,Summer,2024,8,True,kaggle_shopping
71211,Scarf,Coach,Accessories,33.0,28.433483931384217,23.616950302643207,1,23.616950302643207,Winter,2024,1,True,kaggle_shopping
71312,Hat,Fossil,Accessories,43.0,26.268056367217937,31.704735762096284,1,31.704735762096284,Fall,2024,9,True,kaggle_shopping
71413,Coat,North Face,Women's Fashion,51.0,20.96681806400478,40.306922787357564,1,40.306922787357564,Fall,2024,9,True,kaggle_shopping
71514,Jewelry,Kate Spade,Accessories,85.0,15.235153305013199,72.05011969073878,1,72.05011969073878,Winter,2024,1,True,kaggle_shopping
71615,Sandals,Puma,Footwear,100.0,18.14727867850965,81.85272132149035,1,81.85272132149035,Summer,2024,8,True,kaggle_shopping
71716,Gloves,Kate Spade,Accessories,72.0,20.98088259571471,56.89376453108541,1,56.89376453108541,Spring,2024,3,True,kaggle_shopping
71817,Backpack,Michael Kors,Accessories,57.0,18.74675088210345,46.31435199720104,1,46.31435199720104,Fall,2024,9,True,kaggle_shopping
71918,Jacket,Canada Goose,Women's Fashion,94.0,18.312014347951468,76.78670651292562,1,76.78670651292562,Spring,2024,3,True,kaggle_shopping
72019,Backpack,Fossil,Accessories,34.0,15.07615529703073,28.874107199009554,1,28.874107199009554,Summer,2024,8,True,kaggle_shopping
72120,Backpack,Michael Kors,Accessories,89.0,24.10599524830866,67.5456642290053,1,67.5456642290053,Fall,2024,9,True,kaggle_shopping
72221,Sunglasses,Coach,Accessories,27.0,17.282344952485936,22.333766862828796,1,22.333766862828796,Fall,2024,9,True,kaggle_shopping
72322,Socks,Forever 21,Men's Fashion,63.0,29.461440919025623,44.43929222101386,1,44.43929222101386,Spring,2024,3,True,kaggle_shopping
72423,Shoes,New Balance,Footwear,70.0,15.77384478634433,58.95830864955897,1,58.95830864955897,Fall,2024,9,True,kaggle_shopping
72524,Pants,Forever 21,Men's Fashion,87.0,26.526592539790997,63.921864490381836,1,63.921864490381836,Fall,2024,9,True,kaggle_shopping
72625,Jewelry,Kate Spade,Accessories,79.0,18.676308603546968,64.2457162031979,1,64.2457162031979,Fall,2024,9,True,kaggle_shopping
72726,Sunglasses,Michael Kors,Accessories,79.0,24.073207279518,59.98216624918078,1,59.98216624918078,Spring,2024,3,True,kaggle_shopping
72827,Sandals,Puma,Footwear,44.0,16.19705475482707,36.87329590787609,1,36.87329590787609,Winter,2024,1,True,kaggle_shopping
72928,Sweater,Zara,Men's Fashion,85.0,15.778577317001796,71.58820928054847,1,71.58820928054847,Fall,2024,9,True,kaggle_shopping
73029,Shoes,Adidas,Footwear,90.0,27.250299250201827,65.47473067481836,1,65.47473067481836,Spring,2024,3,True,kaggle_shopping
73130,Jewelry,Michael Kors,Accessories,94.0,26.962022319675697,68.65569901950484,1,68.65569901950484,Fall,2024,9,True,kaggle_shopping
73231,Boots,New Balance,Footwear,68.0,20.45020706706262,54.09385919439742,1,54.09385919439742,Summer,2024,8,True,kaggle_shopping
73332,Backpack,Coach,Accessories,51.0,15.518763241607452,43.0854307467802,1,43.0854307467802,Winter,2024,1,True,kaggle_shopping
73433,Sandals,Puma,Footwear,33.0,23.303350183763634,25.309894439358,1,25.309894439358,Spring,2024,3,True,kaggle_shopping
73534,Sneakers,New Balance,Footwear,60.0,16.739448572205067,49.95633085667696,1,49.95633085667696,Summer,2024,8,True,kaggle_shopping
73635,Hoodie,Zara,Men's Fashion,59.0,16.70218006652019,49.14571376075309,1,49.14571376075309,Fall,2024,9,True,kaggle_shopping
73736,Handbag,Kate Spade,Accessories,30.0,17.968067507624486,24.609579747712655,1,24.609579747712655,Summer,2024,8,True,kaggle_shopping
73837,Sweater,Uniqlo,Men's Fashion,20.0,28.94346596431358,14.211306807137284,1,14.211306807137284,Winter,2024,1,True,kaggle_shopping
73938,Sandals,Converse,Footwear,20.0,16.4292681778484,16.71414636443032,1,16.71414636443032,Summer,2024,8,True,kaggle_shopping
74039,Dress,Gap,Men's Fashion,24.0,26.513170852805978,17.636838995326563,1,17.636838995326563,Spring,2024,3,True,kaggle_shopping
74140,Skirt,Zara,Men's Fashion,88.0,17.873513098292314,72.27130847350276,1,72.27130847350276,Summer,2024,8,True,kaggle_shopping
74241,Blouse,Forever 21,Men's Fashion,78.0,17.32699675885776,64.48494252809095,1,64.48494252809095,Winter,2024,1,True,kaggle_shopping
74342,Skirt,H&M,Men's Fashion,25.0,25.33400752925563,18.666498117686093,1,18.666498117686093,Spring,2024,3,True,kaggle_shopping
74443,Sweater,H&M,Men's Fashion,57.0,26.90435184207231,41.66451945001878,1,41.66451945001878,Winter,2024,1,True,kaggle_shopping
74544,Backpack,Coach,Accessories,93.0,20.71853277053749,73.73176452340013,1,73.73176452340013,Summer,2024,8,True,kaggle_shopping
74645,Hoodie,H&M,Men's Fashion,42.0,19.373107786820984,33.863294729535184,1,33.863294729535184,Summer,2024,8,True,kaggle_shopping
74746,Boots,Nike,Footwear,54.0,16.56507768563773,45.05485804975562,1,45.05485804975562,Spring,2024,3,True,kaggle_shopping
74847,Blouse,Gap,Men's Fashion,70.0,15.523152937402651,59.13379294381814,1,59.13379294381814,Summer,2024,8,True,kaggle_shopping
74948,Hoodie,Gap,Men's Fashion,31.0,18.76897366066308,25.181618165194447,1,25.181618165194447,Winter,2024,1,True,kaggle_shopping
75049,Pants,Gap,Men's Fashion,93.0,26.41772713715165,68.43151376244897,1,68.43151376244897,Spring,2024,3,True,kaggle_shopping
75150,Gloves,Michael Kors,Accessories,40.0,20.340412011040563,31.863835195583775,1,31.863835195583775,Spring,2024,3,True,kaggle_shopping
75251,Hat,Michael Kors,Accessories,32.0,26.257632121635943,23.597557721076498,1,23.597557721076498,Summer,2024,8,True,kaggle_shopping
75352,Sunglasses,Coach,Accessories,27.0,27.73166957636729,19.512449214380833,1,19.512449214380833,Winter,2024,1,True,kaggle_shopping
75453,Scarf,Michael Kors,Accessories,68.0,27.829817097105888,49.075724373968,1,49.075724373968,Winter,2024,1,True,kaggle_shopping
75554,Handbag,Coach,Accessories,59.0,24.681569539347095,44.437873971785216,1,44.437873971785216,Summer,2024,8,True,kaggle_shopping
75655,Handbag,Kate Spade,Accessories,36.0,18.587765165998764,29.308404540240446,1,29.308404540240446,Fall,2024,9,True,kaggle_shopping
75756,Jeans,Zara,Men's Fashion,23.0,25.621681614087443,17.10701322875989,1,17.10701322875989,Summer,2024,8,True,kaggle_shopping
75857,Jacket,Columbia,Women's Fashion,80.0,15.317128175709907,67.74629745943207,1,67.74629745943207,Winter,2024,1,True,kaggle_shopping
75958,Backpack,Kate Spade,Accessories,37.0,29.45416985862463,26.101957152308884,1,26.101957152308884,Fall,2024,9,True,kaggle_shopping
76059,Shorts,Uniqlo,Men's Fashion,52.0,22.437254928386935,40.3326274372388,1,40.3326274372388,Spring,2024,3,True,kaggle_shopping
76160,Coat,Columbia,Women's Fashion,79.0,28.484072850842807,56.49758244783419,1,56.49758244783419,Fall,2024,9,True,kaggle_shopping
76261,Shirt,Zara,Men's Fashion,68.0,21.248687162628098,53.550892729412894,1,53.550892729412894,Fall,2024,9,True,kaggle_shopping
76362,Gloves,Kate Spade,Accessories,98.0,29.838493341096687,68.75827652572524,1,68.75827652572524,Fall,2024,9,True,kaggle_shopping
76463,Dress,H&M,Men's Fashion,83.0,27.127819258711995,60.483910015269046,1,60.483910015269046,Fall,2024,9,True,kaggle_shopping
76564,Pants,Zara,Men's Fashion,83.0,19.520555029960164,66.79793932513307,1,66.79793932513307,Winter,2024,1,True,kaggle_shopping
76665,Pants,Forever 21,Men's Fashion,55.0,17.58333242489885,45.32916716630564,1,45.32916716630564,Spring,2024,3,True,kaggle_shopping
76766,Hoodie,H&M,Men's Fashion,26.0,16.924475348233994,21.599636409459162,1,21.599636409459162,Winter,2024,1,True,kaggle_shopping
76867,Sunglasses,Michael Kors,Accessories,76.0,25.85422293195446,56.35079057171461,1,56.35079057171461,Winter,2024,1,True,kaggle_shopping
76968,T-shirt,Forever 21,Men's Fashion,85.0,21.740282363222413,66.52075999126096,1,66.52075999126096,Fall,2024,9,True,kaggle_shopping
77069,Jacket,Columbia,Women's Fashion,89.0,18.222237121342488,72.78220896200519,1,72.78220896200519,Spring,2024,3,True,kaggle_shopping
77170,Sweater,Gap,Men's Fashion,41.0,19.55878503879487,32.980898134094105,1,32.980898134094105,Spring,2024,3,True,kaggle_shopping
77271,Jacket,Columbia,Women's Fashion,30.0,22.529639472017635,23.24110815839471,1,23.24110815839471,Winter,2024,1,True,kaggle_shopping
77372,Socks,Forever 21,Men's Fashion,53.0,28.13165082975482,38.09022506022995,1,38.09022506022995,Winter,2024,1,True,kaggle_shopping
77473,Shirt,H&M,Men's Fashion,66.0,22.254226802941794,51.31221031005842,1,51.31221031005842,Spring,2024,3,True,kaggle_shopping
77574,Jewelry,Kate Spade,Accessories,33.0,17.851819532450094,27.10889955429147,1,27.10889955429147,Winter,2024,1,True,kaggle_shopping
77675,Sunglasses,Coach,Accessories,86.0,18.126246126461766,70.41142833124289,1,70.41142833124289,Spring,2024,3,True,kaggle_shopping
77776,Pants,Gap,Men's Fashion,60.0,21.183245632826626,47.290052620304024,1,47.290052620304024,Winter,2024,1,True,kaggle_shopping
77877,Socks,Forever 21,Men's Fashion,62.0,22.52421379035425,48.03498744998036,1,48.03498744998036,Summer,2024,8,True,kaggle_shopping
77978,Blouse,Zara,Men's Fashion,74.0,16.072163579382,62.10659895125732,1,62.10659895125732,Fall,2024,9,True,kaggle_shopping
78079,Sandals,Adidas,Footwear,95.0,19.615024275949914,76.36572693784758,1,76.36572693784758,Fall,2024,9,True,kaggle_shopping
78180,Sneakers,Puma,Footwear,25.0,15.316077046722238,21.17098073831944,1,21.17098073831944,Spring,2024,3,True,kaggle_shopping
78281,Shirt,Uniqlo,Men's Fashion,59.0,27.588761551169796,42.72263068480982,1,42.72263068480982,Winter,2024,1,True,kaggle_shopping
78382,Jacket,North Face,Women's Fashion,29.0,28.1535722035659,20.83546406096589,1,20.83546406096589,Summer,2024,8,True,kaggle_shopping
78483,Sandals,Nike,Footwear,36.0,15.88390989441704,30.281792438009866,1,30.281792438009866,Winter,2024,1,True,kaggle_shopping
78584,Hat,Kate Spade,Accessories,82.0,21.18632255172825,64.62721550758283,1,64.62721550758283,Summer,2024,8,True,kaggle_shopping
78685,Blouse,Forever 21,Men's Fashion,71.0,16.586718213382156,59.22343006849867,1,59.22343006849867,Winter,2024,1,True,kaggle_shopping
78786,Sweater,H&M,Men's Fashion,35.0,15.801718801949546,29.469398419317656,1,29.469398419317656,Fall,2024,9,True,kaggle_shopping
78887,Gloves,Coach,Accessories,38.0,29.92139212268424,26.629870993379992,1,26.629870993379992,Winter,2024,1,True,kaggle_shopping
78988,Scarf,Fossil,Accessories,59.0,23.879254994508628,44.91123955323991,1,44.91123955323991,Summer,2024,8,True,kaggle_shopping
79089,Hoodie,Uniqlo,Men's Fashion,91.0,26.86858192089703,66.5495904519837,1,66.5495904519837,Summer,2024,8,True,kaggle_shopping
79190,Shorts,Uniqlo,Men's Fashion,68.0,15.836717234412646,57.2310322805994,1,57.2310322805994,Spring,2024,3,True,kaggle_shopping
79291,Backpack,Fossil,Accessories,21.0,23.87917828441754,15.985372560272316,1,15.985372560272316,Summer,2024,8,True,kaggle_shopping
79392,Sunglasses,Michael Kors,Accessories,95.0,18.48150608331995,77.44256922084604,1,77.44256922084604,Spring,2024,3,True,kaggle_shopping
79493,Shorts,Gap,Men's Fashion,52.0,17.2715990964477,43.018768469847195,1,43.018768469847195,Spring,2024,3,True,kaggle_shopping
79594,Dress,Gap,Men's Fashion,21.0,28.88197694311592,14.934784841945657,1,14.934784841945657,Fall,2024,9,True,kaggle_shopping
79695,Shorts,Gap,Men's Fashion,67.0,23.19444430774026,51.45972231381403,1,51.45972231381403,Summer,2024,8,True,kaggle_shopping
79796,Belt,Michael Kors,Accessories,42.0,20.164168562193645,33.53104920387867,1,33.53104920387867,Fall,2024,9,True,kaggle_shopping
79897,Scarf,Fossil,Accessories,63.0,25.88490473587658,46.692510016397755,1,46.692510016397755,Summer,2024,8,True,kaggle_shopping
79998,Boots,Nike,Footwear,41.0,18.847215627437677,33.27264159275055,1,33.27264159275055,Winter,2024,1,True,kaggle_shopping
80099,Handbag,Coach,Accessories,46.0,17.06898756985734,38.14826571786562,1,38.14826571786562,Fall,2024,9,True,kaggle_shopping
80100,Pants,Zara,Men's Fashion,79.0,27.664820471488166,57.144791827524344,1,57.144791827524344,Winter,2024,1,True,kaggle_shopping
80201,Boots,Nike,Footwear,90.0,20.63260549049445,71.43065505855499,1,71.43065505855499,Fall,2024,9,True,kaggle_shopping
80302,Shirt,Zara,Men's Fashion,71.0,17.052096435148687,58.89301153104443,1,58.89301153104443,Winter,2024,1,True,kaggle_shopping
80403,Dress,Zara,Men's Fashion,87.0,18.41687774266148,70.97731636388451,1,70.97731636388451,Summer,2024,8,True,kaggle_shopping
80504,Hoodie,Uniqlo,Men's Fashion,66.0,24.406693854210353,49.89158205622117,1,49.89158205622117,Spring,2024,3,True,kaggle_shopping
80605,Pants,Uniqlo,Men's Fashion,90.0,24.468568606289224,67.9782882543397,1,67.9782882543397,Summer,2024,8,True,kaggle_shopping
80706,Jeans,Forever 21,Men's Fashion,47.0,19.86711009528416,37.66245825521644,1,37.66245825521644,Summer,2024,8,True,kaggle_shopping
80807,Shirt,Uniqlo,Men's Fashion,38.0,25.495933412290235,28.31154530332971,1,28.31154530332971,Spring,2024,3,True,kaggle_shopping
80908,Backpack,Fossil,Accessories,50.0,18.83816673919811,40.58091663040094,1,40.58091663040094,Summer,2024,8,True,kaggle_shopping
81009,Jacket,Patagonia,Women's Fashion,79.0,22.419584563641077,61.28852819472355,1,61.28852819472355,Summer,2024,8,True,kaggle_shopping
81110,Scarf,Fossil,Accessories,91.0,18.61899072159217,74.05671844335113,1,74.05671844335113,Spring,2024,3,True,kaggle_shopping
81211,Boots,Nike,Footwear,60.0,29.390084276087432,42.36594943434754,1,42.36594943434754,Spring,2024,3,True,kaggle_shopping
81312,Blouse,Forever 21,Men's Fashion,81.0,19.76317821151394,64.99182564867371,1,64.99182564867371,Summer,2024,8,True,kaggle_shopping
81413,Hoodie,Gap,Men's Fashion,90.0,22.7051308934108,69.56538219593028,1,69.56538219593028,Summer,2024,8,True,kaggle_shopping
81514,Jacket,Columbia,Women's Fashion,70.0,24.989443191519015,52.50738976593669,1,52.50738976593669,Fall,2024,9,True,kaggle_shopping
81615,Jeans,Zara,Men's Fashion,63.0,23.324719932321464,48.30542644263748,1,48.30542644263748,Spring,2024,3,True,kaggle_shopping
81716,Jewelry,Coach,Accessories,29.0,27.52289482321777,21.018360501266848,1,21.018360501266848,Spring,2024,3,True,kaggle_shopping
81817,Socks,Uniqlo,Men's Fashion,90.0,24.76263122090836,67.71363190118248,1,67.71363190118248,Spring,2024,3,True,kaggle_shopping
81918,Shirt,Gap,Men's Fashion,22.0,25.074291425700366,16.483655886345918,1,16.483655886345918,Summer,2024,8,True,kaggle_shopping
82019,Shorts,H&M,Men's Fashion,22.0,18.40193592965202,17.951574095476555,1,17.951574095476555,Summer,2024,8,True,kaggle_shopping
82120,Jewelry,Fossil,Accessories,62.0,27.541328342436714,44.92437642768923,1,44.92437642768923,Fall,2024,9,True,kaggle_shopping
82221,Blouse,Forever 21,Men's Fashion,57.0,23.3055253025014,43.7158505775742,1,43.7158505775742,Summer,2024,8,True,kaggle_shopping
82322,Sweater,Zara,Men's Fashion,32.0,24.02223704100866,24.31288414687723,1,24.31288414687723,Summer,2024,8,True,kaggle_shopping
82423,Jewelry,Fossil,Accessories,53.0,29.647838759775297,37.28664545731909,1,37.28664545731909,Fall,2024,9,True,kaggle_shopping
82524,T-shirt,Uniqlo,Men's Fashion,79.0,18.991286003091247,63.996884057557914,1,63.996884057557914,Fall,2024,9,True,kaggle_shopping
82625,Hat,Michael Kors,Accessories,61.0,15.176981030212637,51.7420415715703,1,51.7420415715703,Winter,2024,1,True,kaggle_shopping
82726,Shorts,H&M,Men's Fashion,78.0,15.555979438059358,65.8663360383137,1,65.8663360383137,Summer,2024,8,True,kaggle_shopping
82827,Sweater,Zara,Men's Fashion,97.0,28.809271711699267,69.0550064396517,1,69.0550064396517,Winter,2024,1,True,kaggle_shopping
82928,Jeans,Forever 21,Men's Fashion,78.0,29.712021756110914,54.82462303023348,1,54.82462303023348,Winter,2024,1,True,kaggle_shopping
83029,Sunglasses,Coach,Accessories,56.0,19.570290233964364,45.04063746897996,1,45.04063746897996,Summer,2024,8,True,kaggle_shopping
83130,Boots,Adidas,Footwear,25.0,22.37967665982788,19.40508083504303,1,19.40508083504303,Summer,2024,8,True,kaggle_shopping
83231,Coat,Canada Goose,Women's Fashion,28.0,15.6227829593103,23.625620771393116,1,23.625620771393116,Spring,2024,3,True,kaggle_shopping
83332,Shirt,Forever 21,Men's Fashion,57.0,25.453745680005387,42.491364962396936,1,42.491364962396936,Spring,2024,3,True,kaggle_shopping
83433,Dress,Gap,Men's Fashion,36.0,23.208438585698012,27.644962109148715,1,27.644962109148715,Fall,2024,9,True,kaggle_shopping
83534,Shirt,Forever 21,Men's Fashion,69.0,26.060566884936044,51.01820884939413,1,51.01820884939413,Winter,2024,1,True,kaggle_shopping
83635,Sunglasses,Coach,Accessories,48.0,28.756806120076416,34.19673306236332,1,34.19673306236332,Fall,2024,9,True,kaggle_shopping
83736,Dress,Zara,Men's Fashion,58.0,21.37315528763928,45.60356993316922,1,45.60356993316922,Spring,2024,3,True,kaggle_shopping
83837,Sunglasses,Michael Kors,Accessories,24.0,28.51471317274317,17.15646883854164,1,17.15646883854164,Spring,2024,3,True,kaggle_shopping
83938,Sunglasses,Fossil,Accessories,31.0,18.063457478419398,25.400328181689986,1,25.400328181689986,Winter,2024,1,True,kaggle_shopping
84039,Shorts,Uniqlo,Men's Fashion,29.0,24.519636070144138,21.8893055396582,1,21.8893055396582,Summer,2024,8,True,kaggle_shopping
84140,Jeans,H&M,Men's Fashion,69.0,20.498118937955194,54.85629793281092,1,54.85629793281092,Summer,2024,8,True,kaggle_shopping
84241,T-shirt,Gap,Men's Fashion,79.0,29.818474430058867,55.443405200253494,1,55.443405200253494,Summer,2024,8,True,kaggle_shopping
84342,Pants,Zara,Men's Fashion,39.0,18.754296121832713,31.68582451248524,1,31.68582451248524,Summer,2024,8,True,kaggle_shopping
84443,Sunglasses,Coach,Accessories,84.0,20.748655666917827,66.57112923978903,1,66.57112923978903,Fall,2024,9,True,kaggle_shopping
84544,Boots,Converse,Footwear,66.0,22.730364990240417,50.99795910644133,1,50.99795910644133,Spring,2024,3,True,kaggle_shopping
84645,T-shirt,H&M,Men's Fashion,92.0,29.116912430072386,65.2124405643334,1,65.2124405643334,Fall,2024,9,True,kaggle_shopping
84746,Sandals,Puma,Footwear,45.0,18.12118095306915,36.845468571118886,1,36.845468571118886,Winter,2024,1,True,kaggle_shopping
84847,Shorts,Forever 21,Men's Fashion,74.0,29.674775042838895,52.040666468299214,1,52.040666468299214,Spring,2024,3,True,kaggle_shopping
84948,Hat,Fossil,Accessories,39.0,28.867386633857187,27.741719212795694,1,27.741719212795694,Fall,2024,9,True,kaggle_shopping
85049,Scarf,Kate Spade,Accessories,71.0,23.784683933776662,54.112874407018566,1,54.112874407018566,Winter,2024,1,True,kaggle_shopping
85150,T-shirt,H&M,Men's Fashion,95.0,28.560623418307756,67.86740775260762,1,67.86740775260762,Fall,2024,9,True,kaggle_shopping
85251,Gloves,Fossil,Accessories,72.0,28.572436494852226,51.4278457237064,1,51.4278457237064,Fall,2024,9,True,kaggle_shopping
85352,Scarf,Kate Spade,Accessories,85.0,18.788141842381748,69.03007943397552,1,69.03007943397552,Fall,2024,9,True,kaggle_shopping
85453,Boots,Puma,Footwear,54.0,29.518567345150103,38.059973633618945,1,38.059973633618945,Fall,2024,9,True,kaggle_shopping
85554,Gloves,Fossil,Accessories,41.0,20.044122346370045,32.78190983798828,1,32.78190983798828,Spring,2024,3,True,kaggle_shopping
85655,Coat,North Face,Women's Fashion,24.0,28.1657273999352,17.240225424015556,1,17.240225424015556,Spring,2024,3,True,kaggle_shopping
85756,Belt,Coach,Accessories,99.0,20.67491877445575,78.5318304132888,1,78.5318304132888,Summer,2024,8,True,kaggle_shopping
85857,Hoodie,Zara,Men's Fashion,32.0,26.1101847631037,23.644740875806818,1,23.644740875806818,Fall,2024,9,True,kaggle_shopping
85958,Shoes,Nike,Footwear,71.0,21.44383009626823,55.77488063164956,1,55.77488063164956,Summer,2024,8,True,kaggle_shopping
86059,Dress,Forever 21,Men's Fashion,49.0,23.202077100105587,37.63098222094826,1,37.63098222094826,Winter,2024,1,True,kaggle_shopping
86160,Gloves,Michael Kors,Accessories,50.0,19.11022266582348,40.444888667088264,1,40.444888667088264,Fall,2024,9,True,kaggle_shopping
86261,Jewelry,Fossil,Accessories,91.0,28.5439620622981,65.02499452330873,1,65.02499452330873,Fall,2024,9,True,kaggle_shopping
86362,Belt,Kate Spade,Accessories,46.0,24.136888992987316,34.89703106322583,1,34.89703106322583,Fall,2024,9,True,kaggle_shopping
86463,Sweater,Gap,Men's Fashion,50.0,24.917831466400028,37.541084266799984,1,37.541084266799984,Spring,2024,3,True,kaggle_shopping
86564,Skirt,Uniqlo,Men's Fashion,39.0,15.534039641984009,32.941724539626236,1,32.941724539626236,Fall,2024,9,True,kaggle_shopping
86665,Sneakers,Converse,Footwear,99.0,15.792653391656412,83.36527314226015,1,83.36527314226015,Summer,2024,8,True,kaggle_shopping
86766,Gloves,Michael Kors,Accessories,48.0,22.238789681871832,37.32538095270152,1,37.32538095270152,Winter,2024,1,True,kaggle_shopping
86867,Coat,North Face,Women's Fashion,77.0,24.32228588881307,58.27183986561394,1,58.27183986561394,Fall,2024,9,True,kaggle_shopping
86968,Backpack,Kate Spade,Accessories,95.0,24.90573336254584,71.33955330558146,1,71.33955330558146,Spring,2024,3,True,kaggle_shopping
87069,Socks,Forever 21,Men's Fashion,100.0,16.952715100806756,83.04728489919324,1,83.04728489919324,Spring,2024,3,True,kaggle_shopping
87170,Sneakers,New Balance,Footwear,54.0,19.155278416826523,43.656149654913676,1,43.656149654913676,Spring,2024,3,True,kaggle_shopping
87271,Sweater,Zara,Men's Fashion,68.0,22.218130778503173,52.89167107061784,1,52.89167107061784,Fall,2024,9,True,kaggle_shopping
87372,Jeans,H&M,Men's Fashion,22.0,19.865400052344583,17.629611988484193,1,17.629611988484193,Fall,2024,9,True,kaggle_shopping
87473,Hat,Fossil,Accessories,84.0,29.711887072999957,59.04201485868003,1,59.04201485868003,Winter,2024,1,True,kaggle_shopping
87574,Hat,Coach,Accessories,46.0,22.26851841386639,35.75648152962146,1,35.75648152962146,Summer,2024,8,True,kaggle_shopping
87675,Handbag,Fossil,Accessories,53.0,26.195235468994454,39.11652520143294,1,39.11652520143294,Winter,2024,1,True,kaggle_shopping
87776,Shirt,Gap,Men's Fashion,60.0,22.277565748230117,46.63346055106193,1,46.63346055106193,Spring,2024,3,True,kaggle_shopping
87877,Socks,H&M,Men's Fashion,32.0,23.77719976897189,24.391296073928995,1,24.391296073928995,Spring,2024,3,True,kaggle_shopping
87978,Socks,Zara,Men's Fashion,50.0,29.739145400127498,35.13042729993625,1,35.13042729993625,Summer,2024,8,True,kaggle_shopping
88079,Dress,Uniqlo,Men's Fashion,94.0,25.119544003008585,70.38762863717193,1,70.38762863717193,Spring,2024,3,True,kaggle_shopping
88180,Shoes,Nike,Footwear,26.0,24.34499779196067,19.670300574090227,1,19.670300574090227,Spring,2024,3,True,kaggle_shopping
88281,Scarf,Kate Spade,Accessories,44.0,17.89655697560264,36.12551493073484,1,36.12551493073484,Winter,2024,1,True,kaggle_shopping
88382,Hoodie,Uniqlo,Men's Fashion,57.0,24.611467508211987,42.97146352031916,1,42.97146352031916,Summer,2024,8,True,kaggle_shopping
88483,T-shirt,Uniqlo,Men's Fashion,65.0,25.650802496300138,48.326978377404906,1,48.326978377404906,Winter,2024,1,True,kaggle_shopping
88584,Jeans,Zara,Men's Fashion,72.0,28.229506226283952,51.67475551707555,1,51.67475551707555,Winter,2024,1,True,kaggle_shopping
88685,Shorts,H&M,Men's Fashion,62.0,16.358047860762795,51.85801032632707,1,51.85801032632707,Spring,2024,3,True,kaggle_shopping
88786,Hat,Fossil,Accessories,21.0,22.437382106905154,16.288149757549917,1,16.288149757549917,Winter,2024,1,True,kaggle_shopping
88887,Handbag,Coach,Accessories,85.0,29.323848518305535,60.07472875944029,1,60.07472875944029,Spring,2024,3,True,kaggle_shopping
88988,Pants,Forever 21,Men's Fashion,51.0,23.470079701066105,39.030259352456284,1,39.030259352456284,Summer,2024,8,True,kaggle_shopping
89089,Handbag,Fossil,Accessories,84.0,23.510681160166502,64.25102782546014,1,64.25102782546014,Fall,2024,9,True,kaggle_shopping
89190,Sweater,H&M,Men's Fashion,37.0,24.16644333347208,28.05841596661533,1,28.05841596661533,Summer,2024,8,True,kaggle_shopping
89291,Scarf,Coach,Accessories,44.0,29.962871695169937,30.816336454125228,1,30.816336454125228,Summer,2024,8,True,kaggle_shopping
89392,Sneakers,Nike,Footwear,45.0,28.21192101398521,32.30463554370665,1,32.30463554370665,Spring,2024,3,True,kaggle_shopping
89493,Pants,Forever 21,Men's Fashion,35.0,27.54516252987164,25.359193114544922,1,25.359193114544922,Summer,2024,8,True,kaggle_shopping
89594,Backpack,Michael Kors,Accessories,50.0,25.02999560626983,37.48500219686509,1,37.48500219686509,Winter,2024,1,True,kaggle_shopping
89695,Sandals,Puma,Footwear,26.0,28.10783083194206,18.691963983695064,1,18.691963983695064,Summer,2024,8,True,kaggle_shopping
89796,Socks,Forever 21,Men's Fashion,78.0,15.746189469822355,65.71797221353856,1,65.71797221353856,Fall,2024,9,True,kaggle_shopping
89897,Coat,Canada Goose,Women's Fashion,82.0,15.324881391778465,69.43359725874166,1,69.43359725874166,Fall,2024,9,True,kaggle_shopping
89998,Socks,H&M,Men's Fashion,39.0,21.410782178336856,30.649794950448626,1,30.649794950448626,Spring,2024,3,True,kaggle_shopping
90099,Belt,Fossil,Accessories,55.0,25.58946860203944,40.92579226887831,1,40.92579226887831,Summer,2024,8,True,kaggle_shopping
90100,Socks,Forever 21,Men's Fashion,20.0,29.311194052854397,14.13776118942912,1,14.13776118942912,Summer,2024,8,True,kaggle_shopping
90201,Belt,Michael Kors,Accessories,29.0,29.36332877385018,20.484634655583445,1,20.484634655583445,Fall,2024,9,True,kaggle_shopping
90302,Pants,Gap,Men's Fashion,41.0,26.121718086126933,30.290095584687958,1,30.290095584687958,Winter,2024,1,True,kaggle_shopping
90403,Shorts,Gap,Men's Fashion,38.0,25.66218435739789,28.248369944188802,1,28.248369944188802,Winter,2024,1,True,kaggle_shopping
90504,Boots,Converse,Footwear,47.0,26.944095482958616,34.33627512300945,1,34.33627512300945,Summer,2024,8,True,kaggle_shopping
90605,Dress,Zara,Men's Fashion,30.0,20.117682435866776,23.964695269239968,1,23.964695269239968,Summer,2024,8,True,kaggle_shopping
90706,Jeans,Forever 21,Men's Fashion,56.0,27.527233080285406,40.58474947504017,1,40.58474947504017,Summer,2024,8,True,kaggle_shopping
90807,T-shirt,Forever 21,Men's Fashion,89.0,19.433203859979166,71.70444856461854,1,71.70444856461854,Winter,2024,1,True,kaggle_shopping
90908,Shoes,Puma,Footwear,96.0,25.25888306433034,71.75147225824287,1,71.75147225824287,Fall,2024,9,True,kaggle_shopping
91009,Boots,Adidas,Footwear,81.0,16.962553220367003,67.26033189150273,1,67.26033189150273,Fall,2024,9,True,kaggle_shopping
91110,Scarf,Kate Spade,Accessories,83.0,22.67346043199614,64.18102784144321,1,64.18102784144321,Fall,2024,9,True,kaggle_shopping
91211,Sneakers,Adidas,Footwear,35.0,22.93769759119227,26.97180584308271,1,26.97180584308271,Winter,2024,1,True,kaggle_shopping
91312,Boots,New Balance,Footwear,56.0,23.977247316311594,42.57274150286551,1,42.57274150286551,Summer,2024,8,True,kaggle_shopping
91413,Handbag,Michael Kors,Accessories,45.0,15.290883653387988,38.11910235597541,1,38.11910235597541,Summer,2024,8,True,kaggle_shopping
91514,Shirt,H&M,Men's Fashion,62.0,22.047243921316934,48.330708768783495,1,48.330708768783495,Winter,2024,1,True,kaggle_shopping
91615,Hat,Fossil,Accessories,84.0,25.441973121300776,62.62874257810735,1,62.62874257810735,Spring,2024,3,True,kaggle_shopping
91716,Sweater,Gap,Men's Fashion,24.0,22.10870965330758,18.69390968320618,1,18.69390968320618,Summer,2024,8,True,kaggle_shopping
91817,Handbag,Kate Spade,Accessories,21.0,19.56980706242019,16.89034051689176,1,16.89034051689176,Spring,2024,3,True,kaggle_shopping
91918,Shirt,H&M,Men's Fashion,91.0,18.149078366178585,74.48433868677749,1,74.48433868677749,Winter,2024,1,True,kaggle_shopping
92019,Sunglasses,Coach,Accessories,36.0,26.921015608276978,26.308434381020287,1,26.308434381020287,Winter,2024,1,True,kaggle_shopping
92120,Sneakers,New Balance,Footwear,39.0,15.466718832849038,32.96797965518888,1,32.96797965518888,Spring,2024,3,True,kaggle_shopping
92221,Hoodie,H&M,Men's Fashion,39.0,23.964261678238632,29.653937945486934,1,29.653937945486934,Spring,2024,3,True,kaggle_shopping
92322,Shirt,Zara,Men's Fashion,59.0,29.729661243366365,41.45949986641384,1,41.45949986641384,Winter,2024,1,True,kaggle_shopping
92423,Sunglasses,Kate Spade,Accessories,27.0,24.579806460222052,20.363452255740047,1,20.363452255740047,Winter,2024,1,True,kaggle_shopping
92524,Blouse,Forever 21,Men's Fashion,94.0,27.873939058895395,67.79849728463833,1,67.79849728463833,Spring,2024,3,True,kaggle_shopping
92625,Belt,Fossil,Accessories,94.0,28.246795603216924,67.44801213297609,1,67.44801213297609,Fall,2024,9,True,kaggle_shopping
92726,Dress,Gap,Men's Fashion,94.0,24.009760336851137,71.43082528335994,1,71.43082528335994,Winter,2024,1,True,kaggle_shopping
92827,Shoes,Converse,Footwear,51.0,21.91349872059562,39.82411565249623,1,39.82411565249623,Fall,2024,9,True,kaggle_shopping
92928,Socks,Zara,Men's Fashion,62.0,28.83357535612421,44.12318327920299,1,44.12318327920299,Fall,2024,9,True,kaggle_shopping
93029,Socks,Uniqlo,Men's Fashion,57.0,28.856899491634913,40.5515672897681,1,40.5515672897681,Spring,2024,3,True,kaggle_shopping
93130,Shorts,Gap,Men's Fashion,76.0,16.649679671356832,63.34624344976881,1,63.34624344976881,Fall,2024,9,True,kaggle_shopping
93231,Gloves,Fossil,Accessories,63.0,15.634113685036198,53.1505083784272,1,53.1505083784272,Summer,2024,8,True,kaggle_shopping
93332,Jacket,Patagonia,Women's Fashion,80.0,28.64595302320727,57.08323758143418,1,57.08323758143418,Fall,2024,9,True,kaggle_shopping
93433,Handbag,Michael Kors,Accessories,68.0,19.01237245564531,55.07158673016119,1,55.07158673016119,Fall,2024,9,True,kaggle_shopping
93534,Backpack,Kate Spade,Accessories,89.0,29.10460340454756,63.096902969952666,1,63.096902969952666,Summer,2024,8,True,kaggle_shopping
93635,Boots,Puma,Footwear,26.0,24.261155369498404,19.692099603930416,1,19.692099603930416,Summer,2024,8,True,kaggle_shopping
93736,Gloves,Fossil,Accessories,90.0,28.821240690766665,64.06088337831001,1,64.06088337831001,Winter,2024,1,True,kaggle_shopping
93837,Hoodie,H&M,Men's Fashion,28.0,18.4751943407735,22.82694558458342,1,22.82694558458342,Spring,2024,3,True,kaggle_shopping
93938,Coat,Canada Goose,Women's Fashion,29.0,26.4048271295878,21.342600132419538,1,21.342600132419538,Spring,2024,3,True,kaggle_shopping
94039,Shirt,Uniqlo,Men's Fashion,31.0,24.106470535464286,23.52699413400607,1,23.52699413400607,Spring,2024,3,True,kaggle_shopping
94140,Shirt,H&M,Men's Fashion,24.0,19.465190834378443,19.328354199749175,1,19.328354199749175,Summer,2024,8,True,kaggle_shopping
94241,Sweater,Zara,Men's Fashion,88.0,26.402373318374792,64.76591147983018,1,64.76591147983018,Summer,2024,8,True,kaggle_shopping
94342,Shirt,Forever 21,Men's Fashion,87.0,22.673914720264136,67.2736941933702,1,67.2736941933702,Spring,2024,3,True,kaggle_shopping
94443,Hoodie,Zara,Men's Fashion,80.0,21.592468841002596,62.72602492719792,1,62.72602492719792,Summer,2024,8,True,kaggle_shopping
94544,Sandals,New Balance,Footwear,48.0,16.06293959415163,40.28978899480722,1,40.28978899480722,Winter,2024,1,True,kaggle_shopping
94645,Belt,Kate Spade,Accessories,21.0,15.569704323699053,17.7303620920232,1,17.7303620920232,Winter,2024,1,True,kaggle_shopping
94746,Boots,Adidas,Footwear,72.0,29.184184170989695,50.98738739688742,1,50.98738739688742,Spring,2024,3,True,kaggle_shopping
94847,Hoodie,Zara,Men's Fashion,44.0,19.35899774671762,35.482040991444244,1,35.482040991444244,Fall,2024,9,True,kaggle_shopping
94948,Sandals,Converse,Footwear,73.0,19.748072147447928,58.58390733236301,1,58.58390733236301,Fall,2024,9,True,kaggle_shopping
95049,Jeans,Gap,Men's Fashion,61.0,18.00855952186972,50.014778691659465,1,50.014778691659465,Spring,2024,3,True,kaggle_shopping
95150,Shoes,New Balance,Footwear,20.0,29.57979450898329,14.084041098203341,1,14.084041098203341,Winter,2024,1,True,kaggle_shopping
95251,Sandals,Puma,Footwear,86.0,18.974270082206914,69.68212772930205,1,69.68212772930205,Summer,2024,8,True,kaggle_shopping
95352,Dress,Gap,Men's Fashion,60.0,25.71952933996385,44.568282396021694,1,44.568282396021694,Spring,2024,3,True,kaggle_shopping
95453,Hat,Coach,Accessories,43.0,19.552224025889558,34.592543668867485,1,34.592543668867485,Winter,2024,1,True,kaggle_shopping
95554,Pants,H&M,Men's Fashion,44.0,23.38442781428855,33.71085176171304,1,33.71085176171304,Spring,2024,3,True,kaggle_shopping
95655,Socks,Forever 21,Men's Fashion,76.0,26.234010257186284,56.06215220453843,1,56.06215220453843,Spring,2024,3,True,kaggle_shopping
95756,Shirt,Uniqlo,Men's Fashion,33.0,17.581386036858742,27.198142607836612,1,27.198142607836612,Summer,2024,8,True,kaggle_shopping
95857,Shorts,Gap,Men's Fashion,60.0,24.042134761226762,45.57471914326394,1,45.57471914326394,Fall,2024,9,True,kaggle_shopping
95958,Jacket,North Face,Women's Fashion,26.0,29.964603975409638,18.209202966393494,1,18.209202966393494,Fall,2024,9,True,kaggle_shopping
96059,Hoodie,Uniqlo,Men's Fashion,73.0,18.96222851871081,59.15757318134111,1,59.15757318134111,Winter,2024,1,True,kaggle_shopping
96160,Shoes,Converse,Footwear,87.0,20.19001045574934,69.43469090349808,1,69.43469090349808,Spring,2024,3,True,kaggle_shopping
96261,Skirt,Zara,Men's Fashion,100.0,23.251897174442274,76.74810282555772,1,76.74810282555772,Spring,2024,3,True,kaggle_shopping
96362,Coat,Patagonia,Women's Fashion,84.0,23.53793029226707,64.22813855449566,1,64.22813855449566,Winter,2024,1,True,kaggle_shopping
96463,Sneakers,Nike,Footwear,41.0,27.027079353815807,29.91889746493552,1,29.91889746493552,Summer,2024,8,True,kaggle_shopping
96564,Jeans,Gap,Men's Fashion,59.0,16.818765056580062,49.076928616617764,1,49.076928616617764,Winter,2024,1,True,kaggle_shopping
96665,Blouse,Zara,Men's Fashion,26.0,29.213061739636405,18.404603947694536,1,18.404603947694536,Winter,2024,1,True,kaggle_shopping
96766,Sunglasses,Kate Spade,Accessories,69.0,16.894065466758395,57.3430948279367,1,57.3430948279367,Summer,2024,8,True,kaggle_shopping
96867,Jacket,Patagonia,Women's Fashion,20.0,19.615658525672583,16.076868294865484,1,16.076868294865484,Spring,2024,3,True,kaggle_shopping
96968,Dress,H&M,Men's Fashion,83.0,16.575451456260698,69.24237529130363,1,69.24237529130363,Summer,2024,8,True,kaggle_shopping
97069,Hat,Fossil,Accessories,54.0,17.712019572075427,44.435509431079275,1,44.435509431079275,Spring,2024,3,True,kaggle_shopping
97170,Hoodie,Forever 21,Men's Fashion,66.0,17.27465752235154,54.598726035247985,1,54.598726035247985,Fall,2024,9,True,kaggle_shopping
97271,Handbag,Kate Spade,Accessories,42.0,24.130962312063115,31.864995828933495,1,31.864995828933495,Spring,2024,3,True,kaggle_shopping
97372,Jeans,Gap,Men's Fashion,33.0,21.902942531759212,25.772028964519457,1,25.772028964519457,Spring,2024,3,True,kaggle_shopping
97473,Boots,New Balance,Footwear,77.0,21.431775941793326,60.497532524819135,1,60.497532524819135,Summer,2024,8,True,kaggle_shopping
97574,Jacket,North Face,Women's Fashion,65.0,26.268559753682872,47.92543616010613,1,47.92543616010613,Fall,2024,9,True,kaggle_shopping
97675,Sandals,Adidas,Footwear,39.0,29.011171415203158,27.68564314807077,1,27.68564314807077,Summer,2024,8,True,kaggle_shopping
97776,Belt,Coach,Accessories,51.0,19.704051016317653,40.950933981678,1,40.950933981678,Summer,2024,8,True,kaggle_shopping
97877,Handbag,Michael Kors,Accessories,65.0,16.53619304945917,54.25147451785154,1,54.25147451785154,Winter,2024,1,True,kaggle_shopping
97978,Sunglasses,Fossil,Accessories,89.0,23.442979126447447,68.13574857746177,1,68.13574857746177,Summer,2024,8,True,kaggle_shopping
98079,Skirt,Forever 21,Men's Fashion,76.0,26.969873771540122,55.50289593362951,1,55.50289593362951,Spring,2024,3,True,kaggle_shopping
98180,Backpack,Fossil,Accessories,75.0,29.69896996926311,52.72577252305267,1,52.72577252305267,Spring,2024,3,True,kaggle_shopping
98281,Sandals,Adidas,Footwear,61.0,29.1942228667885,43.191524051259016,1,43.191524051259016,Summer,2024,8,True,kaggle_shopping
98382,Boots,Converse,Footwear,35.0,15.051674984366416,29.731913755471755,1,29.731913755471755,Fall,2024,9,True,kaggle_shopping
98483,Sneakers,Nike,Footwear,37.0,15.789580809397732,31.15785510052284,1,31.15785510052284,Fall,2024,9,True,kaggle_shopping
98584,Skirt,Forever 21,Men's Fashion,91.0,24.045655650127372,69.11845335838409,1,69.11845335838409,Winter,2024,1,True,kaggle_shopping
98685,Dress,H&M,Men's Fashion,99.0,15.224749889209354,83.92749760968275,1,83.92749760968275,Fall,2024,9,True,kaggle_shopping
98786,Shorts,Zara,Men's Fashion,54.0,19.185117216511117,43.640036703084,1,43.640036703084,Summer,2024,8,True,kaggle_shopping
98887,Handbag,Michael Kors,Accessories,47.0,29.64322777868893,33.067682944016205,1,33.067682944016205,Winter,2024,1,True,kaggle_shopping
98988,Scarf,Coach,Accessories,77.0,17.599889670936207,63.44808495337912,1,63.44808495337912,Spring,2024,3,True,kaggle_shopping
99089,Belt,Fossil,Accessories,84.0,15.226407963091825,71.20981731100287,1,71.20981731100287,Fall,2024,9,True,kaggle_shopping
99190,Gloves,Michael Kors,Accessories,51.0,27.003301963207626,37.22831599876411,1,37.22831599876411,Spring,2024,3,True,kaggle_shopping
99291,Skirt,H&M,Men's Fashion,26.0,22.0586057532853,20.26476250414582,1,20.26476250414582,Summer,2024,8,True,kaggle_shopping
99392,Shorts,Zara,Men's Fashion,64.0,23.770885254950223,48.786633436831856,1,48.786633436831856,Summer,2024,8,True,kaggle_shopping
99493,Backpack,Michael Kors,Accessories,51.0,21.659053022183972,39.95388295868617,1,39.95388295868617,Spring,2024,3,True,kaggle_shopping
99594,Hoodie,Gap,Men's Fashion,60.0,18.959441488024154,48.62433510718551,1,48.62433510718551,Spring,2024,3,True,kaggle_shopping
99695,Hat,Kate Spade,Accessories,69.0,21.467486155484615,54.187434552715615,1,54.187434552715615,Spring,2024,3,True,kaggle_shopping
99796,Jewelry,Coach,Accessories,29.0,26.241296434538796,21.39002403398375,1,21.39002403398375,Spring,2024,3,True,kaggle_shopping
99897,Shirt,Gap,Men's Fashion,91.0,28.41362460561234,65.14360160889277,1,65.14360160889277,Spring,2024,3,True,kaggle_shopping
99998,Belt,Michael Kors,Accessories,70.0,17.575193124989944,57.69736481250704,1,57.69736481250704,Spring,2024,3,True,kaggle_shopping
100099,Sweater,Forever 21,Men's Fashion,58.0,25.9590499624456,42.94375102178155,1,42.94375102178155,Summer,2024,8,True,kaggle_shopping
100100,Hat,Kate Spade,Accessories,98.0,21.193718579952282,77.23015579164677,1,77.23015579164677,Fall,2024,9,True,kaggle_shopping
100201,Scarf,Michael Kors,Accessories,68.0,26.59004969631656,49.91876620650474,1,49.91876620650474,Summer,2024,8,True,kaggle_shopping
100302,Hat,Michael Kors,Accessories,44.0,16.109563226605783,36.91179218029345,1,36.91179218029345,Summer,2024,8,True,kaggle_shopping
100403,Jacket,Canada Goose,Women's Fashion,45.0,27.125215308748437,32.79365311106321,1,32.79365311106321,Winter,2024,1,True,kaggle_shopping
100504,T-shirt,H&M,Men's Fashion,99.0,24.083372420558295,75.1574613036473,1,75.1574613036473,Spring,2024,3,True,kaggle_shopping
100605,Dress,H&M,Men's Fashion,68.0,24.18190995130402,51.55630123311326,1,51.55630123311326,Spring,2024,3,True,kaggle_shopping
100706,Pants,Uniqlo,Men's Fashion,56.0,17.037754264319616,46.45885761198102,1,46.45885761198102,Spring,2024,3,True,kaggle_shopping
100807,Sweater,Zara,Men's Fashion,43.0,18.025336795840836,35.24910517778844,1,35.24910517778844,Winter,2024,1,True,kaggle_shopping
100908,Sunglasses,Michael Kors,Accessories,99.0,29.38595600827889,69.9079035518039,1,69.9079035518039,Winter,2024,1,True,kaggle_shopping
101009,Belt,Michael Kors,Accessories,56.0,26.659466028355006,41.0706990241212,1,41.0706990241212,Fall,2024,9,True,kaggle_shopping
101110,Hoodie,Uniqlo,Men's Fashion,25.0,16.43816238308051,20.890459404229873,1,20.890459404229873,Spring,2024,3,True,kaggle_shopping
101211,Pants,H&M,Men's Fashion,74.0,22.419827354277935,57.40932775783433,1,57.40932775783433,Winter,2024,1,True,kaggle_shopping
101312,Hoodie,Forever 21,Men's Fashion,56.0,25.441121998019213,41.752971681109244,1,41.752971681109244,Winter,2024,1,True,kaggle_shopping
101413,Sneakers,New Balance,Footwear,47.0,23.139428452569355,36.1244686272924,1,36.1244686272924,Fall,2024,9,True,kaggle_shopping
101514,Dress,Zara,Men's Fashion,67.0,15.316468664455202,56.73796599481502,1,56.73796599481502,Summer,2024,8,True,kaggle_shopping
101615,Dress,Zara,Men's Fashion,22.0,19.789891603196928,17.646223847296675,1,17.646223847296675,Winter,2024,1,True,kaggle_shopping
101716,Jeans,Zara,Men's Fashion,34.0,21.906757800837312,26.551702347715317,1,26.551702347715317,Spring,2024,3,True,kaggle_shopping
101817,Sweater,H&M,Men's Fashion,64.0,19.337621528748677,51.62392222160085,1,51.62392222160085,Spring,2024,3,True,kaggle_shopping
101918,Shorts,Forever 21,Men's Fashion,42.0,22.65625015875782,32.48437493332172,1,32.48437493332172,Spring,2024,3,True,kaggle_shopping
102019,Shirt,Gap,Men's Fashion,82.0,17.542120299574332,67.61546135434904,1,67.61546135434904,Winter,2024,1,True,kaggle_shopping
102120,Belt,Michael Kors,Accessories,81.0,15.055389593148808,68.80513442954947,1,68.80513442954947,Summer,2024,8,True,kaggle_shopping
102221,Coat,Columbia,Women's Fashion,24.0,17.632021246236878,19.76831490090315,1,19.76831490090315,Summer,2024,8,True,kaggle_shopping
102322,Sneakers,Adidas,Footwear,60.0,15.844976432100518,50.49301414073969,1,50.49301414073969,Fall,2024,9,True,kaggle_shopping
102423,Shirt,Forever 21,Men's Fashion,24.0,23.317358138501387,18.403834046759666,1,18.403834046759666,Spring,2024,3,True,kaggle_shopping
102524,Socks,Zara,Men's Fashion,78.0,28.67267596143133,55.635312750083564,1,55.635312750083564,Winter,2024,1,True,kaggle_shopping
102625,Jeans,Forever 21,Men's Fashion,88.0,26.741531095185252,64.46745263623698,1,64.46745263623698,Winter,2024,1,True,kaggle_shopping
102726,Jeans,Gap,Men's Fashion,63.0,24.11540518885836,47.80729473101923,1,47.80729473101923,Spring,2024,3,True,kaggle_shopping
102827,Sneakers,Puma,Footwear,78.0,29.78662645548531,54.766431364721456,1,54.766431364721456,Summer,2024,8,True,kaggle_shopping
102928,Dress,Uniqlo,Men's Fashion,37.0,21.06482300960198,29.20601548644727,1,29.20601548644727,Winter,2024,1,True,kaggle_shopping
103029,Boots,Puma,Footwear,94.0,20.832069516789222,74.41785465421813,1,74.41785465421813,Fall,2024,9,True,kaggle_shopping
103130,T-shirt,Uniqlo,Men's Fashion,78.0,16.52898903985303,65.10738854891464,1,65.10738854891464,Fall,2024,9,True,kaggle_shopping
103231,Coat,Patagonia,Women's Fashion,36.0,25.364264439008455,26.868864801956956,1,26.868864801956956,Winter,2024,1,True,kaggle_shopping
103332,Skirt,Zara,Men's Fashion,24.0,29.973862905790167,16.80627290261036,1,16.80627290261036,Winter,2024,1,True,kaggle_shopping
103433,Sneakers,Converse,Footwear,84.0,26.085787764786367,62.087938277579454,1,62.087938277579454,Spring,2024,3,True,kaggle_shopping
103534,Jeans,Gap,Men's Fashion,47.0,15.640231725107315,39.649091089199565,1,39.649091089199565,Spring,2024,3,True,kaggle_shopping
103635,Hoodie,Zara,Men's Fashion,51.0,26.815004825014505,37.3243475392426,1,37.3243475392426,Fall,2024,9,True,kaggle_shopping
103736,Shoes,Puma,Footwear,84.0,19.726850042737833,67.42944596410022,1,67.42944596410022,Summer,2024,8,True,kaggle_shopping
103837,Shorts,Zara,Men's Fashion,24.0,19.463094305462384,19.32885736668903,1,19.32885736668903,Summer,2024,8,True,kaggle_shopping
103938,Blouse,H&M,Men's Fashion,97.0,24.83957220994964,72.90561495634886,1,72.90561495634886,Fall,2024,9,True,kaggle_shopping
104039,T-shirt,H&M,Men's Fashion,89.0,25.04965320461546,66.70580864789225,1,66.70580864789225,Winter,2024,1,True,kaggle_shopping
104140,Belt,Coach,Accessories,44.0,25.25576398121799,32.88746384826409,1,32.88746384826409,Spring,2024,3,True,kaggle_shopping
104241,Handbag,Coach,Accessories,35.0,22.533351302029054,27.113327044289832,1,27.113327044289832,Winter,2024,1,True,kaggle_shopping
104342,Dress,Uniqlo,Men's Fashion,91.0,23.500941304248517,69.61414341313386,1,69.61414341313386,Winter,2024,1,True,kaggle_shopping
104443,Hat,Fossil,Accessories,63.0,25.35445445240149,47.02669369498706,1,47.02669369498706,Winter,2024,1,True,kaggle_shopping
104544,Belt,Kate Spade,Accessories,97.0,24.919944213498667,72.82765411290629,1,72.82765411290629,Spring,2024,3,True,kaggle_shopping
104645,Boots,Nike,Footwear,38.0,19.044962235625594,30.762914350462275,1,30.762914350462275,Summer,2024,8,True,kaggle_shopping
104746,Coat,Columbia,Women's Fashion,24.0,28.755545734405203,17.09866902374275,1,17.09866902374275,Spring,2024,3,True,kaggle_shopping
104847,Blouse,H&M,Men's Fashion,32.0,16.472373954422434,26.72884033458482,1,26.72884033458482,Winter,2024,1,True,kaggle_shopping
104948,Hat,Coach,Accessories,90.0,29.427706301248676,63.5150643288762,1,63.5150643288762,Summer,2024,8,True,kaggle_shopping
105049,Jeans,Uniqlo,Men's Fashion,36.0,28.12625836133785,25.87454698991837,1,25.87454698991837,Summer,2024,8,True,kaggle_shopping
105150,Backpack,Kate Spade,Accessories,37.0,22.214977543870276,28.780458308767997,1,28.780458308767997,Winter,2024,1,True,kaggle_shopping
105251,Dress,Gap,Men's Fashion,51.0,20.323974781080132,40.63477286164913,1,40.63477286164913,Summer,2024,8,True,kaggle_shopping
105352,Hat,Kate Spade,Accessories,71.0,16.271101658904065,59.44751782217811,1,59.44751782217811,Fall,2024,9,True,kaggle_shopping
105453,Sunglasses,Michael Kors,Accessories,50.0,25.53161083511634,37.23419458244182,1,37.23419458244182,Spring,2024,3,True,kaggle_shopping
105554,Hat,Kate Spade,Accessories,74.0,27.34591374125528,53.76402383147109,1,53.76402383147109,Fall,2024,9,True,kaggle_shopping
105655,Dress,Zara,Men's Fashion,75.0,29.180140892586934,53.1148943305598,1,53.1148943305598,Summer,2024,8,True,kaggle_shopping
105756,Shirt,Forever 21,Men's Fashion,99.0,22.5337292071297,76.69160808494159,1,76.69160808494159,Spring,2024,3,True,kaggle_shopping
105857,Scarf,Fossil,Accessories,23.0,22.80548361227964,17.75473876917568,1,17.75473876917568,Spring,2024,3,True,kaggle_shopping
105958,Sneakers,Adidas,Footwear,53.0,27.423848739270312,38.465360168186734,1,38.465360168186734,Winter,2024,1,True,kaggle_shopping
106059,Skirt,Forever 21,Men's Fashion,99.0,29.501529326689752,69.79348596657715,1,69.79348596657715,Spring,2024,3,True,kaggle_shopping
106160,Jewelry,Coach,Accessories,48.0,29.100503047569298,34.03175853716674,1,34.03175853716674,Spring,2024,3,True,kaggle_shopping
106261,Boots,New Balance,Footwear,72.0,21.434913956940225,56.566861951003034,1,56.566861951003034,Fall,2024,9,True,kaggle_shopping
106362,Sunglasses,Kate Spade,Accessories,64.0,29.130959835362496,45.356185705368006,1,45.356185705368006,Spring,2024,3,True,kaggle_shopping
106463,Boots,Puma,Footwear,63.0,17.505977805454926,51.97123398256339,1,51.97123398256339,Spring,2024,3,True,kaggle_shopping
106564,Sandals,Puma,Footwear,51.0,16.352884910955108,42.66002869541289,1,42.66002869541289,Spring,2024,3,True,kaggle_shopping
106665,Boots,Puma,Footwear,55.0,26.405797244036318,40.47681151578003,1,40.47681151578003,Spring,2024,3,True,kaggle_shopping
106766,Dress,Uniqlo,Men's Fashion,55.0,25.7317045553485,40.847562494558325,1,40.847562494558325,Spring,2024,3,True,kaggle_shopping
106867,Hoodie,Zara,Men's Fashion,26.0,23.15112084552757,19.98070858016283,1,19.98070858016283,Summer,2024,8,True,kaggle_shopping
106968,Shorts,H&M,Men's Fashion,67.0,17.362118776447176,55.36738041978039,1,55.36738041978039,Summer,2024,8,True,kaggle_shopping
107069,Coat,Canada Goose,Women's Fashion,31.0,15.015644658991487,26.345150155712638,1,26.345150155712638,Fall,2024,9,True,kaggle_shopping
107170,Jeans,H&M,Men's Fashion,66.0,17.044673502986523,54.75051548802889,1,54.75051548802889,Winter,2024,1,True,kaggle_shopping
107271,Sunglasses,Coach,Accessories,67.0,17.697632203362936,55.142586423746835,1,55.142586423746835,Summer,2024,8,True,kaggle_shopping
107372,Sneakers,New Balance,Footwear,61.0,26.25495913077873,44.98447493022498,1,44.98447493022498,Winter,2024,1,True,kaggle_shopping
107473,Jacket,Canada Goose,Women's Fashion,75.0,21.440203300765948,58.91984752442554,1,58.91984752442554,Fall,2024,9,True,kaggle_shopping
107574,Skirt,H&M,Men's Fashion,90.0,21.89118988842774,70.29792910041503,1,70.29792910041503,Spring,2024,3,True,kaggle_shopping
107675,Sweater,Gap,Men's Fashion,40.0,21.4299505659234,31.42801977363064,1,31.42801977363064,Summer,2024,8,True,kaggle_shopping
107776,T-shirt,Gap,Men's Fashion,90.0,27.374196655290753,65.36322301023833,1,65.36322301023833,Fall,2024,9,True,kaggle_shopping
107877,Belt,Michael Kors,Accessories,20.0,19.64974510956214,16.070050978087572,1,16.070050978087572,Spring,2024,3,True,kaggle_shopping
107978,Gloves,Coach,Accessories,40.0,28.78363283883668,28.48654686446533,1,28.48654686446533,Summer,2024,8,True,kaggle_shopping
108079,Hat,Coach,Accessories,33.0,23.962238455016447,25.092461309844573,1,25.092461309844573,Fall,2024,9,True,kaggle_shopping
108180,Boots,Nike,Footwear,98.0,19.78899326293943,78.60678660231935,1,78.60678660231935,Spring,2024,3,True,kaggle_shopping
108281,Belt,Fossil,Accessories,42.0,22.8696113438273,32.394763235592535,1,32.394763235592535,Spring,2024,3,True,kaggle_shopping
108382,Coat,North Face,Women's Fashion,62.0,23.470603276231074,47.448225968736736,1,47.448225968736736,Summer,2024,8,True,kaggle_shopping
108483,Hat,Michael Kors,Accessories,45.0,15.20769942682415,38.156535257929136,1,38.156535257929136,Winter,2024,1,True,kaggle_shopping
108584,Shoes,Converse,Footwear,78.0,25.644120812001198,57.99758576663906,1,57.99758576663906,Summer,2024,8,True,kaggle_shopping
108685,Handbag,Coach,Accessories,80.0,16.55641506510012,66.7548679479199,1,66.7548679479199,Fall,2024,9,True,kaggle_shopping
108786,Scarf,Fossil,Accessories,96.0,18.483892873311337,78.25546284162112,1,78.25546284162112,Spring,2024,3,True,kaggle_shopping
108887,Handbag,Coach,Accessories,47.0,25.993369359585596,34.78311640099477,1,34.78311640099477,Summer,2024,8,True,kaggle_shopping
108988,Pants,Gap,Men's Fashion,84.0,20.482188272317096,66.79496185125365,1,66.79496185125365,Winter,2024,1,True,kaggle_shopping
109089,Shoes,Puma,Footwear,31.0,29.350861512827777,21.90123293102339,1,21.90123293102339,Spring,2024,3,True,kaggle_shopping
109190,Sunglasses,Michael Kors,Accessories,63.0,23.59515788418738,48.13505053296195,1,48.13505053296195,Spring,2024,3,True,kaggle_shopping
109291,Shorts,Zara,Men's Fashion,97.0,26.7313988546274,71.07054311101142,1,71.07054311101142,Spring,2024,3,True,kaggle_shopping
109392,Jacket,Columbia,Women's Fashion,99.0,16.352094226146374,82.8114267161151,1,82.8114267161151,Winter,2024,1,True,kaggle_shopping
109493,Sandals,Nike,Footwear,90.0,25.420577303442876,67.12148042690141,1,67.12148042690141,Winter,2024,1,True,kaggle_shopping
109594,Shoes,Puma,Footwear,68.0,21.420824957257455,53.43383902906493,1,53.43383902906493,Fall,2024,9,True,kaggle_shopping
109695,Jewelry,Coach,Accessories,80.0,29.83728533358605,56.130171733131164,1,56.130171733131164,Spring,2024,3,True,kaggle_shopping
109796,Sandals,Nike,Footwear,91.0,19.25880963413278,73.47448323293918,1,73.47448323293918,Summer,2024,8,True,kaggle_shopping
109897,Pants,Uniqlo,Men's Fashion,30.0,28.16046355905339,21.551860932283983,1,21.551860932283983,Spring,2024,3,True,kaggle_shopping
109998,Shoes,Nike,Footwear,90.0,27.267930611634192,65.45886244952922,1,65.45886244952922,Spring,2024,3,True,kaggle_shopping
110099,Socks,Forever 21,Men's Fashion,28.0,20.861909724927596,22.158665277020273,1,22.158665277020273,Spring,2024,3,True,kaggle_shopping
110100,Socks,Zara,Men's Fashion,46.0,29.250348736737756,32.54483958110063,1,32.54483958110063,Winter,2024,1,True,kaggle_shopping
110201,Dress,Uniqlo,Men's Fashion,60.0,21.868904805769457,46.87865711653832,1,46.87865711653832,Fall,2024,9,True,kaggle_shopping
110302,Shoes,Nike,Footwear,59.0,21.424166820711555,46.359741575780184,1,46.359741575780184,Spring,2024,3,True,kaggle_shopping
110403,Hat,Kate Spade,Accessories,68.0,27.813128988041726,49.08707228813163,1,49.08707228813163,Fall,2024,9,True,kaggle_shopping
110504,Backpack,Coach,Accessories,79.0,16.917049126347997,65.63553119018509,1,65.63553119018509,Summer,2024,8,True,kaggle_shopping
110605,Backpack,Kate Spade,Accessories,94.0,25.041815071440528,70.4606938328459,1,70.4606938328459,Winter,2024,1,True,kaggle_shopping
110706,Pants,Gap,Men's Fashion,83.0,24.424760166518126,62.72744906178996,1,62.72744906178996,Summer,2024,8,True,kaggle_shopping
110807,Gloves,Fossil,Accessories,62.0,16.35093902886361,51.86241780210456,1,51.86241780210456,Spring,2024,3,True,kaggle_shopping
110908,Scarf,Kate Spade,Accessories,85.0,24.530088319486104,64.1494249284368,1,64.1494249284368,Spring,2024,3,True,kaggle_shopping
111009,Hoodie,Forever 21,Men's Fashion,30.0,20.520746794477056,23.843775961656885,1,23.843775961656885,Summer,2024,8,True,kaggle_shopping
111110,Jeans,H&M,Men's Fashion,24.0,21.7249974504535,18.78600061189116,1,18.78600061189116,Spring,2024,3,True,kaggle_shopping
111211,Backpack,Michael Kors,Accessories,25.0,24.739928078749003,18.81501798031275,1,18.81501798031275,Spring,2024,3,True,kaggle_shopping
111312,Sandals,Puma,Footwear,37.0,20.993175926152258,29.23252490732366,1,29.23252490732366,Summer,2024,8,True,kaggle_shopping
111413,Belt,Fossil,Accessories,69.0,26.575163410428125,50.663137246804595,1,50.663137246804595,Summer,2024,8,True,kaggle_shopping
111514,Shoes,Puma,Footwear,97.0,22.42448022410128,75.24825418262175,1,75.24825418262175,Summer,2024,8,True,kaggle_shopping
111615,Gloves,Coach,Accessories,24.0,18.528170367831052,19.553239111720547,1,19.553239111720547,Summer,2024,8,True,kaggle_shopping
111716,Belt,Coach,Accessories,30.0,21.037751466849393,23.68867455994518,1,23.68867455994518,Summer,2024,8,True,kaggle_shopping
111817,Jacket,Columbia,Women's Fashion,53.0,23.593766260469096,40.49530388195138,1,40.49530388195138,Fall,2024,9,True,kaggle_shopping
111918,Dress,Uniqlo,Men's Fashion,70.0,23.800828410367828,53.33942011274252,1,53.33942011274252,Spring,2024,3,True,kaggle_shopping
112019,Shirt,Forever 21,Men's Fashion,76.0,26.00660979957396,56.234976552323786,1,56.234976552323786,Winter,2024,1,True,kaggle_shopping
112120,Scarf,Kate Spade,Accessories,95.0,27.88041482850445,68.51360591292077,1,68.51360591292077,Fall,2024,9,True,kaggle_shopping
112221,Coat,Canada Goose,Women's Fashion,51.0,29.287311220213123,36.063471277691306,1,36.063471277691306,Winter,2024,1,True,kaggle_shopping
112322,Handbag,Fossil,Accessories,41.0,28.79790852440147,29.192857504995395,1,29.192857504995395,Winter,2024,1,True,kaggle_shopping
112423,Sunglasses,Kate Spade,Accessories,71.0,19.936458025780667,56.84511480169573,1,56.84511480169573,Winter,2024,1,True,kaggle_shopping
112524,T-shirt,Forever 21,Men's Fashion,66.0,15.278427850066995,55.91623761895579,1,55.91623761895579,Summer,2024,8,True,kaggle_shopping
112625,Shirt,Gap,Men's Fashion,84.0,23.786168503695784,64.01961845689554,1,64.01961845689554,Winter,2024,1,True,kaggle_shopping
112726,Handbag,Fossil,Accessories,95.0,15.286451212809617,80.47787134783087,1,80.47787134783087,Winter,2024,1,True,kaggle_shopping
112827,Jewelry,Coach,Accessories,90.0,25.966084684434776,66.6305237840087,1,66.6305237840087,Summer,2024,8,True,kaggle_shopping
112928,Hoodie,Forever 21,Men's Fashion,36.0,28.053367136992833,25.900787830682578,1,25.900787830682578,Summer,2024,8,True,kaggle_shopping
113029,Gloves,Kate Spade,Accessories,22.0,26.978066911693233,16.064825279427488,1,16.064825279427488,Spring,2024,3,True,kaggle_shopping
113130,Coat,Patagonia,Women's Fashion,89.0,23.269712789052257,68.28995561774349,1,68.28995561774349,Winter,2024,1,True,kaggle_shopping
113231,Sandals,Nike,Footwear,50.0,22.169147001015148,38.915426499492426,1,38.915426499492426,Spring,2024,3,True,kaggle_shopping
113332,Boots,Nike,Footwear,36.0,27.513342597730478,26.095196664817024,1,26.095196664817024,Fall,2024,9,True,kaggle_shopping
113433,Pants,Gap,Men's Fashion,52.0,21.16528368776605,40.99405248236165,1,40.99405248236165,Spring,2024,3,True,kaggle_shopping
113534,Socks,H&M,Men's Fashion,29.0,21.563721596250573,22.746520737087334,1,22.746520737087334,Fall,2024,9,True,kaggle_shopping
113635,Blouse,Gap,Men's Fashion,89.0,17.8231367469025,73.13740829525678,1,73.13740829525678,Fall,2024,9,True,kaggle_shopping
113736,Handbag,Kate Spade,Accessories,47.0,17.677959488285033,38.691359040506036,1,38.691359040506036,Fall,2024,9,True,kaggle_shopping
113837,Jewelry,Fossil,Accessories,25.0,17.80162199342454,20.549594501643863,1,20.549594501643863,Spring,2024,3,True,kaggle_shopping
113938,Pants,Uniqlo,Men's Fashion,74.0,26.196386076535106,54.61467430336402,1,54.61467430336402,Fall,2024,9,True,kaggle_shopping
114039,Belt,Kate Spade,Accessories,46.0,20.89232262652677,36.389531591797684,1,36.389531591797684,Fall,2024,9,True,kaggle_shopping
114140,Jeans,Zara,Men's Fashion,22.0,17.914090298400176,18.058900134351962,1,18.058900134351962,Fall,2024,9,True,kaggle_shopping
114241,Shirt,Gap,Men's Fashion,25.0,23.45939971715645,19.13515007071089,1,19.13515007071089,Summer,2024,8,True,kaggle_shopping
114342,Belt,Coach,Accessories,80.0,22.640047597551746,61.8879619219586,1,61.8879619219586,Spring,2024,3,True,kaggle_shopping
114443,Jeans,Uniqlo,Men's Fashion,76.0,29.921041647570824,53.260008347846174,1,53.260008347846174,Spring,2024,3,True,kaggle_shopping
114544,Jeans,Zara,Men's Fashion,30.0,27.690548323506434,21.692835502948068,1,21.692835502948068,Summer,2024,8,True,kaggle_shopping
114645,Sweater,Uniqlo,Men's Fashion,79.0,17.469263842399293,65.19928156450456,1,65.19928156450456,Fall,2024,9,True,kaggle_shopping
114746,Sneakers,Puma,Footwear,22.0,23.060221876583817,16.92675118715156,1,16.92675118715156,Winter,2024,1,True,kaggle_shopping
114847,Socks,H&M,Men's Fashion,36.0,17.991978205421113,29.5228878460484,1,29.5228878460484,Fall,2024,9,True,kaggle_shopping
114948,Socks,Uniqlo,Men's Fashion,77.0,22.050782927768388,60.02089714561834,1,60.02089714561834,Fall,2024,9,True,kaggle_shopping
115049,Sunglasses,Coach,Accessories,33.0,22.3397382624254,25.62788637339962,1,25.62788637339962,Fall,2024,9,True,kaggle_shopping
115150,Sneakers,Adidas,Footwear,64.0,15.427580954559158,54.12634818908214,1,54.12634818908214,Winter,2024,1,True,kaggle_shopping
115251,Socks,H&M,Men's Fashion,53.0,21.521372402463363,41.59367262669441,1,41.59367262669441,Fall,2024,9,True,kaggle_shopping
115352,Shoes,Puma,Footwear,36.0,15.198380239180706,30.528583113894946,1,30.528583113894946,Fall,2024,9,True,kaggle_shopping
115453,Blouse,H&M,Men's Fashion,70.0,26.136513248525116,51.704440726032416,1,51.704440726032416,Spring,2024,3,True,kaggle_shopping
115554,Shorts,Forever 21,Men's Fashion,96.0,26.911823467490144,70.16464947120946,1,70.16464947120946,Winter,2024,1,True,kaggle_shopping
115655,Jacket,Patagonia,Women's Fashion,27.0,17.447897011755316,22.289067806826065,1,22.289067806826065,Spring,2024,3,True,kaggle_shopping
115756,Sweater,H&M,Men's Fashion,64.0,19.290716150881895,51.65394166343559,1,51.65394166343559,Winter,2024,1,True,kaggle_shopping
115857,Jacket,North Face,Women's Fashion,23.0,15.129625937924194,19.520186034277437,1,19.520186034277437,Spring,2024,3,True,kaggle_shopping
115958,Scarf,Fossil,Accessories,33.0,19.790290833094488,26.469204025078817,1,26.469204025078817,Summer,2024,8,True,kaggle_shopping
116059,Jacket,Canada Goose,Women's Fashion,34.0,22.940127772471,26.20035655735986,1,26.20035655735986,Winter,2024,1,True,kaggle_shopping
116160,Sweater,Zara,Men's Fashion,35.0,15.152720270421677,29.696547905352414,1,29.696547905352414,Summer,2024,8,True,kaggle_shopping
116261,Coat,Patagonia,Women's Fashion,62.0,16.686181019989576,51.654567767606466,1,51.654567767606466,Summer,2024,8,True,kaggle_shopping
116362,Boots,Adidas,Footwear,75.0,19.445742403403457,60.41569319744741,1,60.41569319744741,Fall,2024,9,True,kaggle_shopping
116463,Hoodie,Uniqlo,Men's Fashion,29.0,26.140905167809766,21.41913750133517,1,21.41913750133517,Summer,2024,8,True,kaggle_shopping
116564,Hat,Michael Kors,Accessories,28.0,15.804224702931604,23.574817083179152,1,23.574817083179152,Spring,2024,3,True,kaggle_shopping
116665,T-shirt,Zara,Men's Fashion,20.0,28.67402925351326,14.265194149297349,1,14.265194149297349,Spring,2024,3,True,kaggle_shopping
116766,Coat,Canada Goose,Women's Fashion,96.0,24.370504974420314,72.6043152245565,1,72.6043152245565,Winter,2024,1,True,kaggle_shopping
116867,Dress,Uniqlo,Men's Fashion,43.0,26.285762906170433,31.697121950346713,1,31.697121950346713,Summer,2024,8,True,kaggle_shopping
116968,Shirt,Uniqlo,Men's Fashion,94.0,23.198561928747182,72.19335178697764,1,72.19335178697764,Fall,2024,9,True,kaggle_shopping
117069,Skirt,Forever 21,Men's Fashion,81.0,16.99222684372998,67.23629625657871,1,67.23629625657871,Fall,2024,9,True,kaggle_shopping
117170,Jewelry,Michael Kors,Accessories,75.0,20.18411350235585,59.86191487323311,1,59.86191487323311,Summer,2024,8,True,kaggle_shopping
117271,Hat,Coach,Accessories,81.0,27.218715053919823,58.95284080632495,1,58.95284080632495,Summer,2024,8,True,kaggle_shopping
117372,Shorts,H&M,Men's Fashion,92.0,24.330885209942053,69.61558560685332,1,69.61558560685332,Fall,2024,9,True,kaggle_shopping
117473,Scarf,Kate Spade,Accessories,96.0,22.236390027240034,74.65306557384956,1,74.65306557384956,Spring,2024,3,True,kaggle_shopping
117574,Jewelry,Fossil,Accessories,71.0,22.968273073811886,54.69252611759356,1,54.69252611759356,Fall,2024,9,True,kaggle_shopping
117675,Sunglasses,Fossil,Accessories,50.0,23.82716549150571,38.086417254247145,1,38.086417254247145,Summer,2024,8,True,kaggle_shopping
117776,Coat,Columbia,Women's Fashion,72.0,19.0630399112202,58.27461126392146,1,58.27461126392146,Spring,2024,3,True,kaggle_shopping
117877,Jacket,Canada Goose,Women's Fashion,28.0,29.753510466765142,19.66901706930576,1,19.66901706930576,Winter,2024,1,True,kaggle_shopping
117978,Sweater,Zara,Men's Fashion,59.0,17.09154208065935,48.915990172410986,1,48.915990172410986,Fall,2024,9,True,kaggle_shopping
118079,Coat,Patagonia,Women's Fashion,33.0,27.776531436989377,23.833744625793507,1,23.833744625793507,Summer,2024,8,True,kaggle_shopping
118180,Scarf,Fossil,Accessories,59.0,22.310966836528365,45.83652956644826,1,45.83652956644826,Fall,2024,9,True,kaggle_shopping
118281,Belt,Michael Kors,Accessories,30.0,25.364113369794282,22.390765989061716,1,22.390765989061716,Spring,2024,3,True,kaggle_shopping
118382,Hat,Fossil,Accessories,85.0,23.50410356260909,65.02151197178227,1,65.02151197178227,Winter,2024,1,True,kaggle_shopping
118483,Backpack,Fossil,Accessories,97.0,15.622708266262876,81.84597298172501,1,81.84597298172501,Summer,2024,8,True,kaggle_shopping
118584,T-shirt,Uniqlo,Men's Fashion,36.0,24.04354231394347,27.344324766980353,1,27.344324766980353,Fall,2024,9,True,kaggle_shopping
118685,Jewelry,Michael Kors,Accessories,85.0,22.890032481996442,65.54347239030302,1,65.54347239030302,Winter,2024,1,True,kaggle_shopping
118786,Sunglasses,Coach,Accessories,62.0,23.0422559588089,47.71380130553848,1,47.71380130553848,Winter,2024,1,True,kaggle_shopping
118887,Jeans,Gap,Men's Fashion,71.0,26.926487890776638,51.882193597548586,1,51.882193597548586,Winter,2024,1,True,kaggle_shopping
118988,Pants,Gap,Men's Fashion,21.0,15.595200550188354,17.725007884460446,1,17.725007884460446,Winter,2024,1,True,kaggle_shopping
119089,Backpack,Michael Kors,Accessories,61.0,17.282746681084,50.457524524538755,1,50.457524524538755,Spring,2024,3,True,kaggle_shopping
119190,Scarf,Coach,Accessories,58.0,16.162347079217383,48.62583869405392,1,48.62583869405392,Spring,2024,3,True,kaggle_shopping
119291,Sweater,Forever 21,Men's Fashion,80.0,28.75082675468911,56.999338596248705,1,56.999338596248705,Spring,2024,3,True,kaggle_shopping
119392,Jewelry,Michael Kors,Accessories,50.0,23.140043778919114,38.42997811054044,1,38.42997811054044,Spring,2024,3,True,kaggle_shopping
119493,Sneakers,Adidas,Footwear,48.0,18.285912779023057,39.22276186606893,1,39.22276186606893,Winter,2024,1,True,kaggle_shopping
119594,Jewelry,Michael Kors,Accessories,40.0,20.192641322544787,31.922943470982084,1,31.922943470982084,Winter,2024,1,True,kaggle_shopping
119695,Coat,Canada Goose,Women's Fashion,34.0,27.562263769638044,24.628830318323068,1,24.628830318323068,Summer,2024,8,True,kaggle_shopping
119796,Coat,Canada Goose,Women's Fashion,46.0,16.60168173348779,38.363226402595615,1,38.363226402595615,Fall,2024,9,True,kaggle_shopping
119897,Sunglasses,Michael Kors,Accessories,27.0,16.968280879798023,22.418564162454533,1,22.418564162454533,Summer,2024,8,True,kaggle_shopping
119998,Handbag,Fossil,Accessories,98.0,25.20656418184197,73.29756710179487,1,73.29756710179487,Spring,2024,3,True,kaggle_shopping
120099,Sweater,Forever 21,Men's Fashion,73.0,21.333698706848033,57.426399944000934,1,57.426399944000934,Fall,2024,9,True,kaggle_shopping
120100,Pants,Gap,Men's Fashion,28.0,21.06153562911719,22.102770023847185,1,22.102770023847185,Spring,2024,3,True,kaggle_shopping
120201,Gloves,Michael Kors,Accessories,76.0,21.53879499037972,59.63051580731141,1,59.63051580731141,Fall,2024,9,True,kaggle_shopping
120302,Sweater,Zara,Men's Fashion,83.0,29.001443329205614,58.92880203675934,1,58.92880203675934,Fall,2024,9,True,kaggle_shopping
120403,Hoodie,Uniqlo,Men's Fashion,23.0,26.649160236239513,16.870693145664912,1,16.870693145664912,Spring,2024,3,True,kaggle_shopping
120504,Hat,Michael Kors,Accessories,28.0,29.73113754386563,19.675281487717626,1,19.675281487717626,Fall,2024,9,True,kaggle_shopping
120605,T-shirt,H&M,Men's Fashion,83.0,19.561927034302546,66.76360056152889,1,66.76360056152889,Spring,2024,3,True,kaggle_shopping
120706,Skirt,H&M,Men's Fashion,96.0,26.282181267713913,70.76910598299465,1,70.76910598299465,Winter,2024,1,True,kaggle_shopping
120807,Sneakers,Nike,Footwear,62.0,29.078174315833497,43.971531924183225,1,43.971531924183225,Fall,2024,9,True,kaggle_shopping
120908,Shorts,H&M,Men's Fashion,25.0,26.987068213356658,18.253232946660837,1,18.253232946660837,Fall,2024,9,True,kaggle_shopping
121009,Hoodie,Zara,Men's Fashion,97.0,21.740321544860794,75.91188810148503,1,75.91188810148503,Winter,2024,1,True,kaggle_shopping
121110,Hoodie,H&M,Men's Fashion,61.0,24.271347604790044,46.19447796107808,1,46.19447796107808,Fall,2024,9,True,kaggle_shopping
121211,Shoes,Converse,Footwear,66.0,16.779732802103528,54.92537635061167,1,54.92537635061167,Summer,2024,8,True,kaggle_shopping
121312,Hoodie,Zara,Men's Fashion,67.0,22.522508764668217,51.909919127672296,1,51.909919127672296,Spring,2024,3,True,kaggle_shopping
121413,Sunglasses,Coach,Accessories,80.0,17.200196803251636,66.23984255739869,1,66.23984255739869,Summer,2024,8,True,kaggle_shopping
121514,Skirt,Forever 21,Men's Fashion,25.0,27.119982947118068,18.220004263220485,1,18.220004263220485,Fall,2024,9,True,kaggle_shopping
121615,Hat,Coach,Accessories,58.0,24.939936739800363,43.53483669091579,1,43.53483669091579,Fall,2024,9,True,kaggle_shopping
121716,Backpack,Michael Kors,Accessories,96.0,22.512730141762574,74.38777906390793,1,74.38777906390793,Winter,2024,1,True,kaggle_shopping
121817,Sunglasses,Coach,Accessories,77.0,19.910334687591607,61.669042290554465,1,61.669042290554465,Spring,2024,3,True,kaggle_shopping
121918,Belt,Kate Spade,Accessories,65.0,20.896766127978413,51.41710201681403,1,51.41710201681403,Summer,2024,8,True,kaggle_shopping
122019,Jewelry,Kate Spade,Accessories,36.0,18.186289212640407,29.452935883449456,1,29.452935883449456,Spring,2024,3,True,kaggle_shopping
122120,Sneakers,Nike,Footwear,84.0,23.34619779457315,64.38919385255855,1,64.38919385255855,Winter,2024,1,True,kaggle_shopping
122221,T-shirt,H&M,Men's Fashion,58.0,19.328191587062662,46.78964887950366,1,46.78964887950366,Fall,2024,9,True,kaggle_shopping
122322,Handbag,Fossil,Accessories,62.0,25.54369620684713,46.16290835175478,1,46.16290835175478,Spring,2024,3,True,kaggle_shopping
122423,Hat,Coach,Accessories,67.0,26.850839751935048,49.009937366203516,1,49.009937366203516,Fall,2024,9,True,kaggle_shopping
122524,Sweater,Zara,Men's Fashion,20.0,20.118111414849686,15.976377717030063,1,15.976377717030063,Spring,2024,3,True,kaggle_shopping
122625,Sandals,New Balance,Footwear,90.0,27.133698347743092,65.57967148703122,1,65.57967148703122,Summer,2024,8,True,kaggle_shopping
122726,Scarf,Kate Spade,Accessories,58.0,28.490796377023635,41.475338101326294,1,41.475338101326294,Winter,2024,1,True,kaggle_shopping
122827,Shirt,Gap,Men's Fashion,53.0,19.86212970052855,42.47307125871987,1,42.47307125871987,Spring,2024,3,True,kaggle_shopping
122928,Gloves,Coach,Accessories,30.0,20.46209409328014,23.86137177201596,1,23.86137177201596,Winter,2024,1,True,kaggle_shopping
123029,Hoodie,Zara,Men's Fashion,65.0,25.005966591527443,48.74612171550716,1,48.74612171550716,Winter,2024,1,True,kaggle_shopping
123130,Jewelry,Michael Kors,Accessories,41.0,27.124447221579423,29.878976639152434,1,29.878976639152434,Summer,2024,8,True,kaggle_shopping
123231,Shirt,Forever 21,Men's Fashion,73.0,15.060222499477698,62.006037575381285,1,62.006037575381285,Spring,2024,3,True,kaggle_shopping
123332,Hoodie,Uniqlo,Men's Fashion,98.0,15.339093405242256,82.9676884628626,1,82.9676884628626,Spring,2024,3,True,kaggle_shopping
123433,Shoes,Adidas,Footwear,36.0,15.221567107135874,30.520235841431088,1,30.520235841431088,Winter,2024,1,True,kaggle_shopping
123534,T-shirt,Uniqlo,Men's Fashion,81.0,20.62864674700971,64.29079613492213,1,64.29079613492213,Summer,2024,8,True,kaggle_shopping
123635,Skirt,Zara,Men's Fashion,90.0,17.818101006119615,73.96370909449234,1,73.96370909449234,Winter,2024,1,True,kaggle_shopping
123736,Handbag,Michael Kors,Accessories,83.0,15.329231802803191,70.27673760367335,1,70.27673760367335,Summer,2024,8,True,kaggle_shopping
123837,Shirt,Forever 21,Men's Fashion,91.0,23.250372767126848,69.84216078191457,1,69.84216078191457,Winter,2024,1,True,kaggle_shopping
123938,Pants,Zara,Men's Fashion,36.0,26.5522360301957,26.44119502912955,1,26.44119502912955,Summer,2024,8,True,kaggle_shopping
124039,Coat,Patagonia,Women's Fashion,53.0,22.080304858487775,41.29743842500148,1,41.29743842500148,Spring,2024,3,True,kaggle_shopping
124140,Jeans,Forever 21,Men's Fashion,39.0,29.048987621255527,27.670894827710345,1,27.670894827710345,Winter,2024,1,True,kaggle_shopping
124241,Gloves,Kate Spade,Accessories,33.0,28.93809404347883,23.450428965651987,1,23.450428965651987,Winter,2024,1,True,kaggle_shopping
124342,T-shirt,Uniqlo,Men's Fashion,76.0,24.348050652806503,57.49548150386706,1,57.49548150386706,Spring,2024,3,True,kaggle_shopping
124443,Boots,Adidas,Footwear,23.0,19.71897185361991,18.464636473667422,1,18.464636473667422,Winter,2024,1,True,kaggle_shopping
124544,Jeans,Gap,Men's Fashion,54.0,17.266613227121546,44.67602885735436,1,44.67602885735436,Fall,2024,9,True,kaggle_shopping
124645,Sneakers,Nike,Footwear,89.0,22.6425421423492,68.84813749330921,1,68.84813749330921,Summer,2024,8,True,kaggle_shopping
124746,Sneakers,New Balance,Footwear,38.0,18.366621838555314,31.020683701348982,1,31.020683701348982,Summer,2024,8,True,kaggle_shopping
124847,Hat,Fossil,Accessories,36.0,26.588735181449504,26.428055334678177,1,26.428055334678177,Winter,2024,1,True,kaggle_shopping
124948,Pants,Gap,Men's Fashion,66.0,16.979887149824545,54.7932744811158,1,54.7932744811158,Spring,2024,3,True,kaggle_shopping
125049,Jewelry,Coach,Accessories,42.0,22.460299740385558,32.56667410903807,1,32.56667410903807,Spring,2024,3,True,kaggle_shopping
125150,Jewelry,Coach,Accessories,36.0,19.64606239317447,28.927417538457192,1,28.927417538457192,Winter,2024,1,True,kaggle_shopping
125251,Blouse,Forever 21,Men's Fashion,86.0,19.19472272763161,69.49253845423682,1,69.49253845423682,Spring,2024,3,True,kaggle_shopping
125352,Handbag,Kate Spade,Accessories,49.0,22.603574338207117,37.92424857427851,1,37.92424857427851,Fall,2024,9,True,kaggle_shopping
125453,Shirt,Forever 21,Men's Fashion,41.0,21.463345841869838,32.200028204833366,1,32.200028204833366,Summer,2024,8,True,kaggle_shopping
125554,Dress,Uniqlo,Men's Fashion,82.0,22.06194156608319,63.909207915811784,1,63.909207915811784,Spring,2024,3,True,kaggle_shopping
125655,T-shirt,Zara,Men's Fashion,53.0,25.43685868185994,39.51846489861423,1,39.51846489861423,Fall,2024,9,True,kaggle_shopping
125756,Shoes,Converse,Footwear,21.0,21.028728827216323,16.583966946284573,1,16.583966946284573,Summer,2024,8,True,kaggle_shopping
125857,Belt,Kate Spade,Accessories,66.0,27.960026644762543,47.54638241445672,1,47.54638241445672,Fall,2024,9,True,kaggle_shopping
125958,Belt,Coach,Accessories,89.0,26.336277435126156,65.56071308273772,1,65.56071308273772,Summer,2024,8,True,kaggle_shopping
126059,Handbag,Michael Kors,Accessories,55.0,24.027069571723413,41.78511173555212,1,41.78511173555212,Fall,2024,9,True,kaggle_shopping
126160,Scarf,Kate Spade,Accessories,42.0,26.910322590583007,30.697664511955136,1,30.697664511955136,Summer,2024,8,True,kaggle_shopping
126261,Shorts,Zara,Men's Fashion,52.0,17.978419284625627,42.65122197199467,1,42.65122197199467,Fall,2024,9,True,kaggle_shopping
126362,Sandals,Puma,Footwear,92.0,25.230786306375045,68.78767659813495,1,68.78767659813495,Winter,2024,1,True,kaggle_shopping
126463,Pants,Gap,Men's Fashion,56.0,24.569967391841722,42.24081826056864,1,42.24081826056864,Summer,2024,8,True,kaggle_shopping
126564,Dress,H&M,Men's Fashion,96.0,22.62935854760046,74.27581579430355,1,74.27581579430355,Winter,2024,1,True,kaggle_shopping
126665,T-shirt,Uniqlo,Men's Fashion,64.0,29.2137946988973,45.30317139270573,1,45.30317139270573,Winter,2024,1,True,kaggle_shopping
126766,Dress,Forever 21,Men's Fashion,48.0,26.268934317241502,35.39091152772407,1,35.39091152772407,Winter,2024,1,True,kaggle_shopping
126867,Socks,H&M,Men's Fashion,83.0,19.933351993507813,66.45531784538852,1,66.45531784538852,Summer,2024,8,True,kaggle_shopping
126968,Scarf,Kate Spade,Accessories,91.0,26.304855945850484,67.06258108927607,1,67.06258108927607,Summer,2024,8,True,kaggle_shopping
127069,Backpack,Kate Spade,Accessories,94.0,20.211702880261804,75.0009992925539,1,75.0009992925539,Fall,2024,9,True,kaggle_shopping
127170,Skirt,H&M,Men's Fashion,62.0,28.83084369545776,44.124876908816184,1,44.124876908816184,Spring,2024,3,True,kaggle_shopping
127271,Socks,Forever 21,Men's Fashion,55.0,28.790052027748764,39.16547138473818,1,39.16547138473818,Spring,2024,3,True,kaggle_shopping
127372,Coat,North Face,Women's Fashion,68.0,22.275534520681017,52.85263652593691,1,52.85263652593691,Spring,2024,3,True,kaggle_shopping
127473,Jewelry,Fossil,Accessories,76.0,16.38114408100737,63.5503304984344,1,63.5503304984344,Winter,2024,1,True,kaggle_shopping
127574,Backpack,Michael Kors,Accessories,31.0,26.852963144902482,22.675581425080228,1,22.675581425080228,Winter,2024,1,True,kaggle_shopping
127675,Belt,Michael Kors,Accessories,81.0,28.39030440648986,58.00385343074321,1,58.00385343074321,Spring,2024,3,True,kaggle_shopping
127776,Dress,Gap,Men's Fashion,83.0,20.413728373648063,66.05660544987211,1,66.05660544987211,Winter,2024,1,True,kaggle_shopping
127877,Skirt,Gap,Men's Fashion,21.0,27.670286020673153,15.189239935658637,1,15.189239935658637,Spring,2024,3,True,kaggle_shopping
127978,Dress,H&M,Men's Fashion,22.0,23.878689132159373,16.746688390924938,1,16.746688390924938,Spring,2024,3,True,kaggle_shopping
128079,T-shirt,Forever 21,Men's Fashion,33.0,16.507151052684197,27.552640152614213,1,27.552640152614213,Summer,2024,8,True,kaggle_shopping
128180,Skirt,H&M,Men's Fashion,23.0,18.123240088855354,18.83165477956327,1,18.83165477956327,Spring,2024,3,True,kaggle_shopping
128281,Shorts,Zara,Men's Fashion,96.0,19.924001892285737,76.8729581834057,1,76.8729581834057,Summer,2024,8,True,kaggle_shopping
128382,Jewelry,Kate Spade,Accessories,21.0,23.229983686632277,16.121703425807222,1,16.121703425807222,Spring,2024,3,True,kaggle_shopping
128483,Pants,Forever 21,Men's Fashion,39.0,16.924069038168128,32.39961307511443,1,32.39961307511443,Spring,2024,3,True,kaggle_shopping
128584,Belt,Kate Spade,Accessories,73.0,21.543837749733207,57.27299844269476,1,57.27299844269476,Fall,2024,9,True,kaggle_shopping
128685,Jeans,Forever 21,Men's Fashion,64.0,16.524951687047682,53.42403092028948,1,53.42403092028948,Spring,2024,3,True,kaggle_shopping
128786,Jeans,Gap,Men's Fashion,68.0,26.36665874637569,50.07067205246453,1,50.07067205246453,Summer,2024,8,True,kaggle_shopping
128887,Hat,Fossil,Accessories,89.0,26.708424462870074,65.22950222804563,1,65.22950222804563,Fall,2024,9,True,kaggle_shopping
128988,Blouse,Zara,Men's Fashion,29.0,18.89132820274135,23.521514821205006,1,23.521514821205006,Summer,2024,8,True,kaggle_shopping
129089,Shirt,Forever 21,Men's Fashion,97.0,19.380534497236077,78.200881537681,1,78.200881537681,Summer,2024,8,True,kaggle_shopping
129190,Shirt,Gap,Men's Fashion,45.0,20.6281222830213,35.71734497264042,1,35.71734497264042,Winter,2024,1,True,kaggle_shopping
129291,T-shirt,Uniqlo,Men's Fashion,70.0,26.411482901200408,51.511961969159714,1,51.511961969159714,Winter,2024,1,True,kaggle_shopping
129392,Coat,Canada Goose,Women's Fashion,56.0,19.99180049163413,44.80459172468489,1,44.80459172468489,Summer,2024,8,True,kaggle_shopping
129493,Jacket,Columbia,Women's Fashion,55.0,20.679695364308312,43.62616754963042,1,43.62616754963042,Fall,2024,9,True,kaggle_shopping
129594,Hoodie,Gap,Men's Fashion,46.0,28.980895815455973,32.66878792489025,1,32.66878792489025,Winter,2024,1,True,kaggle_shopping
129695,Scarf,Coach,Accessories,95.0,25.223692978384417,71.0374916705348,1,71.0374916705348,Winter,2024,1,True,kaggle_shopping
129796,Belt,Fossil,Accessories,88.0,22.755779062869255,67.97491442467506,1,67.97491442467506,Winter,2024,1,True,kaggle_shopping
129897,Sneakers,Adidas,Footwear,92.0,29.32740791379379,65.0187847193097,1,65.0187847193097,Fall,2024,9,True,kaggle_shopping
129998,Socks,Gap,Men's Fashion,49.0,25.220185547524103,36.642109081713194,1,36.642109081713194,Summer,2024,8,True,kaggle_shopping
130099,Sandals,Converse,Footwear,89.0,23.09738639400107,68.44332610933904,1,68.44332610933904,Fall,2024,9,True,kaggle_shopping
130100,Coat,North Face,Women's Fashion,22.0,24.250917426985175,16.66479816606326,1,16.66479816606326,Winter,2024,1,True,kaggle_shopping
130201,Shoes,Puma,Footwear,61.0,24.128558567033952,46.28157927410929,1,46.28157927410929,Summer,2024,8,True,kaggle_shopping
130302,Scarf,Kate Spade,Accessories,29.0,17.77821598396357,23.844317364650568,1,23.844317364650568,Spring,2024,3,True,kaggle_shopping
130403,Sneakers,Converse,Footwear,82.0,15.570386625176223,69.2322829673555,1,69.2322829673555,Winter,2024,1,True,kaggle_shopping
130504,Belt,Coach,Accessories,94.0,20.052782987657572,75.15038399160188,1,75.15038399160188,Spring,2024,3,True,kaggle_shopping
130605,Handbag,Coach,Accessories,99.0,22.872122997890905,76.356598232088,1,76.356598232088,Spring,2024,3,True,kaggle_shopping
130706,Handbag,Kate Spade,Accessories,59.0,15.245335549764624,50.00525202563887,1,50.00525202563887,Fall,2024,9,True,kaggle_shopping
130807,Boots,Puma,Footwear,90.0,25.819999163792197,66.76200075258703,1,66.76200075258703,Summer,2024,8,True,kaggle_shopping
130908,Boots,Adidas,Footwear,100.0,22.014438696469973,77.98556130353003,1,77.98556130353003,Winter,2024,1,True,kaggle_shopping
131009,Pants,H&M,Men's Fashion,62.0,16.94818885957058,51.49212290706624,1,51.49212290706624,Winter,2024,1,True,kaggle_shopping
131110,Sunglasses,Fossil,Accessories,78.0,17.487878834485333,64.35945450910144,1,64.35945450910144,Fall,2024,9,True,kaggle_shopping
131211,Hoodie,Zara,Men's Fashion,94.0,15.164967183473049,79.74493084753534,1,79.74493084753534,Spring,2024,3,True,kaggle_shopping
131312,Shoes,New Balance,Footwear,74.0,24.686911645570078,55.731685382278144,1,55.731685382278144,Summer,2024,8,True,kaggle_shopping
131413,Handbag,Coach,Accessories,52.0,21.56152413072585,40.788007452022555,1,40.788007452022555,Spring,2024,3,True,kaggle_shopping
131514,Jacket,North Face,Women's Fashion,81.0,26.013836323510986,59.9287925779561,1,59.9287925779561,Fall,2024,9,True,kaggle_shopping
131615,Blouse,H&M,Men's Fashion,20.0,26.10475593863915,14.77904881227217,1,14.77904881227217,Winter,2024,1,True,kaggle_shopping
131716,Pants,Gap,Men's Fashion,32.0,28.195858601273933,22.97732524759234,1,22.97732524759234,Summer,2024,8,True,kaggle_shopping
131817,Boots,New Balance,Footwear,63.0,22.13254117852218,49.05649905753103,1,49.05649905753103,Fall,2024,9,True,kaggle_shopping
131918,Boots,Nike,Footwear,79.0,24.48697545684027,59.65528938909619,1,59.65528938909619,Spring,2024,3,True,kaggle_shopping
132019,Sweater,Uniqlo,Men's Fashion,23.0,21.39920390335009,18.078183102229477,1,18.078183102229477,Winter,2024,1,True,kaggle_shopping
132120,Gloves,Fossil,Accessories,64.0,25.84373791058321,47.460007737226746,1,47.460007737226746,Winter,2024,1,True,kaggle_shopping
132221,Socks,H&M,Men's Fashion,69.0,26.166681500669554,50.94498976453801,1,50.94498976453801,Winter,2024,1,True,kaggle_shopping
132322,Jeans,Forever 21,Men's Fashion,69.0,15.476481213459069,58.321227962713245,1,58.321227962713245,Fall,2024,9,True,kaggle_shopping
132423,Pants,Uniqlo,Men's Fashion,24.0,21.0453047330965,18.94912686405684,1,18.94912686405684,Winter,2024,1,True,kaggle_shopping
132524,Shorts,Forever 21,Men's Fashion,50.0,29.924924835803623,35.03753758209819,1,35.03753758209819,Summer,2024,8,True,kaggle_shopping
132625,Gloves,Coach,Accessories,97.0,19.213800686107906,78.36261333447533,1,78.36261333447533,Fall,2024,9,True,kaggle_shopping
132726,Sandals,New Balance,Footwear,91.0,28.497290242628754,65.06746587920784,1,65.06746587920784,Fall,2024,9,True,kaggle_shopping
132827,Blouse,Zara,Men's Fashion,37.0,27.596296282394274,26.789370375514117,1,26.789370375514117,Spring,2024,3,True,kaggle_shopping
132928,Jacket,Columbia,Women's Fashion,55.0,21.419435974044777,43.219310214275374,1,43.219310214275374,Winter,2024,1,True,kaggle_shopping
133029,Jewelry,Kate Spade,Accessories,52.0,16.69382427480131,43.31921137710332,1,43.31921137710332,Winter,2024,1,True,kaggle_shopping
133130,Hat,Fossil,Accessories,80.0,18.289661845651064,65.36827052347915,1,65.36827052347915,Spring,2024,3,True,kaggle_shopping
133231,Socks,H&M,Men's Fashion,79.0,19.39133760085207,63.680843295326866,1,63.680843295326866,Spring,2024,3,True,kaggle_shopping
133332,Handbag,Kate Spade,Accessories,23.0,21.520754831644204,18.050226388721832,1,18.050226388721832,Summer,2024,8,True,kaggle_shopping
133433,Pants,Gap,Men's Fashion,73.0,22.628050473907237,56.48152315404772,1,56.48152315404772,Winter,2024,1,True,kaggle_shopping
133534,Gloves,Kate Spade,Accessories,99.0,19.55839968786051,79.6371843090181,1,79.6371843090181,Fall,2024,9,True,kaggle_shopping
133635,Sweater,Zara,Men's Fashion,22.0,20.100772824143657,17.577829978688396,1,17.577829978688396,Spring,2024,3,True,kaggle_shopping
133736,Hat,Kate Spade,Accessories,68.0,15.180249117881731,57.67743059984043,1,57.67743059984043,Summer,2024,8,True,kaggle_shopping
133837,Dress,Uniqlo,Men's Fashion,92.0,28.812804293713363,65.49222004978371,1,65.49222004978371,Spring,2024,3,True,kaggle_shopping
133938,Pants,Zara,Men's Fashion,77.0,22.17543501504511,59.924915038415264,1,59.924915038415264,Winter,2024,1,True,kaggle_shopping
134039,Coat,Canada Goose,Women's Fashion,37.0,15.734364672494358,31.178285071177086,1,31.178285071177086,Spring,2024,3,True,kaggle_shopping
134140,Scarf,Kate Spade,Accessories,79.0,25.988518052466517,58.46907073855145,1,58.46907073855145,Winter,2024,1,True,kaggle_shopping
134241,Hoodie,Uniqlo,Men's Fashion,51.0,27.48559484325814,36.98234662993835,1,36.98234662993835,Winter,2024,1,True,kaggle_shopping
134342,Socks,Forever 21,Men's Fashion,27.0,25.98594798735894,19.983794043413088,1,19.983794043413088,Summer,2024,8,True,kaggle_shopping
134443,Blouse,Gap,Men's Fashion,23.0,15.34776760316024,19.470013451273147,1,19.470013451273147,Spring,2024,3,True,kaggle_shopping
134544,Socks,Forever 21,Men's Fashion,76.0,21.521674714898815,59.64352721667691,1,59.64352721667691,Summer,2024,8,True,kaggle_shopping
134645,Dress,H&M,Men's Fashion,31.0,16.42089333372313,25.90952306654583,1,25.90952306654583,Fall,2024,9,True,kaggle_shopping
134746,Hoodie,Gap,Men's Fashion,60.0,26.811262828186507,43.9132423030881,1,43.9132423030881,Winter,2024,1,True,kaggle_shopping
134847,T-shirt,Zara,Men's Fashion,99.0,17.75250215645177,81.42502286511275,1,81.42502286511275,Spring,2024,3,True,kaggle_shopping
134948,Hat,Michael Kors,Accessories,37.0,29.0719147182242,26.243391554257045,1,26.243391554257045,Winter,2024,1,True,kaggle_shopping
135049,Boots,Nike,Footwear,50.0,19.56741187343019,40.216294063284906,1,40.216294063284906,Winter,2024,1,True,kaggle_shopping
135150,Jeans,H&M,Men's Fashion,26.0,29.78348376968778,18.256294219881177,1,18.256294219881177,Winter,2024,1,True,kaggle_shopping
135251,Shorts,Gap,Men's Fashion,86.0,18.23948385645345,70.31404388345003,1,70.31404388345003,Spring,2024,3,True,kaggle_shopping
135352,Sandals,Puma,Footwear,41.0,28.05280318746162,29.498350693140736,1,29.498350693140736,Fall,2024,9,True,kaggle_shopping
135453,Sandals,New Balance,Footwear,23.0,20.992755087704722,18.17166632982791,1,18.17166632982791,Winter,2024,1,True,kaggle_shopping
135554,Sneakers,Adidas,Footwear,56.0,21.170354643346315,44.144601399726064,1,44.144601399726064,Spring,2024,3,True,kaggle_shopping
135655,Hat,Coach,Accessories,68.0,22.406228994163296,52.76376428396896,1,52.76376428396896,Fall,2024,9,True,kaggle_shopping
135756,Coat,Canada Goose,Women's Fashion,48.0,28.07632823238366,34.52336244845584,1,34.52336244845584,Winter,2024,1,True,kaggle_shopping
135857,Dress,H&M,Men's Fashion,67.0,18.85045080238643,54.37019796240109,1,54.37019796240109,Spring,2024,3,True,kaggle_shopping
135958,Boots,New Balance,Footwear,87.0,26.086398847124173,64.30483300300197,1,64.30483300300197,Spring,2024,3,True,kaggle_shopping
136059,Skirt,Zara,Men's Fashion,64.0,20.894106509885408,50.627771833673336,1,50.627771833673336,Fall,2024,9,True,kaggle_shopping
136160,Shirt,Gap,Men's Fashion,93.0,20.545575327100615,73.89261494579642,1,73.89261494579642,Spring,2024,3,True,kaggle_shopping
136261,Shirt,H&M,Men's Fashion,29.0,20.381387132020325,23.089397731714108,1,23.089397731714108,Summer,2024,8,True,kaggle_shopping
136362,Boots,Converse,Footwear,62.0,25.48324312289671,46.200389263804034,1,46.200389263804034,Winter,2024,1,True,kaggle_shopping
136463,Hoodie,Uniqlo,Men's Fashion,70.0,16.29416964477851,58.594081248655044,1,58.594081248655044,Winter,2024,1,True,kaggle_shopping
136564,Sweater,H&M,Men's Fashion,92.0,16.636521604904637,76.69440012348774,1,76.69440012348774,Winter,2024,1,True,kaggle_shopping
136665,Shirt,H&M,Men's Fashion,79.0,21.29506550778894,62.17689824884673,1,62.17689824884673,Spring,2024,3,True,kaggle_shopping
136766,Blouse,Uniqlo,Men's Fashion,31.0,15.635804576805628,26.152900581190256,1,26.152900581190256,Fall,2024,9,True,kaggle_shopping
136867,T-shirt,Uniqlo,Men's Fashion,83.0,25.84659758428043,61.547324005047244,1,61.547324005047244,Spring,2024,3,True,kaggle_shopping
136968,Jacket,Canada Goose,Women's Fashion,88.0,16.59120327996943,73.3997411136269,1,73.3997411136269,Winter,2024,1,True,kaggle_shopping
137069,Jewelry,Kate Spade,Accessories,53.0,28.69298372402043,37.79271862626917,1,37.79271862626917,Spring,2024,3,True,kaggle_shopping
137170,Hoodie,Uniqlo,Men's Fashion,98.0,19.15198240763994,79.23105724051285,1,79.23105724051285,Fall,2024,9,True,kaggle_shopping
137271,Jewelry,Coach,Accessories,57.0,18.07125907272164,46.69938232854866,1,46.69938232854866,Spring,2024,3,True,kaggle_shopping
137372,Sandals,Nike,Footwear,80.0,22.557897936917772,61.95368165046578,1,61.95368165046578,Winter,2024,1,True,kaggle_shopping
137473,Jeans,Uniqlo,Men's Fashion,29.0,28.00948020146982,20.87725074157375,1,20.87725074157375,Spring,2024,3,True,kaggle_shopping
137574,Hat,Coach,Accessories,73.0,20.835156593136514,57.79033568701034,1,57.79033568701034,Spring,2024,3,True,kaggle_shopping
137675,Sweater,Gap,Men's Fashion,32.0,18.3094953325327,26.140961493589536,1,26.140961493589536,Fall,2024,9,True,kaggle_shopping
137776,Boots,Puma,Footwear,68.0,18.504254962536766,55.41710662547499,1,55.41710662547499,Spring,2024,3,True,kaggle_shopping
137877,Blouse,Gap,Men's Fashion,97.0,22.070953192510228,75.59117540326508,1,75.59117540326508,Spring,2024,3,True,kaggle_shopping
137978,Shorts,Forever 21,Men's Fashion,98.0,16.757194164542966,81.57794971874789,1,81.57794971874789,Fall,2024,9,True,kaggle_shopping
138079,Hoodie,Forever 21,Men's Fashion,56.0,26.488608219579973,41.166379397035215,1,41.166379397035215,Fall,2024,9,True,kaggle_shopping
138180,Pants,Gap,Men's Fashion,78.0,16.274627171520525,65.30579080621399,1,65.30579080621399,Winter,2024,1,True,kaggle_shopping
138281,Belt,Fossil,Accessories,81.0,15.666045769452625,68.31050292674337,1,68.31050292674337,Spring,2024,3,True,kaggle_shopping
138382,Shirt,Gap,Men's Fashion,68.0,25.410239515394842,50.7210371295315,1,50.7210371295315,Winter,2024,1,True,kaggle_shopping
138483,Shirt,H&M,Men's Fashion,94.0,16.445870766527456,78.54088147946419,1,78.54088147946419,Winter,2024,1,True,kaggle_shopping
138584,Dress,H&M,Men's Fashion,93.0,25.076981371546456,69.67840732446179,1,69.67840732446179,Spring,2024,3,True,kaggle_shopping
138685,Gloves,Michael Kors,Accessories,99.0,19.004464187598472,80.18558045427751,1,80.18558045427751,Fall,2024,9,True,kaggle_shopping
138786,Gloves,Coach,Accessories,49.0,19.466007473989833,39.461656337744984,1,39.461656337744984,Winter,2024,1,True,kaggle_shopping
138887,Jeans,Zara,Men's Fashion,28.0,16.60001251749346,23.351996495101833,1,23.351996495101833,Winter,2024,1,True,kaggle_shopping
138988,Belt,Fossil,Accessories,93.0,23.185510842341895,71.43747491662204,1,71.43747491662204,Winter,2024,1,True,kaggle_shopping
139089,Jacket,Patagonia,Women's Fashion,24.0,23.294054797962836,18.40942684848892,1,18.40942684848892,Fall,2024,9,True,kaggle_shopping
139190,Skirt,Zara,Men's Fashion,35.0,16.005958713024253,29.39791445044151,1,29.39791445044151,Spring,2024,3,True,kaggle_shopping
139291,Sandals,Nike,Footwear,68.0,21.918082136444628,53.09570414721765,1,53.09570414721765,Spring,2024,3,True,kaggle_shopping
139392,Belt,Kate Spade,Accessories,61.0,26.80215610447806,44.650684776268385,1,44.650684776268385,Summer,2024,8,True,kaggle_shopping
139493,Sweater,Zara,Men's Fashion,74.0,25.784505232328453,54.91946612807695,1,54.91946612807695,Fall,2024,9,True,kaggle_shopping
139594,Shirt,Uniqlo,Men's Fashion,64.0,18.510016770354817,52.153589266972915,1,52.153589266972915,Summer,2024,8,True,kaggle_shopping
139695,Sneakers,Converse,Footwear,60.0,17.083543100191218,49.749874139885264,1,49.749874139885264,Fall,2024,9,True,kaggle_shopping
139796,Jeans,Uniqlo,Men's Fashion,29.0,18.29621385903058,23.694097980881132,1,23.694097980881132,Spring,2024,3,True,kaggle_shopping
139897,Sandals,Puma,Footwear,85.0,26.89628188479771,62.13816039792194,1,62.13816039792194,Summer,2024,8,True,kaggle_shopping
139998,Pants,Gap,Men's Fashion,81.0,22.09177210059811,63.10566459851553,1,63.10566459851553,Summer,2024,8,True,kaggle_shopping
140099,Belt,Coach,Accessories,23.0,20.738557047502482,18.230131879074428,1,18.230131879074428,Fall,2024,9,True,kaggle_shopping
140100,T-shirt,Uniqlo,Men's Fashion,100.0,28.785269788248762,71.21473021175125,1,71.21473021175125,Spring,2024,3,True,kaggle_shopping
140201,Shirt,Gap,Men's Fashion,54.0,19.673502296519214,43.37630875987963,1,43.37630875987963,Fall,2024,9,True,kaggle_shopping
140302,Sneakers,Adidas,Footwear,25.0,18.13484779281248,20.46628805179688,1,20.46628805179688,Fall,2024,9,True,kaggle_shopping
140403,Blouse,H&M,Men's Fashion,32.0,28.684785184418594,22.82086874098605,1,22.82086874098605,Summer,2024,8,True,kaggle_shopping
140504,Backpack,Michael Kors,Accessories,63.0,22.892822385472165,48.577521897152536,1,48.577521897152536,Spring,2024,3,True,kaggle_shopping
140605,Pants,Gap,Men's Fashion,56.0,15.891189713061625,47.10093376068549,1,47.10093376068549,Spring,2024,3,True,kaggle_shopping
140706,Sweater,Zara,Men's Fashion,33.0,21.984558962119237,25.74509554250065,1,25.74509554250065,Winter,2024,1,True,kaggle_shopping
140807,Coat,Patagonia,Women's Fashion,32.0,26.109046148291277,23.64510523254679,1,23.64510523254679,Summer,2024,8,True,kaggle_shopping
140908,Dress,H&M,Men's Fashion,38.0,28.326327575901832,27.235995521157303,1,27.235995521157303,Summer,2024,8,True,kaggle_shopping
141009,Blouse,H&M,Men's Fashion,21.0,22.016762842390406,16.376479803098015,1,16.376479803098015,Summer,2024,8,True,kaggle_shopping
141110,Hoodie,Uniqlo,Men's Fashion,59.0,20.57283267996547,46.862028718820376,1,46.862028718820376,Winter,2024,1,True,kaggle_shopping
141211,Shoes,Puma,Footwear,87.0,29.73435104663102,61.13111458943101,1,61.13111458943101,Fall,2024,9,True,kaggle_shopping
141312,T-shirt,Zara,Men's Fashion,79.0,22.095117524052178,61.54485715599878,1,61.54485715599878,Winter,2024,1,True,kaggle_shopping
141413,Shoes,Nike,Footwear,28.0,17.90484375179863,22.986643749496384,1,22.986643749496384,Summer,2024,8,True,kaggle_shopping
141514,Boots,Converse,Footwear,67.0,18.6714987053143,54.490095867439415,1,54.490095867439415,Summer,2024,8,True,kaggle_shopping
141615,Shorts,Gap,Men's Fashion,75.0,18.32984970935972,61.252612717980206,1,61.252612717980206,Spring,2024,3,True,kaggle_shopping
141716,Belt,Kate Spade,Accessories,32.0,23.80490924892782,24.382429040343098,1,24.382429040343098,Spring,2024,3,True,kaggle_shopping
141817,Pants,Gap,Men's Fashion,43.0,29.924051294724467,30.13265794326848,1,30.13265794326848,Spring,2024,3,True,kaggle_shopping
141918,Shorts,Uniqlo,Men's Fashion,93.0,23.233115263587614,71.39320280486352,1,71.39320280486352,Spring,2024,3,True,kaggle_shopping
142019,Sunglasses,Coach,Accessories,24.0,18.77018185003741,19.49515635599102,1,19.49515635599102,Spring,2024,3,True,kaggle_shopping
142120,Hat,Coach,Accessories,31.0,29.534746762944348,21.844228503487255,1,21.844228503487255,Fall,2024,9,True,kaggle_shopping
142221,T-shirt,Forever 21,Men's Fashion,84.0,19.973958765170856,67.22187463725649,1,67.22187463725649,Winter,2024,1,True,kaggle_shopping
142322,Pants,Uniqlo,Men's Fashion,74.0,16.86831834242536,61.51744442660524,1,61.51744442660524,Winter,2024,1,True,kaggle_shopping
142423,Shorts,Forever 21,Men's Fashion,62.0,29.037297153938983,43.99687576455783,1,43.99687576455783,Spring,2024,3,True,kaggle_shopping
142524,Jewelry,Kate Spade,Accessories,77.0,21.551937833136776,60.40500786848468,1,60.40500786848468,Summer,2024,8,True,kaggle_shopping
142625,Backpack,Michael Kors,Accessories,73.0,21.26991625646312,57.472961132781926,1,57.472961132781926,Summer,2024,8,True,kaggle_shopping
142726,Shoes,Adidas,Footwear,50.0,28.416109054723492,35.791945472638254,1,35.791945472638254,Spring,2024,3,True,kaggle_shopping
142827,Coat,Patagonia,Women's Fashion,40.0,23.601417526822107,30.559432989271155,1,30.559432989271155,Winter,2024,1,True,kaggle_shopping
142928,Sweater,H&M,Men's Fashion,97.0,19.461790375820275,78.12206333545433,1,78.12206333545433,Winter,2024,1,True,kaggle_shopping
143029,Gloves,Fossil,Accessories,63.0,28.043023092964,45.33289545143268,1,45.33289545143268,Fall,2024,9,True,kaggle_shopping
143130,Handbag,Michael Kors,Accessories,65.0,21.85200374999824,50.79619756250114,1,50.79619756250114,Fall,2024,9,True,kaggle_shopping
143231,Socks,Zara,Men's Fashion,91.0,21.706691291325416,71.24691092489387,1,71.24691092489387,Spring,2024,3,True,kaggle_shopping
143332,Hoodie,Gap,Men's Fashion,60.0,20.244629318303954,47.853222409017626,1,47.853222409017626,Spring,2024,3,True,kaggle_shopping
143433,Pants,H&M,Men's Fashion,69.0,29.95918208608668,48.32816436060019,1,48.32816436060019,Winter,2024,1,True,kaggle_shopping
143534,Coat,Canada Goose,Women's Fashion,52.0,23.94440742402977,39.54890813950452,1,39.54890813950452,Spring,2024,3,True,kaggle_shopping
143635,Boots,Nike,Footwear,49.0,19.3132243112684,39.536520087478486,1,39.536520087478486,Fall,2024,9,True,kaggle_shopping
143736,Sneakers,Converse,Footwear,85.0,20.958227610251306,67.18550653128639,1,67.18550653128639,Spring,2024,3,True,kaggle_shopping
143837,Sweater,Uniqlo,Men's Fashion,86.0,23.846870639968504,65.49169124962708,1,65.49169124962708,Spring,2024,3,True,kaggle_shopping
143938,Handbag,Kate Spade,Accessories,51.0,16.92747478714528,42.36698785855591,1,42.36698785855591,Winter,2024,1,True,kaggle_shopping
144039,Belt,Fossil,Accessories,56.0,28.227539913755052,40.192577648297174,1,40.192577648297174,Winter,2024,1,True,kaggle_shopping
144140,Belt,Michael Kors,Accessories,72.0,15.786665050529423,60.63360116361881,1,60.63360116361881,Fall,2024,9,True,kaggle_shopping
144241,Hoodie,Gap,Men's Fashion,27.0,15.63182624427736,22.779406914045115,1,22.779406914045115,Fall,2024,9,True,kaggle_shopping
144342,Sunglasses,Fossil,Accessories,43.0,24.24200446654403,32.57593807938606,1,32.57593807938606,Summer,2024,8,True,kaggle_shopping
144443,Sneakers,Adidas,Footwear,56.0,16.67034232541585,46.66460829776713,1,46.66460829776713,Spring,2024,3,True,kaggle_shopping
144544,T-shirt,Zara,Men's Fashion,37.0,26.499864580604676,27.19505010517627,1,27.19505010517627,Fall,2024,9,True,kaggle_shopping
144645,Dress,Zara,Men's Fashion,21.0,15.223376997892373,17.8030908304426,1,17.8030908304426,Fall,2024,9,True,kaggle_shopping
144746,Hoodie,Gap,Men's Fashion,91.0,29.505645198546297,64.14986286932286,1,64.14986286932286,Winter,2024,1,True,kaggle_shopping
144847,Sweater,Gap,Men's Fashion,95.0,17.827181001733862,78.06417804835283,1,78.06417804835283,Summer,2024,8,True,kaggle_shopping
144948,Belt,Coach,Accessories,54.0,22.360706830166396,41.92521831171015,1,41.92521831171015,Spring,2024,3,True,kaggle_shopping
145049,Socks,Uniqlo,Men's Fashion,36.0,26.578405058872736,26.431774178805817,1,26.431774178805817,Spring,2024,3,True,kaggle_shopping
145150,Sunglasses,Fossil,Accessories,71.0,27.14908658254062,51.72414852639616,1,51.72414852639616,Fall,2024,9,True,kaggle_shopping
145251,Coat,Patagonia,Women's Fashion,31.0,15.61900297470821,26.158109077840457,1,26.158109077840457,Summer,2024,8,True,kaggle_shopping
145352,Hat,Fossil,Accessories,89.0,25.520337935610122,66.28689923730698,1,66.28689923730698,Spring,2024,3,True,kaggle_shopping
145453,Pants,H&M,Men's Fashion,83.0,22.167742668437427,64.60077358519693,1,64.60077358519693,Winter,2024,1,True,kaggle_shopping
145554,Backpack,Fossil,Accessories,42.0,27.088441882667837,30.62285440927951,1,30.62285440927951,Spring,2024,3,True,kaggle_shopping
145655,Shorts,H&M,Men's Fashion,91.0,24.556251331892398,68.65381128797792,1,68.65381128797792,Summer,2024,8,True,kaggle_shopping
145756,Jacket,North Face,Women's Fashion,61.0,25.370501822936756,45.523993888008576,1,45.523993888008576,Spring,2024,3,True,kaggle_shopping
145857,Backpack,Coach,Accessories,66.0,20.31730643417917,52.59057775344175,1,52.59057775344175,Summer,2024,8,True,kaggle_shopping
145958,Scarf,Coach,Accessories,22.0,20.317581357811434,17.530132101281485,1,17.530132101281485,Spring,2024,3,True,kaggle_shopping
146059,Hoodie,Zara,Men's Fashion,68.0,16.95360261916334,56.47155021896893,1,56.47155021896893,Winter,2024,1,True,kaggle_shopping
146160,Skirt,Uniqlo,Men's Fashion,43.0,16.024850945890982,36.10931409326688,1,36.10931409326688,Fall,2024,9,True,kaggle_shopping
146261,Dress,Uniqlo,Men's Fashion,32.0,18.42153336586847,26.10510932292209,1,26.10510932292209,Fall,2024,9,True,kaggle_shopping
146362,Coat,Canada Goose,Women's Fashion,46.0,26.448832549731186,33.833537027123654,1,33.833537027123654,Fall,2024,9,True,kaggle_shopping
146463,Blouse,H&M,Men's Fashion,90.0,27.16581184620571,65.55076933841485,1,65.55076933841485,Summer,2024,8,True,kaggle_shopping
146564,Hat,Fossil,Accessories,75.0,29.748865191074184,52.68835110669436,1,52.68835110669436,Fall,2024,9,True,kaggle_shopping
146665,Handbag,Michael Kors,Accessories,69.0,25.096439195371474,51.68345695519368,1,51.68345695519368,Winter,2024,1,True,kaggle_shopping
146766,Belt,Michael Kors,Accessories,40.0,29.54794427624092,28.18082228950363,1,28.18082228950363,Fall,2024,9,True,kaggle_shopping
146867,Belt,Kate Spade,Accessories,63.0,16.310639612906506,52.7242970438689,1,52.7242970438689,Fall,2024,9,True,kaggle_shopping
146968,Shirt,Zara,Men's Fashion,36.0,19.269902322065533,29.06283516405641,1,29.06283516405641,Summer,2024,8,True,kaggle_shopping
147069,Shoes,Converse,Footwear,75.0,22.654485558219925,58.00913583133505,1,58.00913583133505,Winter,2024,1,True,kaggle_shopping
147170,Scarf,Fossil,Accessories,67.0,25.53909114335478,49.8888089339523,1,49.8888089339523,Summer,2024,8,True,kaggle_shopping
147271,Pants,H&M,Men's Fashion,64.0,24.58562468665157,48.26520020054299,1,48.26520020054299,Spring,2024,3,True,kaggle_shopping
147372,Blouse,Uniqlo,Men's Fashion,61.0,23.222111846554643,46.83451177360166,1,46.83451177360166,Fall,2024,9,True,kaggle_shopping
147473,Gloves,Fossil,Accessories,40.0,29.78331328405408,28.086674686378366,1,28.086674686378366,Winter,2024,1,True,kaggle_shopping
147574,Handbag,Coach,Accessories,97.0,23.33561690751744,74.36445159970808,1,74.36445159970808,Fall,2024,9,True,kaggle_shopping
147675,Sneakers,Puma,Footwear,31.0,16.689945272241758,25.826116965605056,1,25.826116965605056,Spring,2024,3,True,kaggle_shopping
147776,Sandals,Nike,Footwear,65.0,16.6140728756367,54.200852630836145,1,54.200852630836145,Spring,2024,3,True,kaggle_shopping
147877,Sunglasses,Kate Spade,Accessories,54.0,21.896755172710293,42.17575220673644,1,42.17575220673644,Spring,2024,3,True,kaggle_shopping
147978,Jacket,North Face,Women's Fashion,49.0,25.65967310170959,36.4267601801623,1,36.4267601801623,Fall,2024,9,True,kaggle_shopping
148079,T-shirt,Zara,Men's Fashion,64.0,25.728844301924923,47.53353964676805,1,47.53353964676805,Fall,2024,9,True,kaggle_shopping
148180,Sneakers,New Balance,Footwear,35.0,15.774564402632073,29.478902459078775,1,29.478902459078775,Winter,2024,1,True,kaggle_shopping
148281,Shoes,Puma,Footwear,86.0,22.845002605963852,66.3532977588711,1,66.3532977588711,Winter,2024,1,True,kaggle_shopping
148382,Jacket,North Face,Women's Fashion,55.0,19.039921287504846,44.528043291872336,1,44.528043291872336,Winter,2024,1,True,kaggle_shopping
148483,Scarf,Coach,Accessories,58.0,18.45515617753566,47.29600941702932,1,47.29600941702932,Spring,2024,3,True,kaggle_shopping
148584,Sneakers,Converse,Footwear,96.0,19.842767591698408,76.95094311196954,1,76.95094311196954,Fall,2024,9,True,kaggle_shopping
148685,Jewelry,Fossil,Accessories,64.0,21.795991760659504,50.05056527317792,1,50.05056527317792,Fall,2024,9,True,kaggle_shopping
148786,Jacket,Canada Goose,Women's Fashion,56.0,28.2152888660398,40.19943823501771,1,40.19943823501771,Fall,2024,9,True,kaggle_shopping
148887,Blouse,Gap,Men's Fashion,85.0,18.755745355245853,69.05761644804102,1,69.05761644804102,Winter,2024,1,True,kaggle_shopping
148988,Dress,Forever 21,Men's Fashion,23.0,18.170978018109537,18.820675055834805,1,18.820675055834805,Spring,2024,3,True,kaggle_shopping
149089,Scarf,Fossil,Accessories,72.0,17.673441045271304,59.275122447404655,1,59.275122447404655,Fall,2024,9,True,kaggle_shopping
149190,Hat,Fossil,Accessories,38.0,21.243843695433657,29.92733939573521,1,29.92733939573521,Summer,2024,8,True,kaggle_shopping
149291,Blouse,Forever 21,Men's Fashion,29.0,23.893781732911723,22.0708032974556,1,22.0708032974556,Winter,2024,1,True,kaggle_shopping
149392,Gloves,Kate Spade,Accessories,46.0,21.69680386693808,36.01947022120848,1,36.01947022120848,Spring,2024,3,True,kaggle_shopping
149493,Gloves,Michael Kors,Accessories,58.0,16.96053149463449,48.162891733112,1,48.162891733112,Spring,2024,3,True,kaggle_shopping
149594,Coat,Canada Goose,Women's Fashion,43.0,27.033062258547968,31.375783228824375,1,31.375783228824375,Fall,2024,9,True,kaggle_shopping
149695,Scarf,Kate Spade,Accessories,32.0,22.42401550553784,24.82431503822789,1,24.82431503822789,Spring,2024,3,True,kaggle_shopping
149796,Pants,Zara,Men's Fashion,30.0,18.28405862152534,24.5147824135424,1,24.5147824135424,Winter,2024,1,True,kaggle_shopping
149897,Sunglasses,Fossil,Accessories,67.0,17.937866216145878,54.98162963518226,1,54.98162963518226,Summer,2024,8,True,kaggle_shopping
149998,Dress,Forever 21,Men's Fashion,45.0,29.766086413803887,31.60526111378825,1,31.60526111378825,Summer,2024,8,True,kaggle_shopping
150099,Hat,Michael Kors,Accessories,81.0,23.806503666670324,61.71673202999704,1,61.71673202999704,Winter,2024,1,True,kaggle_shopping
150100,Backpack,Coach,Accessories,23.0,15.387855955195244,19.460793130305095,1,19.460793130305095,Fall,2024,9,True,kaggle_shopping
150201,Sandals,Adidas,Footwear,59.0,20.46812318535154,46.923807320642595,1,46.923807320642595,Fall,2024,9,True,kaggle_shopping
150302,Sunglasses,Coach,Accessories,21.0,24.53511045537907,15.847626804370394,1,15.847626804370394,Summer,2024,8,True,kaggle_shopping
150403,Backpack,Coach,Accessories,20.0,19.52713898119124,16.094572203761754,1,16.094572203761754,Spring,2024,3,True,kaggle_shopping
150504,Jewelry,Fossil,Accessories,28.0,18.871638950004513,22.715941093998737,1,22.715941093998737,Winter,2024,1,True,kaggle_shopping
150605,Socks,Uniqlo,Men's Fashion,100.0,29.073775688584192,70.92622431141581,1,70.92622431141581,Winter,2024,1,True,kaggle_shopping
150706,Shirt,Uniqlo,Men's Fashion,46.0,23.129927442000806,35.36023337667963,1,35.36023337667963,Spring,2024,3,True,kaggle_shopping
150807,Handbag,Kate Spade,Accessories,61.0,20.384332707786243,48.56555704825039,1,48.56555704825039,Spring,2024,3,True,kaggle_shopping
150908,Blouse,Forever 21,Men's Fashion,58.0,20.53616360090597,46.08902511147454,1,46.08902511147454,Winter,2024,1,True,kaggle_shopping
151009,Backpack,Kate Spade,Accessories,50.0,19.143831097600376,40.428084451199815,1,40.428084451199815,Spring,2024,3,True,kaggle_shopping
151110,Hat,Kate Spade,Accessories,93.0,20.832727173586058,73.62556372856496,1,73.62556372856496,Summer,2024,8,True,kaggle_shopping
151211,Skirt,Uniqlo,Men's Fashion,24.0,15.401898557642257,20.303544346165857,1,20.303544346165857,Summer,2024,8,True,kaggle_shopping
151312,Shorts,Uniqlo,Men's Fashion,100.0,23.125207579557948,76.87479242044205,1,76.87479242044205,Summer,2024,8,True,kaggle_shopping
151413,Blouse,Gap,Men's Fashion,79.0,20.793098807379117,62.5734519421705,1,62.5734519421705,Fall,2024,9,True,kaggle_shopping
151514,Socks,Gap,Men's Fashion,51.0,26.76790988977478,37.34836595621486,1,37.34836595621486,Summer,2024,8,True,kaggle_shopping
151615,Belt,Fossil,Accessories,90.0,20.240195059641103,71.78382444632301,1,71.78382444632301,Winter,2024,1,True,kaggle_shopping
151716,Boots,Nike,Footwear,56.0,20.49491034741863,44.522850205445565,1,44.522850205445565,Summer,2024,8,True,kaggle_shopping
151817,Shorts,Forever 21,Men's Fashion,25.0,22.01483428702246,19.496291428244387,1,19.496291428244387,Spring,2024,3,True,kaggle_shopping
151918,Shirt,Zara,Men's Fashion,75.0,23.948919850222776,57.03831011233292,1,57.03831011233292,Summer,2024,8,True,kaggle_shopping
152019,Handbag,Michael Kors,Accessories,75.0,18.297738020603,61.276696484547756,1,61.276696484547756,Summer,2024,8,True,kaggle_shopping
152120,Jeans,Forever 21,Men's Fashion,53.0,20.79574071003448,41.978257423681725,1,41.978257423681725,Summer,2024,8,True,kaggle_shopping
152221,Dress,H&M,Men's Fashion,100.0,29.237524478070313,70.76247552192969,1,70.76247552192969,Spring,2024,3,True,kaggle_shopping
152322,Dress,Zara,Men's Fashion,27.0,20.297091913808224,21.519785183271782,1,21.519785183271782,Fall,2024,9,True,kaggle_shopping
152423,Sandals,Converse,Footwear,60.0,20.271394925829938,47.837163044502034,1,47.837163044502034,Fall,2024,9,True,kaggle_shopping
152524,Jacket,Canada Goose,Women's Fashion,23.0,21.962708928647118,17.948576946411166,1,17.948576946411166,Fall,2024,9,True,kaggle_shopping
152625,Coat,Patagonia,Women's Fashion,40.0,16.385991403133605,33.44560343874656,1,33.44560343874656,Winter,2024,1,True,kaggle_shopping
152726,Pants,H&M,Men's Fashion,38.0,16.080676898079943,31.88934277872962,1,31.88934277872962,Summer,2024,8,True,kaggle_shopping
152827,Backpack,Michael Kors,Accessories,90.0,16.621196417810054,75.04092322397095,1,75.04092322397095,Summer,2024,8,True,kaggle_shopping
152928,Blouse,Forever 21,Men's Fashion,97.0,23.53964339101359,74.16654591071682,1,74.16654591071682,Summer,2024,8,True,kaggle_shopping
153029,Skirt,Zara,Men's Fashion,38.0,26.710701527534397,27.849933419536928,1,27.849933419536928,Fall,2024,9,True,kaggle_shopping
153130,Sandals,Adidas,Footwear,30.0,26.000407909185316,22.199877627244405,1,22.199877627244405,Summer,2024,8,True,kaggle_shopping
153231,Pants,Gap,Men's Fashion,88.0,19.90043721037316,70.48761525487163,1,70.48761525487163,Fall,2024,9,True,kaggle_shopping
153332,Hat,Kate Spade,Accessories,33.0,20.19987380995897,26.33404164271354,1,26.33404164271354,Winter,2024,1,True,kaggle_shopping
153433,Hoodie,H&M,Men's Fashion,60.0,18.38316412882136,48.97010152270718,1,48.97010152270718,Winter,2024,1,True,kaggle_shopping
153534,Sweater,Uniqlo,Men's Fashion,64.0,25.023098283505096,47.98521709855674,1,47.98521709855674,Summer,2024,8,True,kaggle_shopping
153635,Scarf,Coach,Accessories,95.0,20.45210017943885,75.57050482953309,1,75.57050482953309,Fall,2024,9,True,kaggle_shopping
153736,Sneakers,Nike,Footwear,83.0,20.186283376338963,66.24538479763866,1,66.24538479763866,Winter,2024,1,True,kaggle_shopping
153837,Boots,Nike,Footwear,97.0,29.906432354965006,67.99076061568394,1,67.99076061568394,Winter,2024,1,True,kaggle_shopping
153938,Coat,Columbia,Women's Fashion,38.0,22.538016471135204,29.435553740968622,1,29.435553740968622,Spring,2024,3,True,kaggle_shopping
154039,Boots,Adidas,Footwear,48.0,18.781524915870325,38.98486804038224,1,38.98486804038224,Summer,2024,8,True,kaggle_shopping
154140,Sandals,Converse,Footwear,76.0,25.570836627281395,56.566164163266144,1,56.566164163266144,Spring,2024,3,True,kaggle_shopping
154241,Pants,Gap,Men's Fashion,25.0,16.074407781440996,20.98139805463975,1,20.98139805463975,Summer,2024,8,True,kaggle_shopping
154342,Hoodie,Uniqlo,Men's Fashion,92.0,21.06953187267919,72.61603067713514,1,72.61603067713514,Spring,2024,3,True,kaggle_shopping
154443,Sandals,New Balance,Footwear,47.0,26.407484395972908,34.58848233389273,1,34.58848233389273,Fall,2024,9,True,kaggle_shopping
154544,Sweater,Gap,Men's Fashion,36.0,29.231797866607078,25.476552768021453,1,25.476552768021453,Fall,2024,9,True,kaggle_shopping
154645,Belt,Fossil,Accessories,51.0,29.700806774325024,35.852588545094235,1,35.852588545094235,Fall,2024,9,True,kaggle_shopping
154746,Jeans,Forever 21,Men's Fashion,35.0,27.54347425163904,25.359784011926337,1,25.359784011926337,Summer,2024,8,True,kaggle_shopping
154847,Hoodie,Uniqlo,Men's Fashion,57.0,28.47001010087135,40.77209424250333,1,40.77209424250333,Summer,2024,8,True,kaggle_shopping
154948,Boots,Adidas,Footwear,95.0,23.64028532306388,72.54172894308931,1,72.54172894308931,Summer,2024,8,True,kaggle_shopping
155049,Socks,H&M,Men's Fashion,41.0,28.830854053693436,29.179349837985693,1,29.179349837985693,Winter,2024,1,True,kaggle_shopping
155150,Dress,H&M,Men's Fashion,44.0,21.648377410012536,34.47471393959449,1,34.47471393959449,Winter,2024,1,True,kaggle_shopping
155251,Jacket,Canada Goose,Women's Fashion,34.0,22.03449019261384,26.508273334511294,1,26.508273334511294,Fall,2024,9,True,kaggle_shopping
155352,Jacket,Columbia,Women's Fashion,25.0,15.986197146618476,21.00345071334538,1,21.00345071334538,Spring,2024,3,True,kaggle_shopping
155453,Boots,Puma,Footwear,93.0,21.810217406663085,72.71649781180332,1,72.71649781180332,Winter,2024,1,True,kaggle_shopping
155554,Sneakers,New Balance,Footwear,50.0,20.98067997691669,39.509660011541655,1,39.509660011541655,Winter,2024,1,True,kaggle_shopping
155655,Pants,H&M,Men's Fashion,79.0,23.68041804858775,60.292469741615676,1,60.292469741615676,Fall,2024,9,True,kaggle_shopping
155756,Coat,Patagonia,Women's Fashion,100.0,26.556019017496183,73.44398098250382,1,73.44398098250382,Spring,2024,3,True,kaggle_shopping
155857,Shirt,Zara,Men's Fashion,57.0,26.17671037221367,42.079275087838205,1,42.079275087838205,Spring,2024,3,True,kaggle_shopping
155958,Sweater,Uniqlo,Men's Fashion,28.0,21.14305893824576,22.079943497291186,1,22.079943497291186,Spring,2024,3,True,kaggle_shopping
156059,Shoes,Nike,Footwear,35.0,29.356512114083472,24.725220760070783,1,24.725220760070783,Winter,2024,1,True,kaggle_shopping
156160,Boots,Nike,Footwear,85.0,28.270037980890102,60.97046771624342,1,60.97046771624342,Fall,2024,9,True,kaggle_shopping
156261,Sunglasses,Kate Spade,Accessories,95.0,16.21334544964416,79.59732182283805,1,79.59732182283805,Summer,2024,8,True,kaggle_shopping
156362,Sneakers,Converse,Footwear,90.0,20.151536701468334,71.8636169686785,1,71.8636169686785,Summer,2024,8,True,kaggle_shopping
156463,Jewelry,Michael Kors,Accessories,49.0,23.92424464981025,37.27712012159297,1,37.27712012159297,Summer,2024,8,True,kaggle_shopping
156564,Belt,Coach,Accessories,92.0,18.30244800494873,75.16174783544716,1,75.16174783544716,Winter,2024,1,True,kaggle_shopping
156665,Gloves,Coach,Accessories,72.0,24.53875204122135,54.33209853032062,1,54.33209853032062,Winter,2024,1,True,kaggle_shopping
156766,Shorts,Forever 21,Men's Fashion,71.0,21.965806971958678,55.40427704990934,1,55.40427704990934,Summer,2024,8,True,kaggle_shopping
156867,Jewelry,Kate Spade,Accessories,27.0,23.198631504797476,20.736369493704682,1,20.736369493704682,Winter,2024,1,True,kaggle_shopping
156968,Gloves,Kate Spade,Accessories,39.0,21.5958188847738,30.577630634938217,1,30.577630634938217,Fall,2024,9,True,kaggle_shopping
157069,Jewelry,Coach,Accessories,98.0,21.701385210521288,76.73264249368914,1,76.73264249368914,Winter,2024,1,True,kaggle_shopping
157170,Sandals,Adidas,Footwear,27.0,28.536700037315114,19.295090989924915,1,19.295090989924915,Spring,2024,3,True,kaggle_shopping
157271,Jewelry,Fossil,Accessories,71.0,22.901563186045728,54.73989013790754,1,54.73989013790754,Spring,2024,3,True,kaggle_shopping
157372,Hat,Fossil,Accessories,24.0,28.94771054246592,17.052549469808177,1,17.052549469808177,Spring,2024,3,True,kaggle_shopping
157473,Shorts,H&M,Men's Fashion,63.0,21.685831601696837,49.33792609093099,1,49.33792609093099,Fall,2024,9,True,kaggle_shopping
157574,Sweater,Zara,Men's Fashion,72.0,18.44833333973675,58.71719999538954,1,58.71719999538954,Fall,2024,9,True,kaggle_shopping
157675,Blouse,Forever 21,Men's Fashion,61.0,19.31643144610004,49.21697681787897,1,49.21697681787897,Spring,2024,3,True,kaggle_shopping
157776,Hat,Michael Kors,Accessories,56.0,28.883687004104736,39.82513527770135,1,39.82513527770135,Fall,2024,9,True,kaggle_shopping
157877,Belt,Coach,Accessories,32.0,26.075614194270393,23.655803457833475,1,23.655803457833475,Summer,2024,8,True,kaggle_shopping
157978,Gloves,Coach,Accessories,23.0,25.66153104733136,17.097847859113788,1,17.097847859113788,Summer,2024,8,True,kaggle_shopping
158079,Coat,Columbia,Women's Fashion,100.0,19.451627361738225,80.54837263826178,1,80.54837263826178,Spring,2024,3,True,kaggle_shopping
158180,Jewelry,Coach,Accessories,74.0,22.5972077373888,57.27806627433229,1,57.27806627433229,Fall,2024,9,True,kaggle_shopping
158281,Skirt,H&M,Men's Fashion,33.0,25.839743941864217,24.47288449918481,1,24.47288449918481,Spring,2024,3,True,kaggle_shopping
158382,Gloves,Michael Kors,Accessories,67.0,23.88952771238901,50.99401643269936,1,50.99401643269936,Spring,2024,3,True,kaggle_shopping
158483,Jewelry,Fossil,Accessories,61.0,18.112688384309525,49.951260085571185,1,49.951260085571185,Summer,2024,8,True,kaggle_shopping
158584,Shorts,Uniqlo,Men's Fashion,46.0,26.329720640272868,33.88832850547448,1,33.88832850547448,Summer,2024,8,True,kaggle_shopping
158685,Gloves,Michael Kors,Accessories,56.0,25.052677278160708,41.97050072423001,1,41.97050072423001,Spring,2024,3,True,kaggle_shopping
158786,Sneakers,Adidas,Footwear,73.0,22.9084593711342,56.27682465907204,1,56.27682465907204,Spring,2024,3,True,kaggle_shopping
158887,Skirt,Gap,Men's Fashion,44.0,22.16570379082801,34.247090332035675,1,34.247090332035675,Summer,2024,8,True,kaggle_shopping
158988,Hat,Michael Kors,Accessories,44.0,23.00570605864285,33.87748933419714,1,33.87748933419714,Winter,2024,1,True,kaggle_shopping
159089,Jewelry,Kate Spade,Accessories,26.0,21.634433166875958,20.37504737661225,1,20.37504737661225,Summer,2024,8,True,kaggle_shopping
159190,Sneakers,Nike,Footwear,52.0,19.316337105141557,41.95550470532639,1,41.95550470532639,Spring,2024,3,True,kaggle_shopping
159291,Shirt,Uniqlo,Men's Fashion,54.0,29.98110260717338,37.810204592126375,1,37.810204592126375,Summer,2024,8,True,kaggle_shopping
159392,Jacket,North Face,Women's Fashion,38.0,28.627468967698626,27.12156179227452,1,27.12156179227452,Summer,2024,8,True,kaggle_shopping
159493,Belt,Kate Spade,Accessories,44.0,29.11872711996563,31.18776006721512,1,31.18776006721512,Fall,2024,9,True,kaggle_shopping
159594,T-shirt,H&M,Men's Fashion,76.0,18.332430123821688,62.06735310589552,1,62.06735310589552,Spring,2024,3,True,kaggle_shopping
159695,Jewelry,Kate Spade,Accessories,23.0,20.832955628927877,18.208420205346588,1,18.208420205346588,Winter,2024,1,True,kaggle_shopping
159796,T-shirt,Zara,Men's Fashion,98.0,23.038310024885135,75.42245617561257,1,75.42245617561257,Winter,2024,1,True,kaggle_shopping
159897,Jacket,Patagonia,Women's Fashion,33.0,27.52181662204408,23.917800514725453,1,23.917800514725453,Spring,2024,3,True,kaggle_shopping
159998,Sweater,Uniqlo,Men's Fashion,32.0,27.90712021625499,23.069721530798404,1,23.069721530798404,Summer,2024,8,True,kaggle_shopping
160099,Boots,New Balance,Footwear,85.0,24.638430923627535,64.0573337149166,1,64.0573337149166,Fall,2024,9,True,kaggle_shopping
160100,Jeans,H&M,Men's Fashion,69.0,27.303188879473645,50.16079967316318,1,50.16079967316318,Summer,2024,8,True,kaggle_shopping
160201,Jeans,Gap,Men's Fashion,55.0,28.72568057548786,39.20087568348168,1,39.20087568348168,Spring,2024,3,True,kaggle_shopping
160302,Pants,Gap,Men's Fashion,66.0,18.936058811047324,53.50220118470877,1,53.50220118470877,Summer,2024,8,True,kaggle_shopping
160403,Jacket,Canada Goose,Women's Fashion,30.0,15.022185377708244,25.49334438668753,1,25.49334438668753,Fall,2024,9,True,kaggle_shopping
160504,Jacket,Canada Goose,Women's Fashion,80.0,27.720794525325143,57.823364379739886,1,57.823364379739886,Winter,2024,1,True,kaggle_shopping
160605,Belt,Kate Spade,Accessories,20.0,18.741733270149005,16.251653345970198,1,16.251653345970198,Summer,2024,8,True,kaggle_shopping
160706,Shirt,Zara,Men's Fashion,30.0,26.666419694073902,22.00007409177783,1,22.00007409177783,Fall,2024,9,True,kaggle_shopping
160807,Dress,Zara,Men's Fashion,86.0,22.502469080482665,66.6478765907849,1,66.6478765907849,Winter,2024,1,True,kaggle_shopping
160908,Blouse,Zara,Men's Fashion,84.0,23.630204618396967,64.15062812054654,1,64.15062812054654,Spring,2024,3,True,kaggle_shopping
161009,Dress,Forever 21,Men's Fashion,54.0,23.16547495000765,41.49064352699587,1,41.49064352699587,Summer,2024,8,True,kaggle_shopping
161110,Blouse,H&M,Men's Fashion,30.0,28.95009697701898,21.314970906894306,1,21.314970906894306,Fall,2024,9,True,kaggle_shopping
161211,Dress,Gap,Men's Fashion,91.0,18.11884310236722,74.51185277684583,1,74.51185277684583,Winter,2024,1,True,kaggle_shopping
161312,Sneakers,Nike,Footwear,23.0,28.563397057227235,16.430418676837736,1,16.430418676837736,Winter,2024,1,True,kaggle_shopping
161413,Socks,Forever 21,Men's Fashion,35.0,28.929322235786053,24.87473721747488,1,24.87473721747488,Spring,2024,3,True,kaggle_shopping
161514,Shoes,Converse,Footwear,90.0,20.075963663563932,71.93163270279246,1,71.93163270279246,Winter,2024,1,True,kaggle_shopping
161615,Jeans,H&M,Men's Fashion,93.0,19.509729431548266,74.85595162866012,1,74.85595162866012,Fall,2024,9,True,kaggle_shopping
161716,Jeans,Forever 21,Men's Fashion,68.0,15.380861903996074,57.54101390528267,1,57.54101390528267,Winter,2024,1,True,kaggle_shopping
161817,Gloves,Michael Kors,Accessories,41.0,22.46795954800235,31.788136585319037,1,31.788136585319037,Spring,2024,3,True,kaggle_shopping
161918,Belt,Fossil,Accessories,73.0,26.499316137805337,53.6554992194021,1,53.6554992194021,Winter,2024,1,True,kaggle_shopping
162019,Sunglasses,Michael Kors,Accessories,73.0,16.864049117804498,60.689244144002714,1,60.689244144002714,Fall,2024,9,True,kaggle_shopping
162120,Hat,Kate Spade,Accessories,66.0,24.795453905927147,49.63500042208808,1,49.63500042208808,Summer,2024,8,True,kaggle_shopping
162221,Backpack,Kate Spade,Accessories,59.0,23.363599422969813,45.21547634044781,1,45.21547634044781,Summer,2024,8,True,kaggle_shopping
162322,Shorts,Gap,Men's Fashion,72.0,21.77284687558688,56.323550249577444,1,56.323550249577444,Spring,2024,3,True,kaggle_shopping
162423,Socks,Zara,Men's Fashion,88.0,17.41540532792964,72.67444331142191,1,72.67444331142191,Summer,2024,8,True,kaggle_shopping
162524,Socks,H&M,Men's Fashion,76.0,17.600600991988426,62.6235432460888,1,62.6235432460888,Summer,2024,8,True,kaggle_shopping
162625,Belt,Michael Kors,Accessories,31.0,27.610619764159352,22.4407078731106,1,22.4407078731106,Winter,2024,1,True,kaggle_shopping
162726,Jacket,Canada Goose,Women's Fashion,22.0,18.41316400860146,17.949103918107678,1,17.949103918107678,Summer,2024,8,True,kaggle_shopping
162827,Hat,Kate Spade,Accessories,75.0,19.34669754597674,60.48997684051745,1,60.48997684051745,Fall,2024,9,True,kaggle_shopping
162928,T-shirt,H&M,Men's Fashion,75.0,29.08908374934833,53.18318718798875,1,53.18318718798875,Spring,2024,3,True,kaggle_shopping
163029,Backpack,Michael Kors,Accessories,63.0,16.05413383180717,52.88589568596148,1,52.88589568596148,Winter,2024,1,True,kaggle_shopping
163130,Coat,North Face,Women's Fashion,21.0,17.563450198913987,17.311675458228063,1,17.311675458228063,Spring,2024,3,True,kaggle_shopping
163231,Backpack,Kate Spade,Accessories,83.0,17.538117583872324,68.44336240538597,1,68.44336240538597,Spring,2024,3,True,kaggle_shopping
163332,Jacket,Patagonia,Women's Fashion,46.0,20.083868297801242,36.76142058301143,1,36.76142058301143,Winter,2024,1,True,kaggle_shopping
163433,Shoes,New Balance,Footwear,59.0,24.96270687252312,44.272002945211355,1,44.272002945211355,Summer,2024,8,True,kaggle_shopping
163534,Blouse,Forever 21,Men's Fashion,66.0,24.489684417027348,49.83680828476195,1,49.83680828476195,Summer,2024,8,True,kaggle_shopping
163635,Sandals,Adidas,Footwear,74.0,24.396888110901592,55.94630279793282,1,55.94630279793282,Fall,2024,9,True,kaggle_shopping
163736,Sunglasses,Kate Spade,Accessories,82.0,27.71998864758082,59.26960930898373,1,59.26960930898373,Summer,2024,8,True,kaggle_shopping
163837,Shoes,Nike,Footwear,89.0,17.626169520678307,73.3127091265963,1,73.3127091265963,Spring,2024,3,True,kaggle_shopping
163938,Dress,Forever 21,Men's Fashion,65.0,17.348608035772468,53.72340477674789,1,53.72340477674789,Fall,2024,9,True,kaggle_shopping
164039,Belt,Kate Spade,Accessories,55.0,26.875120287779012,40.21868384172154,1,40.21868384172154,Spring,2024,3,True,kaggle_shopping
164140,Shorts,Uniqlo,Men's Fashion,95.0,17.630809950824663,78.25073054671657,1,78.25073054671657,Winter,2024,1,True,kaggle_shopping
164241,Handbag,Coach,Accessories,77.0,15.240552610545418,65.26477448988003,1,65.26477448988003,Winter,2024,1,True,kaggle_shopping
164342,Blouse,Forever 21,Men's Fashion,44.0,18.17813217849562,36.001621841461926,1,36.001621841461926,Winter,2024,1,True,kaggle_shopping
164443,Jeans,Gap,Men's Fashion,89.0,28.900366475088184,63.27867383717152,1,63.27867383717152,Fall,2024,9,True,kaggle_shopping
164544,Jewelry,Fossil,Accessories,24.0,26.503576132944055,17.639141728093428,1,17.639141728093428,Spring,2024,3,True,kaggle_shopping
164645,Belt,Fossil,Accessories,43.0,25.227409974189666,32.15221371109845,1,32.15221371109845,Winter,2024,1,True,kaggle_shopping
164746,Sneakers,Puma,Footwear,51.0,29.367446274430932,36.02260240004023,1,36.02260240004023,Summer,2024,8,True,kaggle_shopping
164847,Hat,Michael Kors,Accessories,46.0,19.844286869382934,36.87162804008385,1,36.87162804008385,Summer,2024,8,True,kaggle_shopping
164948,Dress,Zara,Men's Fashion,32.0,16.813355211111674,26.619726332444266,1,26.619726332444266,Summer,2024,8,True,kaggle_shopping
165049,Sneakers,Puma,Footwear,55.0,29.46197360014404,38.79591451992078,1,38.79591451992078,Spring,2024,3,True,kaggle_shopping
165150,Sunglasses,Coach,Accessories,26.0,16.72387306707367,21.651793002560847,1,21.651793002560847,Summer,2024,8,True,kaggle_shopping
165251,Handbag,Fossil,Accessories,29.0,25.49550383880276,21.6063038867472,1,21.6063038867472,Summer,2024,8,True,kaggle_shopping
165352,Blouse,H&M,Men's Fashion,49.0,15.919250722162468,41.19956714614039,1,41.19956714614039,Spring,2024,3,True,kaggle_shopping
165453,Blouse,Zara,Men's Fashion,45.0,20.460029437964646,35.79298675291591,1,35.79298675291591,Spring,2024,3,True,kaggle_shopping
165554,Shorts,Forever 21,Men's Fashion,48.0,24.43895854649856,36.269299897680696,1,36.269299897680696,Winter,2024,1,True,kaggle_shopping
165655,Shorts,Uniqlo,Men's Fashion,47.0,21.247197387679307,37.013817227790724,1,37.013817227790724,Winter,2024,1,True,kaggle_shopping
165756,Hoodie,Uniqlo,Men's Fashion,57.0,21.520058612896783,44.733566590648834,1,44.733566590648834,Fall,2024,9,True,kaggle_shopping
165857,Backpack,Michael Kors,Accessories,34.0,17.661217084554607,27.995186191251435,1,27.995186191251435,Fall,2024,9,True,kaggle_shopping
165958,Sunglasses,Kate Spade,Accessories,75.0,15.902678072584594,63.07299144556155,1,63.07299144556155,Fall,2024,9,True,kaggle_shopping
166059,Scarf,Fossil,Accessories,94.0,16.361964539974803,78.61975333242368,1,78.61975333242368,Fall,2024,9,True,kaggle_shopping
166160,Hat,Michael Kors,Accessories,84.0,15.733211687963902,70.78410218211033,1,70.78410218211033,Winter,2024,1,True,kaggle_shopping
166261,Scarf,Fossil,Accessories,38.0,28.71545864615939,27.088125714459434,1,27.088125714459434,Summer,2024,8,True,kaggle_shopping
166362,Scarf,Michael Kors,Accessories,75.0,26.458980007284445,55.15576499453667,1,55.15576499453667,Winter,2024,1,True,kaggle_shopping
166463,Pants,Zara,Men's Fashion,44.0,25.574635395424394,32.74716042601327,1,32.74716042601327,Fall,2024,9,True,kaggle_shopping
166564,Backpack,Michael Kors,Accessories,33.0,18.946165287518966,26.747765455118742,1,26.747765455118742,Summer,2024,8,True,kaggle_shopping
166665,Sunglasses,Michael Kors,Accessories,93.0,29.720810278395913,65.3596464410918,1,65.3596464410918,Fall,2024,9,True,kaggle_shopping
166766,Sneakers,Adidas,Footwear,99.0,23.7802578817471,75.45754469707038,1,75.45754469707038,Winter,2024,1,True,kaggle_shopping
166867,Backpack,Coach,Accessories,33.0,20.163185479297454,26.34614879183184,1,26.34614879183184,Spring,2024,3,True,kaggle_shopping
166968,Sneakers,Puma,Footwear,76.0,17.011325584881817,63.071392555489815,1,63.071392555489815,Spring,2024,3,True,kaggle_shopping
167069,Skirt,H&M,Men's Fashion,63.0,19.52719821617955,50.697865123806885,1,50.697865123806885,Summer,2024,8,True,kaggle_shopping
167170,Pants,H&M,Men's Fashion,41.0,25.661154587931044,30.47892661894827,1,30.47892661894827,Winter,2024,1,True,kaggle_shopping
167271,Jewelry,Coach,Accessories,88.0,23.240169180479498,67.54865112117804,1,67.54865112117804,Winter,2024,1,True,kaggle_shopping
167372,Skirt,H&M,Men's Fashion,92.0,25.39011487712819,68.64109431304206,1,68.64109431304206,Summer,2024,8,True,kaggle_shopping
167473,T-shirt,Zara,Men's Fashion,31.0,23.63789196508455,23.672253490823792,1,23.672253490823792,Summer,2024,8,True,kaggle_shopping
167574,Skirt,Uniqlo,Men's Fashion,25.0,25.13407747414987,18.716480631462534,1,18.716480631462534,Spring,2024,3,True,kaggle_shopping
167675,Shirt,Zara,Men's Fashion,28.0,18.41097108702552,22.844928095632856,1,22.844928095632856,Spring,2024,3,True,kaggle_shopping
167776,Dress,Uniqlo,Men's Fashion,75.0,15.360082013068714,63.47993849019847,1,63.47993849019847,Spring,2024,3,True,kaggle_shopping
167877,Boots,Converse,Footwear,34.0,25.762120064308945,25.240879178134957,1,25.240879178134957,Spring,2024,3,True,kaggle_shopping
167978,Pants,Forever 21,Men's Fashion,97.0,20.34256828049677,77.26770876791814,1,77.26770876791814,Winter,2024,1,True,kaggle_shopping
168079,Jacket,Patagonia,Women's Fashion,80.0,23.11386870636977,61.508905034904174,1,61.508905034904174,Summer,2024,8,True,kaggle_shopping
168180,Sneakers,Puma,Footwear,71.0,19.08873593643498,57.44699748513117,1,57.44699748513117,Summer,2024,8,True,kaggle_shopping
168281,Jewelry,Michael Kors,Accessories,77.0,17.040574430322,63.878757688652065,1,63.878757688652065,Fall,2024,9,True,kaggle_shopping
168382,Belt,Michael Kors,Accessories,41.0,25.025186659581685,30.739673469571507,1,30.739673469571507,Spring,2024,3,True,kaggle_shopping
168483,Scarf,Coach,Accessories,92.0,16.82172932614187,76.52400901994947,1,76.52400901994947,Summer,2024,8,True,kaggle_shopping
168584,Blouse,Uniqlo,Men's Fashion,95.0,27.29381433660599,69.0708763802243,1,69.0708763802243,Spring,2024,3,True,kaggle_shopping
168685,Sweater,Uniqlo,Men's Fashion,25.0,27.394573332049962,18.15135666698751,1,18.15135666698751,Fall,2024,9,True,kaggle_shopping
168786,Boots,New Balance,Footwear,77.0,22.882841569194508,59.38021199172022,1,59.38021199172022,Fall,2024,9,True,kaggle_shopping
168887,Socks,Zara,Men's Fashion,99.0,24.268033604848142,74.97464673120034,1,74.97464673120034,Summer,2024,8,True,kaggle_shopping
168988,Belt,Coach,Accessories,24.0,22.127515573809813,18.689396262285648,1,18.689396262285648,Winter,2024,1,True,kaggle_shopping
169089,Sneakers,Adidas,Footwear,72.0,29.877668775108255,50.48807848192205,1,50.48807848192205,Summer,2024,8,True,kaggle_shopping
169190,Jeans,Forever 21,Men's Fashion,80.0,26.7434296513255,58.6052562789396,1,58.6052562789396,Winter,2024,1,True,kaggle_shopping
169291,Skirt,Zara,Men's Fashion,100.0,25.33368683238922,74.66631316761078,1,74.66631316761078,Winter,2024,1,True,kaggle_shopping
169392,Shoes,Converse,Footwear,83.0,20.543857291916954,65.94859844770893,1,65.94859844770893,Summer,2024,8,True,kaggle_shopping
169493,Dress,Gap,Men's Fashion,95.0,16.093784284023975,79.71090493017722,1,79.71090493017722,Spring,2024,3,True,kaggle_shopping
169594,Handbag,Kate Spade,Accessories,41.0,23.273828245934123,31.45773041916701,1,31.45773041916701,Summer,2024,8,True,kaggle_shopping
169695,Backpack,Fossil,Accessories,35.0,22.96175087611261,26.96338719336059,1,26.96338719336059,Spring,2024,3,True,kaggle_shopping
169796,Jewelry,Michael Kors,Accessories,30.0,20.01582075641876,23.995253773074374,1,23.995253773074374,Fall,2024,9,True,kaggle_shopping
169897,Hat,Coach,Accessories,21.0,19.153253897310496,16.977816681564796,1,16.977816681564796,Winter,2024,1,True,kaggle_shopping
169998,Jewelry,Fossil,Accessories,85.0,15.731445282356912,71.62827150999662,1,71.62827150999662,Fall,2024,9,True,kaggle_shopping
170099,Shirt,Zara,Men's Fashion,54.0,29.48321065493189,38.07906624633678,1,38.07906624633678,Winter,2024,1,True,kaggle_shopping
170100,Boots,New Balance,Footwear,26.0,24.085660600468238,19.73772824387826,1,19.73772824387826,Spring,2024,3,True,kaggle_shopping
170201,Shirt,Forever 21,Men's Fashion,59.0,23.121110894816827,45.35854457205807,1,45.35854457205807,Spring,2024,3,True,kaggle_shopping
170302,Sunglasses,Michael Kors,Accessories,48.0,27.45483227822717,34.82168050645096,1,34.82168050645096,Winter,2024,1,True,kaggle_shopping
170403,Shorts,Gap,Men's Fashion,98.0,15.422952997513352,82.88550606243692,1,82.88550606243692,Summer,2024,8,True,kaggle_shopping
170504,Sweater,H&M,Men's Fashion,92.0,22.60802808854775,71.20061415853607,1,71.20061415853607,Summer,2024,8,True,kaggle_shopping
170605,Belt,Michael Kors,Accessories,46.0,16.653856260027762,38.33922612038723,1,38.33922612038723,Winter,2024,1,True,kaggle_shopping
170706,T-shirt,Uniqlo,Men's Fashion,21.0,23.888767190584733,15.983358889977206,1,15.983358889977206,Spring,2024,3,True,kaggle_shopping
170807,Shorts,Uniqlo,Men's Fashion,72.0,29.509115439450678,50.75343688359551,1,50.75343688359551,Fall,2024,9,True,kaggle_shopping
170908,Sandals,Converse,Footwear,58.0,29.130154716223174,41.10451026459056,1,41.10451026459056,Fall,2024,9,True,kaggle_shopping
171009,Shirt,Forever 21,Men's Fashion,93.0,19.502213701087083,74.86294125798902,1,74.86294125798902,Fall,2024,9,True,kaggle_shopping
171110,Socks,H&M,Men's Fashion,31.0,23.779178519848884,23.628454658846845,1,23.628454658846845,Spring,2024,3,True,kaggle_shopping
171211,Pants,Uniqlo,Men's Fashion,26.0,24.486216643615112,19.63358367266007,1,19.63358367266007,Winter,2024,1,True,kaggle_shopping
171312,Skirt,Zara,Men's Fashion,68.0,19.01464948581185,55.07003834964794,1,55.07003834964794,Summer,2024,8,True,kaggle_shopping
171413,Jewelry,Kate Spade,Accessories,31.0,15.105609739341581,26.317260980804107,1,26.317260980804107,Summer,2024,8,True,kaggle_shopping
171514,T-shirt,Gap,Men's Fashion,41.0,26.990545164003358,29.93387648275862,1,29.93387648275862,Summer,2024,8,True,kaggle_shopping
171615,Jewelry,Michael Kors,Accessories,62.0,17.76990441075736,50.98265926533043,1,50.98265926533043,Fall,2024,9,True,kaggle_shopping
171716,Hat,Coach,Accessories,41.0,26.50646412956347,30.13234970687898,1,30.13234970687898,Spring,2024,3,True,kaggle_shopping
171817,Blouse,Gap,Men's Fashion,64.0,17.060859539748236,53.08104989456113,1,53.08104989456113,Winter,2024,1,True,kaggle_shopping
171918,Sandals,Converse,Footwear,72.0,23.575984636404222,55.02529106178896,1,55.02529106178896,Summer,2024,8,True,kaggle_shopping
172019,Handbag,Coach,Accessories,78.0,28.67201379321714,55.63582924129064,1,55.63582924129064,Winter,2024,1,True,kaggle_shopping
172120,Hat,Michael Kors,Accessories,47.0,29.40837206377032,33.17806513002795,1,33.17806513002795,Winter,2024,1,True,kaggle_shopping
172221,Scarf,Coach,Accessories,46.0,26.75281821926125,33.693703619139825,1,33.693703619139825,Summer,2024,8,True,kaggle_shopping
172322,Shorts,Gap,Men's Fashion,43.0,15.219498541302997,36.45561562723971,1,36.45561562723971,Winter,2024,1,True,kaggle_shopping
172423,Backpack,Coach,Accessories,58.0,19.932498732436095,46.43915073518706,1,46.43915073518706,Summer,2024,8,True,kaggle_shopping
172524,Sweater,H&M,Men's Fashion,32.0,21.60581922212799,25.086137848919044,1,25.086137848919044,Winter,2024,1,True,kaggle_shopping
172625,Skirt,Forever 21,Men's Fashion,45.0,26.227095699574896,33.197806935191295,1,33.197806935191295,Winter,2024,1,True,kaggle_shopping
172726,Sneakers,Adidas,Footwear,35.0,17.264561432112988,28.957403498760453,1,28.957403498760453,Summer,2024,8,True,kaggle_shopping
172827,Sunglasses,Coach,Accessories,21.0,19.196827798286176,16.968666162359902,1,16.968666162359902,Winter,2024,1,True,kaggle_shopping
172928,Dress,Forever 21,Men's Fashion,64.0,25.175726578098008,47.88753499001727,1,47.88753499001727,Winter,2024,1,True,kaggle_shopping
173029,Blouse,Zara,Men's Fashion,88.0,28.702765294756677,62.741566540614116,1,62.741566540614116,Spring,2024,3,True,kaggle_shopping
173130,Shoes,New Balance,Footwear,48.0,19.81191981253644,38.49027848998251,1,38.49027848998251,Summer,2024,8,True,kaggle_shopping
173231,Sweater,Zara,Men's Fashion,36.0,15.54167088448711,30.404998481584638,1,30.404998481584638,Summer,2024,8,True,kaggle_shopping
173332,Gloves,Kate Spade,Accessories,28.0,28.37361678559783,20.05538730003261,1,20.05538730003261,Summer,2024,8,True,kaggle_shopping
173433,Socks,Gap,Men's Fashion,80.0,24.8722586152459,60.10219310780328,1,60.10219310780328,Spring,2024,3,True,kaggle_shopping
173534,Coat,Canada Goose,Women's Fashion,23.0,17.022060020406407,19.084926195306526,1,19.084926195306526,Summer,2024,8,True,kaggle_shopping
173635,Sunglasses,Coach,Accessories,24.0,24.621696151862167,18.090792923553078,1,18.090792923553078,Summer,2024,8,True,kaggle_shopping
173736,Boots,Puma,Footwear,22.0,21.94195427360755,17.17277005980634,1,17.17277005980634,Fall,2024,9,True,kaggle_shopping
173837,Dress,H&M,Men's Fashion,21.0,18.768434399581274,17.058628776087932,1,17.058628776087932,Spring,2024,3,True,kaggle_shopping
173938,Jacket,North Face,Women's Fashion,51.0,18.19618281507635,41.71994676431106,1,41.71994676431106,Spring,2024,3,True,kaggle_shopping
174039,Gloves,Coach,Accessories,65.0,24.18453087039186,49.28005493424529,1,49.28005493424529,Summer,2024,8,True,kaggle_shopping
174140,Scarf,Kate Spade,Accessories,51.0,27.97438211759307,36.73306512002753,1,36.73306512002753,Spring,2024,3,True,kaggle_shopping
174241,Hoodie,H&M,Men's Fashion,32.0,20.026062011843674,25.591660156210025,1,25.591660156210025,Summer,2024,8,True,kaggle_shopping
174342,Coat,Columbia,Women's Fashion,70.0,20.251163029775874,55.824185879156886,1,55.824185879156886,Spring,2024,3,True,kaggle_shopping
174443,Scarf,Kate Spade,Accessories,77.0,21.054825316354943,60.787784506406695,1,60.787784506406695,Summer,2024,8,True,kaggle_shopping
174544,Coat,Canada Goose,Women's Fashion,90.0,25.126913938356424,67.38577745547921,1,67.38577745547921,Summer,2024,8,True,kaggle_shopping
174645,Scarf,Kate Spade,Accessories,36.0,19.04283555236956,29.144579201146957,1,29.144579201146957,Summer,2024,8,True,kaggle_shopping
174746,Handbag,Fossil,Accessories,77.0,29.789399893173787,54.06216208225619,1,54.06216208225619,Summer,2024,8,True,kaggle_shopping
174847,Boots,Nike,Footwear,78.0,27.27871413020972,56.72260297843641,1,56.72260297843641,Summer,2024,8,True,kaggle_shopping
174948,Pants,Zara,Men's Fashion,69.0,28.85334015814741,49.09119529087829,1,49.09119529087829,Summer,2024,8,True,kaggle_shopping
175049,T-shirt,Forever 21,Men's Fashion,63.0,22.96608150367305,48.53136865268598,1,48.53136865268598,Summer,2024,8,True,kaggle_shopping
175150,Scarf,Michael Kors,Accessories,36.0,17.926352571705937,29.54651307418586,1,29.54651307418586,Winter,2024,1,True,kaggle_shopping
175251,Coat,Canada Goose,Women's Fashion,80.0,28.246698328558097,57.402641337153526,1,57.402641337153526,Winter,2024,1,True,kaggle_shopping
175352,Sweater,Zara,Men's Fashion,35.0,20.167262552051824,27.941458106781862,1,27.941458106781862,Summer,2024,8,True,kaggle_shopping
175453,Belt,Kate Spade,Accessories,93.0,16.582074866923783,77.57867037376089,1,77.57867037376089,Winter,2024,1,True,kaggle_shopping
175554,Belt,Kate Spade,Accessories,25.0,25.52088173662854,18.619779565842865,1,18.619779565842865,Spring,2024,3,True,kaggle_shopping
175655,Sweater,Forever 21,Men's Fashion,81.0,27.89353103381219,58.406239862612125,1,58.406239862612125,Spring,2024,3,True,kaggle_shopping
175756,Blouse,Gap,Men's Fashion,42.0,19.046428004754425,34.00050023800314,1,34.00050023800314,Spring,2024,3,True,kaggle_shopping
175857,Skirt,Forever 21,Men's Fashion,36.0,29.84037435870594,25.25746523086586,1,25.25746523086586,Spring,2024,3,True,kaggle_shopping
175958,Jewelry,Michael Kors,Accessories,66.0,17.703622664636086,54.31560904134018,1,54.31560904134018,Spring,2024,3,True,kaggle_shopping
176059,Gloves,Fossil,Accessories,37.0,26.023960453203756,27.37113463231461,1,27.37113463231461,Fall,2024,9,True,kaggle_shopping
176160,T-shirt,H&M,Men's Fashion,45.0,26.236023443414442,33.1937894504635,1,33.1937894504635,Winter,2024,1,True,kaggle_shopping
176261,Gloves,Coach,Accessories,86.0,25.695005023604836,63.90229567969984,1,63.90229567969984,Summer,2024,8,True,kaggle_shopping
176362,Sunglasses,Kate Spade,Accessories,24.0,24.351435550665563,18.155655467840262,1,18.155655467840262,Winter,2024,1,True,kaggle_shopping
176463,Shirt,Zara,Men's Fashion,22.0,20.94103185884876,17.392972991053274,1,17.392972991053274,Summer,2024,8,True,kaggle_shopping
176564,Handbag,Michael Kors,Accessories,53.0,26.236860732163116,39.09446381195355,1,39.09446381195355,Spring,2024,3,True,kaggle_shopping
176665,Jacket,Columbia,Women's Fashion,41.0,20.265624963653526,32.69109376490206,1,32.69109376490206,Fall,2024,9,True,kaggle_shopping
176766,Skirt,Gap,Men's Fashion,64.0,20.879048864030857,50.63740872702025,1,50.63740872702025,Summer,2024,8,True,kaggle_shopping
176867,Handbag,Coach,Accessories,40.0,22.81050324626488,30.87579870149405,1,30.87579870149405,Winter,2024,1,True,kaggle_shopping
176968,Blouse,Zara,Men's Fashion,33.0,15.425634725192804,27.909540540686375,1,27.909540540686375,Summer,2024,8,True,kaggle_shopping
177069,T-shirt,H&M,Men's Fashion,59.0,21.00552188244894,46.60674208935512,1,46.60674208935512,Winter,2024,1,True,kaggle_shopping
177170,Pants,Gap,Men's Fashion,73.0,16.37046469011096,61.049560776218996,1,61.049560776218996,Fall,2024,9,True,kaggle_shopping
177271,Hoodie,Zara,Men's Fashion,22.0,16.360019765272824,18.400795651639978,1,18.400795651639978,Winter,2024,1,True,kaggle_shopping
177372,Boots,Adidas,Footwear,73.0,29.446670075934293,51.50393084456797,1,51.50393084456797,Fall,2024,9,True,kaggle_shopping
177473,Blouse,H&M,Men's Fashion,62.0,27.41960672513219,44.99984383041804,1,44.99984383041804,Fall,2024,9,True,kaggle_shopping
177574,Coat,Columbia,Women's Fashion,56.0,18.27161209034341,45.76789722940769,1,45.76789722940769,Winter,2024,1,True,kaggle_shopping
177675,Pants,Gap,Men's Fashion,90.0,21.664231190667657,70.5021919283991,1,70.5021919283991,Spring,2024,3,True,kaggle_shopping
177776,Sunglasses,Kate Spade,Accessories,44.0,27.592545988562378,31.859279765032554,1,31.859279765032554,Winter,2024,1,True,kaggle_shopping
177877,Jeans,H&M,Men's Fashion,35.0,0.0,35.0,1,35.0,Summer,2024,8,False,kaggle_shopping
177978,Pants,Gap,Men's Fashion,71.0,0.0,71.0,1,71.0,Summer,2024,8,False,kaggle_shopping
178079,Dress,Forever 21,Men's Fashion,52.0,0.0,52.0,1,52.0,Fall,2024,9,False,kaggle_shopping
178180,Shoes,New Balance,Footwear,37.0,0.0,37.0,1,37.0,Summer,2024,8,False,kaggle_shopping
178281,Sneakers,New Balance,Footwear,95.0,0.0,95.0,1,95.0,Winter,2024,1,False,kaggle_shopping
178382,Socks,H&M,Men's Fashion,97.0,0.0,97.0,1,97.0,Fall,2024,9,False,kaggle_shopping
178483,Coat,Patagonia,Women's Fashion,57.0,0.0,57.0,1,57.0,Spring,2024,3,False,kaggle_shopping
178584,Shirt,Zara,Men's Fashion,93.0,0.0,93.0,1,93.0,Spring,2024,3,False,kaggle_shopping
178685,Blouse,Zara,Men's Fashion,48.0,0.0,48.0,1,48.0,Winter,2024,1,False,kaggle_shopping
178786,Gloves,Kate Spade,Accessories,75.0,0.0,75.0,1,75.0,Fall,2024,9,False,kaggle_shopping
178887,Skirt,Zara,Men's Fashion,70.0,0.0,70.0,1,70.0,Winter,2024,1,False,kaggle_shopping
178988,Handbag,Coach,Accessories,26.0,0.0,26.0,1,26.0,Winter,2024,1,False,kaggle_shopping
179089,Shirt,Forever 21,Men's Fashion,73.0,0.0,73.0,1,73.0,Winter,2024,1,False,kaggle_shopping
179190,Coat,Canada Goose,Women's Fashion,30.0,0.0,30.0,1,30.0,Summer,2024,8,False,kaggle_shopping
179291,Shoes,Nike,Footwear,61.0,0.0,61.0,1,61.0,Summer,2024,8,False,kaggle_shopping
179392,Handbag,Fossil,Accessories,75.0,0.0,75.0,1,75.0,Winter,2024,1,False,kaggle_shopping
179493,Jacket,Patagonia,Women's Fashion,88.0,0.0,88.0,1,88.0,Fall,2024,9,False,kaggle_shopping
179594,Shirt,Zara,Men's Fashion,67.0,0.0,67.0,1,67.0,Summer,2024,8,False,kaggle_shopping
179695,Hat,Fossil,Accessories,95.0,0.0,95.0,1,95.0,Fall,2024,9,False,kaggle_shopping
179796,Sunglasses,Kate Spade,Accessories,69.0,0.0,69.0,1,69.0,Spring,2024,3,False,kaggle_shopping
179897,Shirt,Forever 21,Men's Fashion,87.0,0.0,87.0,1,87.0,Fall,2024,9,False,kaggle_shopping
179998,Belt,Coach,Accessories,41.0,0.0,41.0,1,41.0,Winter,2024,1,False,kaggle_shopping
180099,Sweater,Forever 21,Men's Fashion,67.0,0.0,67.0,1,67.0,Spring,2024,3,False,kaggle_shopping
180100,Hoodie,Forever 21,Men's Fashion,70.0,0.0,70.0,1,70.0,Fall,2024,9,False,kaggle_shopping
180201,Handbag,Kate Spade,Accessories,41.0,0.0,41.0,1,41.0,Winter,2024,1,False,kaggle_shopping
180302,Jeans,H&M,Men's Fashion,83.0,0.0,83.0,1,83.0,Summer,2024,8,False,kaggle_shopping
180403,Backpack,Michael Kors,Accessories,22.0,0.0,22.0,1,22.0,Spring,2024,3,False,kaggle_shopping
180504,Sneakers,Nike,Footwear,20.0,0.0,20.0,1,20.0,Summer,2024,8,False,kaggle_shopping
180605,Jewelry,Michael Kors,Accessories,29.0,0.0,29.0,1,29.0,Summer,2024,8,False,kaggle_shopping
180706,Sunglasses,Fossil,Accessories,87.0,0.0,87.0,1,87.0,Spring,2024,3,False,kaggle_shopping
180807,Shorts,Uniqlo,Men's Fashion,81.0,0.0,81.0,1,81.0,Fall,2024,9,False,kaggle_shopping
180908,Boots,Nike,Footwear,58.0,0.0,58.0,1,58.0,Spring,2024,3,False,kaggle_shopping
181009,Skirt,Uniqlo,Men's Fashion,83.0,0.0,83.0,1,83.0,Winter,2024,1,False,kaggle_shopping
181110,Pants,H&M,Men's Fashion,59.0,0.0,59.0,1,59.0,Fall,2024,9,False,kaggle_shopping
181211,T-shirt,Forever 21,Men's Fashion,93.0,0.0,93.0,1,93.0,Spring,2024,3,False,kaggle_shopping
181312,T-shirt,Zara,Men's Fashion,87.0,0.0,87.0,1,87.0,Fall,2024,9,False,kaggle_shopping
181413,Jacket,Columbia,Women's Fashion,22.0,0.0,22.0,1,22.0,Winter,2024,1,False,kaggle_shopping
181514,Jeans,H&M,Men's Fashion,71.0,0.0,71.0,1,71.0,Summer,2024,8,False,kaggle_shopping
181615,Dress,Uniqlo,Men's Fashion,69.0,0.0,69.0,1,69.0,Spring,2024,3,False,kaggle_shopping
181716,Blouse,H&M,Men's Fashion,47.0,0.0,47.0,1,47.0,Winter,2024,1,False,kaggle_shopping
181817,Hoodie,Uniqlo,Men's Fashion,50.0,0.0,50.0,1,50.0,Summer,2024,8,False,kaggle_shopping
181918,T-shirt,Forever 21,Men's Fashion,96.0,0.0,96.0,1,96.0,Winter,2024,1,False,kaggle_shopping
182019,Sweater,Forever 21,Men's Fashion,39.0,0.0,39.0,1,39.0,Winter,2024,1,False,kaggle_shopping
182120,Shorts,Zara,Men's Fashion,84.0,0.0,84.0,1,84.0,Winter,2024,1,False,kaggle_shopping
182221,Jewelry,Michael Kors,Accessories,28.0,0.0,28.0,1,28.0,Spring,2024,3,False,kaggle_shopping
182322,T-shirt,Gap,Men's Fashion,51.0,0.0,51.0,1,51.0,Summer,2024,8,False,kaggle_shopping
182423,Scarf,Michael Kors,Accessories,20.0,0.0,20.0,1,20.0,Spring,2024,3,False,kaggle_shopping
182524,Shoes,Adidas,Footwear,72.0,0.0,72.0,1,72.0,Winter,2024,1,False,kaggle_shopping
182625,Sunglasses,Kate Spade,Accessories,33.0,0.0,33.0,1,33.0,Spring,2024,3,False,kaggle_shopping
182726,Coat,Canada Goose,Women's Fashion,28.0,0.0,28.0,1,28.0,Summer,2024,8,False,kaggle_shopping
182827,Blouse,H&M,Men's Fashion,53.0,0.0,53.0,1,53.0,Spring,2024,3,False,kaggle_shopping
182928,Jeans,Uniqlo,Men's Fashion,48.0,0.0,48.0,1,48.0,Fall,2024,9,False,kaggle_shopping
183029,Shorts,Forever 21,Men's Fashion,21.0,0.0,21.0,1,21.0,Winter,2024,1,False,kaggle_shopping
183130,Shirt,Zara,Men's Fashion,22.0,0.0,22.0,1,22.0,Fall,2024,9,False,kaggle_shopping
183231,Backpack,Michael Kors,Accessories,87.0,0.0,87.0,1,87.0,Fall,2024,9,False,kaggle_shopping
183332,Belt,Fossil,Accessories,50.0,0.0,50.0,1,50.0,Winter,2024,1,False,kaggle_shopping
183433,Blouse,Uniqlo,Men's Fashion,85.0,0.0,85.0,1,85.0,Summer,2024,8,False,kaggle_shopping
183534,Jeans,Gap,Men's Fashion,98.0,0.0,98.0,1,98.0,Spring,2024,3,False,kaggle_shopping
183635,Dress,Zara,Men's Fashion,34.0,0.0,34.0,1,34.0,Winter,2024,1,False,kaggle_shopping
183736,Shorts,Gap,Men's Fashion,61.0,0.0,61.0,1,61.0,Summer,2024,8,False,kaggle_shopping
183837,Jewelry,Coach,Accessories,98.0,0.0,98.0,1,98.0,Summer,2024,8,False,kaggle_shopping
183938,Handbag,Kate Spade,Accessories,61.0,0.0,61.0,1,61.0,Spring,2024,3,False,kaggle_shopping
184039,Jewelry,Kate Spade,Accessories,98.0,0.0,98.0,1,98.0,Winter,2024,1,False,kaggle_shopping
184140,Pants,Uniqlo,Men's Fashion,21.0,0.0,21.0,1,21.0,Fall,2024,9,False,kaggle_shopping
184241,Pants,Forever 21,Men's Fashion,51.0,0.0,51.0,1,51.0,Winter,2024,1,False,kaggle_shopping
184342,Sandals,Nike,Footwear,80.0,0.0,80.0,1,80.0,Spring,2024,3,False,kaggle_shopping
184443,Skirt,Zara,Men's Fashion,72.0,0.0,72.0,1,72.0,Winter,2024,1,False,kaggle_shopping
184544,Sunglasses,Fossil,Accessories,63.0,0.0,63.0,1,63.0,Winter,2024,1,False,kaggle_shopping
184645,Skirt,Forever 21,Men's Fashion,27.0,0.0,27.0,1,27.0,Winter,2024,1,False,kaggle_shopping
184746,Handbag,Michael Kors,Accessories,44.0,0.0,44.0,1,44.0,Summer,2024,8,False,kaggle_shopping
184847,Coat,Columbia,Women's Fashion,23.0,0.0,23.0,1,23.0,Winter,2024,1,False,kaggle_shopping
184948,Skirt,Zara,Men's Fashion,93.0,0.0,93.0,1,93.0,Winter,2024,1,False,kaggle_shopping
185049,Hoodie,Zara,Men's Fashion,70.0,0.0,70.0,1,70.0,Fall,2024,9,False,kaggle_shopping
185150,Sunglasses,Kate Spade,Accessories,85.0,0.0,85.0,1,85.0,Fall,2024,9,False,kaggle_shopping
185251,Sweater,Uniqlo,Men's Fashion,40.0,0.0,40.0,1,40.0,Winter,2024,1,False,kaggle_shopping
185352,Boots,Adidas,Footwear,29.0,0.0,29.0,1,29.0,Winter,2024,1,False,kaggle_shopping
185453,Skirt,Forever 21,Men's Fashion,27.0,0.0,27.0,1,27.0,Fall,2024,9,False,kaggle_shopping
185554,Dress,Uniqlo,Men's Fashion,93.0,0.0,93.0,1,93.0,Fall,2024,9,False,kaggle_shopping
185655,Belt,Kate Spade,Accessories,20.0,0.0,20.0,1,20.0,Spring,2024,3,False,kaggle_shopping
185756,Jewelry,Michael Kors,Accessories,55.0,0.0,55.0,1,55.0,Fall,2024,9,False,kaggle_shopping
185857,Dress,Gap,Men's Fashion,94.0,0.0,94.0,1,94.0,Fall,2024,9,False,kaggle_shopping
185958,Hat,Fossil,Accessories,56.0,0.0,56.0,1,56.0,Winter,2024,1,False,kaggle_shopping
186059,Sweater,Gap,Men's Fashion,58.0,0.0,58.0,1,58.0,Spring,2024,3,False,kaggle_shopping
186160,Skirt,H&M,Men's Fashion,44.0,0.0,44.0,1,44.0,Spring,2024,3,False,kaggle_shopping
186261,Hoodie,Zara,Men's Fashion,95.0,0.0,95.0,1,95.0,Fall,2024,9,False,kaggle_shopping
186362,Sandals,Nike,Footwear,42.0,0.0,42.0,1,42.0,Summer,2024,8,False,kaggle_shopping
186463,Jewelry,Coach,Accessories,93.0,0.0,93.0,1,93.0,Winter,2024,1,False,kaggle_shopping
186564,Dress,Gap,Men's Fashion,56.0,0.0,56.0,1,56.0,Summer,2024,8,False,kaggle_shopping
186665,Hoodie,Uniqlo,Men's Fashion,88.0,0.0,88.0,1,88.0,Spring,2024,3,False,kaggle_shopping
186766,Sweater,Zara,Men's Fashion,54.0,0.0,54.0,1,54.0,Winter,2024,1,False,kaggle_shopping
186867,Jewelry,Michael Kors,Accessories,89.0,0.0,89.0,1,89.0,Fall,2024,9,False,kaggle_shopping
186968,Sandals,Puma,Footwear,45.0,0.0,45.0,1,45.0,Summer,2024,8,False,kaggle_shopping
187069,Socks,Gap,Men's Fashion,75.0,0.0,75.0,1,75.0,Winter,2024,1,False,kaggle_shopping
187170,Backpack,Michael Kors,Accessories,22.0,0.0,22.0,1,22.0,Fall,2024,9,False,kaggle_shopping
187271,Shirt,Uniqlo,Men's Fashion,82.0,0.0,82.0,1,82.0,Fall,2024,9,False,kaggle_shopping
187372,Shoes,Adidas,Footwear,34.0,0.0,34.0,1,34.0,Summer,2024,8,False,kaggle_shopping
187473,Coat,Canada Goose,Women's Fashion,92.0,0.0,92.0,1,92.0,Summer,2024,8,False,kaggle_shopping
187574,Sweater,Gap,Men's Fashion,78.0,0.0,78.0,1,78.0,Spring,2024,3,False,kaggle_shopping
187675,Jacket,Canada Goose,Women's Fashion,47.0,0.0,47.0,1,47.0,Spring,2024,3,False,kaggle_shopping
187776,Jacket,Patagonia,Women's Fashion,64.0,0.0,64.0,1,64.0,Summer,2024,8,False,kaggle_shopping
187877,Sneakers,New Balance,Footwear,44.0,0.0,44.0,1,44.0,Winter,2024,1,False,kaggle_shopping
187978,Belt,Kate Spade,Accessories,94.0,0.0,94.0,1,94.0,Winter,2024,1,False,kaggle_shopping
188079,Scarf,Fossil,Accessories,62.0,0.0,62.0,1,62.0,Winter,2024,1,False,kaggle_shopping
188180,Jewelry,Fossil,Accessories,81.0,0.0,81.0,1,81.0,Summer,2024,8,False,kaggle_shopping
188281,T-shirt,Uniqlo,Men's Fashion,33.0,0.0,33.0,1,33.0,Fall,2024,9,False,kaggle_shopping
188382,Pants,Forever 21,Men's Fashion,88.0,0.0,88.0,1,88.0,Fall,2024,9,False,kaggle_shopping
188483,Handbag,Fossil,Accessories,49.0,0.0,49.0,1,49.0,Winter,2024,1,False,kaggle_shopping
188584,Backpack,Michael Kors,Accessories,31.0,0.0,31.0,1,31.0,Summer,2024,8,False,kaggle_shopping
188685,Gloves,Fossil,Accessories,29.0,0.0,29.0,1,29.0,Fall,2024,9,False,kaggle_shopping
188786,Jacket,Patagonia,Women's Fashion,34.0,0.0,34.0,1,34.0,Spring,2024,3,False,kaggle_shopping
188887,Sweater,Gap,Men's Fashion,38.0,0.0,38.0,1,38.0,Fall,2024,9,False,kaggle_shopping
188988,Blouse,Uniqlo,Men's Fashion,41.0,0.0,41.0,1,41.0,Summer,2024,8,False,kaggle_shopping
189089,Blouse,Gap,Men's Fashion,34.0,0.0,34.0,1,34.0,Spring,2024,3,False,kaggle_shopping
189190,Gloves,Kate Spade,Accessories,26.0,0.0,26.0,1,26.0,Summer,2024,8,False,kaggle_shopping
189291,Jeans,H&M,Men's Fashion,98.0,0.0,98.0,1,98.0,Winter,2024,1,False,kaggle_shopping
189392,Sneakers,Converse,Footwear,59.0,0.0,59.0,1,59.0,Fall,2024,9,False,kaggle_shopping
189493,Hat,Coach,Accessories,92.0,0.0,92.0,1,92.0,Fall,2024,9,False,kaggle_shopping
189594,Backpack,Fossil,Accessories,40.0,0.0,40.0,1,40.0,Spring,2024,3,False,kaggle_shopping
189695,Jeans,Uniqlo,Men's Fashion,20.0,0.0,20.0,1,20.0,Fall,2024,9,False,kaggle_shopping
189796,Skirt,Uniqlo,Men's Fashion,35.0,0.0,35.0,1,35.0,Spring,2024,3,False,kaggle_shopping
189897,Belt,Michael Kors,Accessories,35.0,0.0,35.0,1,35.0,Spring,2024,3,False,kaggle_shopping
189998,Dress,Forever 21,Men's Fashion,82.0,0.0,82.0,1,82.0,Winter,2024,1,False,kaggle_shopping
190099,Hoodie,Forever 21,Men's Fashion,48.0,0.0,48.0,1,48.0,Fall,2024,9,False,kaggle_shopping
190100,Coat,Canada Goose,Women's Fashion,58.0,0.0,58.0,1,58.0,Winter,2024,1,False,kaggle_shopping
190201,Sweater,H&M,Men's Fashion,57.0,0.0,57.0,1,57.0,Spring,2024,3,False,kaggle_shopping
190302,Shorts,Gap,Men's Fashion,96.0,0.0,96.0,1,96.0,Winter,2024,1,False,kaggle_shopping
190403,Sneakers,Puma,Footwear,97.0,0.0,97.0,1,97.0,Summer,2024,8,False,kaggle_shopping
190504,Sweater,H&M,Men's Fashion,42.0,0.0,42.0,1,42.0,Winter,2024,1,False,kaggle_shopping
190605,T-shirt,Gap,Men's Fashion,62.0,0.0,62.0,1,62.0,Spring,2024,3,False,kaggle_shopping
190706,Handbag,Coach,Accessories,67.0,0.0,67.0,1,67.0,Fall,2024,9,False,kaggle_shopping
190807,Sneakers,Nike,Footwear,46.0,0.0,46.0,1,46.0,Summer,2024,8,False,kaggle_shopping
190908,Jacket,North Face,Women's Fashion,71.0,0.0,71.0,1,71.0,Spring,2024,3,False,kaggle_shopping
191009,Backpack,Michael Kors,Accessories,99.0,0.0,99.0,1,99.0,Fall,2024,9,False,kaggle_shopping
191110,Jeans,Zara,Men's Fashion,28.0,0.0,28.0,1,28.0,Fall,2024,9,False,kaggle_shopping
191211,Belt,Fossil,Accessories,77.0,0.0,77.0,1,77.0,Summer,2024,8,False,kaggle_shopping
191312,Boots,New Balance,Footwear,63.0,0.0,63.0,1,63.0,Summer,2024,8,False,kaggle_shopping
191413,Shorts,Forever 21,Men's Fashion,62.0,0.0,62.0,1,62.0,Spring,2024,3,False,kaggle_shopping
191514,Jeans,Gap,Men's Fashion,92.0,0.0,92.0,1,92.0,Summer,2024,8,False,kaggle_shopping
191615,Shoes,Adidas,Footwear,72.0,0.0,72.0,1,72.0,Winter,2024,1,False,kaggle_shopping
191716,Hat,Coach,Accessories,79.0,0.0,79.0,1,79.0,Summer,2024,8,False,kaggle_shopping
191817,T-shirt,Gap,Men's Fashion,27.0,0.0,27.0,1,27.0,Summer,2024,8,False,kaggle_shopping
191918,Sunglasses,Coach,Accessories,39.0,0.0,39.0,1,39.0,Fall,2024,9,False,kaggle_shopping
192019,Socks,H&M,Men's Fashion,86.0,0.0,86.0,1,86.0,Spring,2024,3,False,kaggle_shopping
192120,Shirt,H&M,Men's Fashion,94.0,0.0,94.0,1,94.0,Fall,2024,9,False,kaggle_shopping
192221,Shorts,H&M,Men's Fashion,53.0,0.0,53.0,1,53.0,Spring,2024,3,False,kaggle_shopping
192322,Shirt,H&M,Men's Fashion,85.0,0.0,85.0,1,85.0,Summer,2024,8,False,kaggle_shopping
192423,Socks,Forever 21,Men's Fashion,50.0,0.0,50.0,1,50.0,Fall,2024,9,False,kaggle_shopping
192524,Pants,Forever 21,Men's Fashion,47.0,0.0,47.0,1,47.0,Winter,2024,1,False,kaggle_shopping
192625,Boots,Converse,Footwear,75.0,0.0,75.0,1,75.0,Winter,2024,1,False,kaggle_shopping
192726,T-shirt,Forever 21,Men's Fashion,60.0,0.0,60.0,1,60.0,Winter,2024,1,False,kaggle_shopping
192827,T-shirt,H&M,Men's Fashion,36.0,0.0,36.0,1,36.0,Spring,2024,3,False,kaggle_shopping
192928,Coat,Canada Goose,Women's Fashion,80.0,0.0,80.0,1,80.0,Spring,2024,3,False,kaggle_shopping
193029,Hat,Michael Kors,Accessories,96.0,0.0,96.0,1,96.0,Spring,2024,3,False,kaggle_shopping
193130,Sunglasses,Coach,Accessories,80.0,0.0,80.0,1,80.0,Winter,2024,1,False,kaggle_shopping
193231,Blouse,Zara,Men's Fashion,71.0,0.0,71.0,1,71.0,Summer,2024,8,False,kaggle_shopping
193332,Jewelry,Coach,Accessories,29.0,0.0,29.0,1,29.0,Fall,2024,9,False,kaggle_shopping
193433,Jewelry,Kate Spade,Accessories,53.0,0.0,53.0,1,53.0,Spring,2024,3,False,kaggle_shopping
193534,Skirt,Uniqlo,Men's Fashion,35.0,0.0,35.0,1,35.0,Summer,2024,8,False,kaggle_shopping
193635,Scarf,Kate Spade,Accessories,75.0,0.0,75.0,1,75.0,Fall,2024,9,False,kaggle_shopping
193736,Pants,Gap,Men's Fashion,52.0,0.0,52.0,1,52.0,Fall,2024,9,False,kaggle_shopping
193837,Hat,Michael Kors,Accessories,77.0,0.0,77.0,1,77.0,Winter,2024,1,False,kaggle_shopping
193938,Gloves,Michael Kors,Accessories,24.0,0.0,24.0,1,24.0,Fall,2024,9,False,kaggle_shopping
194039,Shirt,H&M,Men's Fashion,78.0,0.0,78.0,1,78.0,Winter,2024,1,False,kaggle_shopping
194140,Sandals,Adidas,Footwear,98.0,0.0,98.0,1,98.0,Winter,2024,1,False,kaggle_shopping
194241,Socks,Uniqlo,Men's Fashion,57.0,0.0,57.0,1,57.0,Winter,2024,1,False,kaggle_shopping
194342,Handbag,Michael Kors,Accessories,78.0,0.0,78.0,1,78.0,Summer,2024,8,False,kaggle_shopping
194443,Jacket,Columbia,Women's Fashion,76.0,0.0,76.0,1,76.0,Fall,2024,9,False,kaggle_shopping
194544,Shorts,Uniqlo,Men's Fashion,26.0,0.0,26.0,1,26.0,Spring,2024,3,False,kaggle_shopping
194645,Sandals,Puma,Footwear,78.0,0.0,78.0,1,78.0,Winter,2024,1,False,kaggle_shopping
194746,Scarf,Fossil,Accessories,53.0,0.0,53.0,1,53.0,Summer,2024,8,False,kaggle_shopping
194847,Sandals,Nike,Footwear,100.0,0.0,100.0,1,100.0,Summer,2024,8,False,kaggle_shopping
194948,Jeans,Forever 21,Men's Fashion,73.0,0.0,73.0,1,73.0,Winter,2024,1,False,kaggle_shopping
195049,Skirt,Zara,Men's Fashion,40.0,0.0,40.0,1,40.0,Winter,2024,1,False,kaggle_shopping
195150,Gloves,Michael Kors,Accessories,76.0,0.0,76.0,1,76.0,Winter,2024,1,False,kaggle_shopping
195251,Skirt,H&M,Men's Fashion,80.0,0.0,80.0,1,80.0,Fall,2024,9,False,kaggle_shopping
195352,Sweater,Uniqlo,Men's Fashion,80.0,0.0,80.0,1,80.0,Winter,2024,1,False,kaggle_shopping
195453,Blouse,H&M,Men's Fashion,67.0,0.0,67.0,1,67.0,Spring,2024,3,False,kaggle_shopping
195554,Sweater,Zara,Men's Fashion,61.0,0.0,61.0,1,61.0,Spring,2024,3,False,kaggle_shopping
195655,Shirt,Zara,Men's Fashion,76.0,0.0,76.0,1,76.0,Spring,2024,3,False,kaggle_shopping
195756,Jewelry,Kate Spade,Accessories,55.0,0.0,55.0,1,55.0,Summer,2024,8,False,kaggle_shopping
195857,T-shirt,Forever 21,Men's Fashion,85.0,0.0,85.0,1,85.0,Summer,2024,8,False,kaggle_shopping
195958,Scarf,Kate Spade,Accessories,69.0,0.0,69.0,1,69.0,Spring,2024,3,False,kaggle_shopping
196059,Belt,Fossil,Accessories,26.0,0.0,26.0,1,26.0,Summer,2024,8,False,kaggle_shopping
196160,T-shirt,H&M,Men's Fashion,64.0,0.0,64.0,1,64.0,Summer,2024,8,False,kaggle_shopping
196261,Sneakers,Converse,Footwear,60.0,0.0,60.0,1,60.0,Fall,2024,9,False,kaggle_shopping
196362,Gloves,Fossil,Accessories,36.0,0.0,36.0,1,36.0,Winter,2024,1,False,kaggle_shopping
196463,Sandals,Converse,Footwear,21.0,0.0,21.0,1,21.0,Spring,2024,3,False,kaggle_shopping
196564,Backpack,Fossil,Accessories,72.0,0.0,72.0,1,72.0,Fall,2024,9,False,kaggle_shopping
196665,Pants,H&M,Men's Fashion,62.0,0.0,62.0,1,62.0,Summer,2024,8,False,kaggle_shopping
196766,T-shirt,H&M,Men's Fashion,44.0,0.0,44.0,1,44.0,Winter,2024,1,False,kaggle_shopping
196867,Skirt,Zara,Men's Fashion,52.0,0.0,52.0,1,52.0,Fall,2024,9,False,kaggle_shopping
196968,Gloves,Fossil,Accessories,58.0,0.0,58.0,1,58.0,Spring,2024,3,False,kaggle_shopping
197069,Blouse,Forever 21,Men's Fashion,77.0,0.0,77.0,1,77.0,Spring,2024,3,False,kaggle_shopping
197170,Blouse,Forever 21,Men's Fashion,99.0,0.0,99.0,1,99.0,Spring,2024,3,False,kaggle_shopping
197271,Jeans,Gap,Men's Fashion,96.0,0.0,96.0,1,96.0,Fall,2024,9,False,kaggle_shopping
197372,T-shirt,Forever 21,Men's Fashion,64.0,0.0,64.0,1,64.0,Summer,2024,8,False,kaggle_shopping
197473,Sweater,Zara,Men's Fashion,44.0,0.0,44.0,1,44.0,Fall,2024,9,False,kaggle_shopping
197574,Pants,H&M,Men's Fashion,33.0,0.0,33.0,1,33.0,Fall,2024,9,False,kaggle_shopping
197675,Boots,Nike,Footwear,71.0,0.0,71.0,1,71.0,Winter,2024,1,False,kaggle_shopping
197776,Skirt,H&M,Men's Fashion,36.0,0.0,36.0,1,36.0,Fall,2024,9,False,kaggle_shopping
197877,Gloves,Kate Spade,Accessories,62.0,0.0,62.0,1,62.0,Fall,2024,9,False,kaggle_shopping
197978,Socks,H&M,Men's Fashion,29.0,0.0,29.0,1,29.0,Summer,2024,8,False,kaggle_shopping
198079,T-shirt,Zara,Men's Fashion,33.0,0.0,33.0,1,33.0,Spring,2024,3,False,kaggle_shopping
198180,Blouse,Zara,Men's Fashion,33.0,0.0,33.0,1,33.0,Fall,2024,9,False,kaggle_shopping
198281,Blouse,Zara,Men's Fashion,41.0,0.0,41.0,1,41.0,Winter,2024,1,False,kaggle_shopping
198382,Scarf,Kate Spade,Accessories,54.0,0.0,54.0,1,54.0,Winter,2024,1,False,kaggle_shopping
198483,Backpack,Fossil,Accessories,58.0,0.0,58.0,1,58.0,Spring,2024,3,False,kaggle_shopping
198584,Shorts,Zara,Men's Fashion,30.0,0.0,30.0,1,30.0,Summer,2024,8,False,kaggle_shopping
198685,Jewelry,Michael Kors,Accessories,53.0,0.0,53.0,1,53.0,Winter,2024,1,False,kaggle_shopping
198786,Gloves,Kate Spade,Accessories,91.0,0.0,91.0,1,91.0,Spring,2024,3,False,kaggle_shopping
198887,Hoodie,Uniqlo,Men's Fashion,44.0,0.0,44.0,1,44.0,Fall,2024,9,False,kaggle_shopping
198988,Hoodie,Gap,Men's Fashion,89.0,0.0,89.0,1,89.0,Winter,2024,1,False,kaggle_shopping
199089,Skirt,H&M,Men's Fashion,57.0,0.0,57.0,1,57.0,Spring,2024,3,False,kaggle_shopping
199190,Sunglasses,Kate Spade,Accessories,57.0,0.0,57.0,1,57.0,Spring,2024,3,False,kaggle_shopping
199291,Jewelry,Kate Spade,Accessories,74.0,0.0,74.0,1,74.0,Summer,2024,8,False,kaggle_shopping
199392,Jacket,Canada Goose,Women's Fashion,30.0,0.0,30.0,1,30.0,Fall,2024,9,False,kaggle_shopping
199493,Dress,Uniqlo,Men's Fashion,20.0,0.0,20.0,1,20.0,Summer,2024,8,False,kaggle_shopping
199594,Hoodie,Uniqlo,Men's Fashion,90.0,0.0,90.0,1,90.0,Fall,2024,9,False,kaggle_shopping
199695,Jeans,Forever 21,Men's Fashion,61.0,0.0,61.0,1,61.0,Fall,2024,9,False,kaggle_shopping
199796,Sandals,Converse,Footwear,51.0,0.0,51.0,1,51.0,Fall,2024,9,False,kaggle_shopping
199897,Sunglasses,Kate Spade,Accessories,97.0,0.0,97.0,1,97.0,Winter,2024,1,False,kaggle_shopping
199998,Pants,H&M,Men's Fashion,97.0,0.0,97.0,1,97.0,Fall,2024,9,False,kaggle_shopping
200099,Shorts,Gap,Men's Fashion,40.0,0.0,40.0,1,40.0,Winter,2024,1,False,kaggle_shopping
200100,Jewelry,Coach,Accessories,85.0,0.0,85.0,1,85.0,Summer,2024,8,False,kaggle_shopping
200201,Socks,Forever 21,Men's Fashion,76.0,0.0,76.0,1,76.0,Winter,2024,1,False,kaggle_shopping
200302,Sandals,Converse,Footwear,22.0,0.0,22.0,1,22.0,Spring,2024,3,False,kaggle_shopping
200403,Pants,H&M,Men's Fashion,63.0,0.0,63.0,1,63.0,Summer,2024,8,False,kaggle_shopping
200504,T-shirt,Forever 21,Men's Fashion,71.0,0.0,71.0,1,71.0,Spring,2024,3,False,kaggle_shopping
200605,Boots,Converse,Footwear,35.0,0.0,35.0,1,35.0,Summer,2024,8,False,kaggle_shopping
200706,Backpack,Coach,Accessories,30.0,0.0,30.0,1,30.0,Spring,2024,3,False,kaggle_shopping
200807,Skirt,Zara,Men's Fashion,74.0,0.0,74.0,1,74.0,Fall,2024,9,False,kaggle_shopping
200908,Scarf,Fossil,Accessories,71.0,0.0,71.0,1,71.0,Winter,2024,1,False,kaggle_shopping
201009,Sweater,Forever 21,Men's Fashion,84.0,0.0,84.0,1,84.0,Spring,2024,3,False,kaggle_shopping
201110,Sandals,Converse,Footwear,38.0,0.0,38.0,1,38.0,Fall,2024,9,False,kaggle_shopping
201211,Jewelry,Kate Spade,Accessories,81.0,0.0,81.0,1,81.0,Spring,2024,3,False,kaggle_shopping
201312,Sweater,H&M,Men's Fashion,56.0,0.0,56.0,1,56.0,Winter,2024,1,False,kaggle_shopping
201413,Skirt,Forever 21,Men's Fashion,48.0,0.0,48.0,1,48.0,Winter,2024,1,False,kaggle_shopping
201514,Shorts,Zara,Men's Fashion,97.0,0.0,97.0,1,97.0,Fall,2024,9,False,kaggle_shopping
201615,Backpack,Kate Spade,Accessories,74.0,0.0,74.0,1,74.0,Fall,2024,9,False,kaggle_shopping
201716,Hoodie,Forever 21,Men's Fashion,50.0,0.0,50.0,1,50.0,Winter,2024,1,False,kaggle_shopping
201817,Skirt,Uniqlo,Men's Fashion,71.0,0.0,71.0,1,71.0,Winter,2024,1,False,kaggle_shopping
201918,Skirt,Zara,Men's Fashion,33.0,0.0,33.0,1,33.0,Summer,2024,8,False,kaggle_shopping
202019,Backpack,Coach,Accessories,56.0,0.0,56.0,1,56.0,Summer,2024,8,False,kaggle_shopping
202120,Blouse,Zara,Men's Fashion,84.0,0.0,84.0,1,84.0,Spring,2024,3,False,kaggle_shopping
202221,Shirt,Zara,Men's Fashion,36.0,0.0,36.0,1,36.0,Fall,2024,9,False,kaggle_shopping
202322,Gloves,Kate Spade,Accessories,63.0,0.0,63.0,1,63.0,Summer,2024,8,False,kaggle_shopping
202423,Sandals,New Balance,Footwear,36.0,0.0,36.0,1,36.0,Summer,2024,8,False,kaggle_shopping
202524,Jacket,North Face,Women's Fashion,63.0,0.0,63.0,1,63.0,Fall,2024,9,False,kaggle_shopping
202625,Sneakers,Converse,Footwear,32.0,0.0,32.0,1,32.0,Winter,2024,1,False,kaggle_shopping
202726,Backpack,Kate Spade,Accessories,93.0,0.0,93.0,1,93.0,Spring,2024,3,False,kaggle_shopping
202827,Pants,Forever 21,Men's Fashion,29.0,0.0,29.0,1,29.0,Summer,2024,8,False,kaggle_shopping
202928,Sunglasses,Michael Kors,Accessories,92.0,0.0,92.0,1,92.0,Summer,2024,8,False,kaggle_shopping
203029,Jeans,Zara,Men's Fashion,33.0,0.0,33.0,1,33.0,Fall,2024,9,False,kaggle_shopping
203130,Pants,Zara,Men's Fashion,52.0,0.0,52.0,1,52.0,Spring,2024,3,False,kaggle_shopping
203231,Jewelry,Michael Kors,Accessories,42.0,0.0,42.0,1,42.0,Spring,2024,3,False,kaggle_shopping
203332,Hoodie,H&M,Men's Fashion,36.0,0.0,36.0,1,36.0,Spring,2024,3,False,kaggle_shopping
203433,Sandals,Puma,Footwear,67.0,0.0,67.0,1,67.0,Summer,2024,8,False,kaggle_shopping
203534,Jacket,North Face,Women's Fashion,43.0,0.0,43.0,1,43.0,Winter,2024,1,False,kaggle_shopping
203635,Blouse,Uniqlo,Men's Fashion,68.0,0.0,68.0,1,68.0,Spring,2024,3,False,kaggle_shopping
203736,Jewelry,Kate Spade,Accessories,60.0,0.0,60.0,1,60.0,Summer,2024,8,False,kaggle_shopping
203837,Socks,H&M,Men's Fashion,53.0,0.0,53.0,1,53.0,Summer,2024,8,False,kaggle_shopping
203938,Jeans,Zara,Men's Fashion,23.0,0.0,23.0,1,23.0,Spring,2024,3,False,kaggle_shopping
204039,Gloves,Kate Spade,Accessories,57.0,0.0,57.0,1,57.0,Winter,2024,1,False,kaggle_shopping
204140,Hat,Coach,Accessories,89.0,0.0,89.0,1,89.0,Fall,2024,9,False,kaggle_shopping
204241,Shoes,New Balance,Footwear,99.0,0.0,99.0,1,99.0,Winter,2024,1,False,kaggle_shopping
204342,Pants,Uniqlo,Men's Fashion,28.0,0.0,28.0,1,28.0,Fall,2024,9,False,kaggle_shopping
204443,Socks,Zara,Men's Fashion,53.0,0.0,53.0,1,53.0,Summer,2024,8,False,kaggle_shopping
204544,Hoodie,Gap,Men's Fashion,45.0,0.0,45.0,1,45.0,Winter,2024,1,False,kaggle_shopping
204645,Hoodie,Zara,Men's Fashion,38.0,0.0,38.0,1,38.0,Winter,2024,1,False,kaggle_shopping
204746,Pants,H&M,Men's Fashion,49.0,0.0,49.0,1,49.0,Summer,2024,8,False,kaggle_shopping
204847,Shirt,Uniqlo,Men's Fashion,32.0,0.0,32.0,1,32.0,Summer,2024,8,False,kaggle_shopping
204948,T-shirt,Uniqlo,Men's Fashion,37.0,0.0,37.0,1,37.0,Winter,2024,1,False,kaggle_shopping
205049,Dress,Gap,Men's Fashion,80.0,0.0,80.0,1,80.0,Winter,2024,1,False,kaggle_shopping
205150,Backpack,Michael Kors,Accessories,78.0,0.0,78.0,1,78.0,Summer,2024,8,False,kaggle_shopping
205251,Gloves,Michael Kors,Accessories,53.0,0.0,53.0,1,53.0,Summer,2024,8,False,kaggle_shopping
205352,Shoes,Nike,Footwear,82.0,0.0,82.0,1,82.0,Summer,2024,8,False,kaggle_shopping
205453,Skirt,Forever 21,Men's Fashion,33.0,0.0,33.0,1,33.0,Spring,2024,3,False,kaggle_shopping
205554,Gloves,Coach,Accessories,77.0,0.0,77.0,1,77.0,Winter,2024,1,False,kaggle_shopping
205655,Hoodie,Gap,Men's Fashion,56.0,0.0,56.0,1,56.0,Winter,2024,1,False,kaggle_shopping
205756,Socks,Forever 21,Men's Fashion,37.0,0.0,37.0,1,37.0,Winter,2024,1,False,kaggle_shopping
205857,Gloves,Kate Spade,Accessories,54.0,0.0,54.0,1,54.0,Spring,2024,3,False,kaggle_shopping
205958,Shorts,Gap,Men's Fashion,67.0,0.0,67.0,1,67.0,Winter,2024,1,False,kaggle_shopping
206059,Shoes,Nike,Footwear,90.0,0.0,90.0,1,90.0,Fall,2024,9,False,kaggle_shopping
206160,Jeans,Forever 21,Men's Fashion,72.0,0.0,72.0,1,72.0,Summer,2024,8,False,kaggle_shopping
206261,Boots,Nike,Footwear,59.0,0.0,59.0,1,59.0,Summer,2024,8,False,kaggle_shopping
206362,Hat,Coach,Accessories,45.0,0.0,45.0,1,45.0,Fall,2024,9,False,kaggle_shopping
206463,Shorts,Gap,Men's Fashion,30.0,0.0,30.0,1,30.0,Spring,2024,3,False,kaggle_shopping
206564,Pants,H&M,Men's Fashion,51.0,0.0,51.0,1,51.0,Summer,2024,8,False,kaggle_shopping
206665,Sweater,Uniqlo,Men's Fashion,90.0,0.0,90.0,1,90.0,Fall,2024,9,False,kaggle_shopping
206766,Jacket,Patagonia,Women's Fashion,95.0,0.0,95.0,1,95.0,Winter,2024,1,False,kaggle_shopping
206867,Dress,Gap,Men's Fashion,81.0,0.0,81.0,1,81.0,Fall,2024,9,False,kaggle_shopping
206968,Shirt,Uniqlo,Men's Fashion,70.0,0.0,70.0,1,70.0,Spring,2024,3,False,kaggle_shopping
207069,Dress,Forever 21,Men's Fashion,32.0,0.0,32.0,1,32.0,Winter,2024,1,False,kaggle_shopping
207170,Belt,Kate Spade,Accessories,94.0,0.0,94.0,1,94.0,Spring,2024,3,False,kaggle_shopping
207271,Hat,Coach,Accessories,29.0,0.0,29.0,1,29.0,Spring,2024,3,False,kaggle_shopping
207372,Backpack,Kate Spade,Accessories,31.0,0.0,31.0,1,31.0,Summer,2024,8,False,kaggle_shopping
207473,Skirt,H&M,Men's Fashion,20.0,0.0,20.0,1,20.0,Fall,2024,9,False,kaggle_shopping
207574,Gloves,Coach,Accessories,44.0,0.0,44.0,1,44.0,Winter,2024,1,False,kaggle_shopping
207675,Jacket,North Face,Women's Fashion,77.0,0.0,77.0,1,77.0,Fall,2024,9,False,kaggle_shopping
207776,Handbag,Coach,Accessories,51.0,0.0,51.0,1,51.0,Spring,2024,3,False,kaggle_shopping
207877,Sandals,Converse,Footwear,49.0,0.0,49.0,1,49.0,Summer,2024,8,False,kaggle_shopping
207978,Sunglasses,Coach,Accessories,78.0,0.0,78.0,1,78.0,Spring,2024,3,False,kaggle_shopping
208079,Jeans,Forever 21,Men's Fashion,98.0,0.0,98.0,1,98.0,Spring,2024,3,False,kaggle_shopping
208180,Sandals,Adidas,Footwear,94.0,0.0,94.0,1,94.0,Winter,2024,1,False,kaggle_shopping
208281,Shoes,New Balance,Footwear,91.0,0.0,91.0,1,91.0,Summer,2024,8,False,kaggle_shopping
208382,Sunglasses,Coach,Accessories,77.0,0.0,77.0,1,77.0,Summer,2024,8,False,kaggle_shopping
208483,Scarf,Coach,Accessories,97.0,0.0,97.0,1,97.0,Summer,2024,8,False,kaggle_shopping
208584,Skirt,Zara,Men's Fashion,58.0,0.0,58.0,1,58.0,Summer,2024,8,False,kaggle_shopping
208685,Gloves,Michael Kors,Accessories,97.0,0.0,97.0,1,97.0,Spring,2024,3,False,kaggle_shopping
208786,Coat,Canada Goose,Women's Fashion,48.0,0.0,48.0,1,48.0,Summer,2024,8,False,kaggle_shopping
208887,Belt,Michael Kors,Accessories,23.0,0.0,23.0,1,23.0,Summer,2024,8,False,kaggle_shopping
208988,Pants,Gap,Men's Fashion,79.0,0.0,79.0,1,79.0,Winter,2024,1,False,kaggle_shopping
209089,Jewelry,Kate Spade,Accessories,42.0,0.0,42.0,1,42.0,Spring,2024,3,False,kaggle_shopping
209190,Backpack,Coach,Accessories,95.0,0.0,95.0,1,95.0,Spring,2024,3,False,kaggle_shopping
209291,Sneakers,Adidas,Footwear,29.0,0.0,29.0,1,29.0,Summer,2024,8,False,kaggle_shopping
209392,Hoodie,H&M,Men's Fashion,98.0,0.0,98.0,1,98.0,Winter,2024,1,False,kaggle_shopping
209493,Blouse,Forever 21,Men's Fashion,96.0,0.0,96.0,1,96.0,Spring,2024,3,False,kaggle_shopping
209594,Sunglasses,Kate Spade,Accessories,66.0,0.0,66.0,1,66.0,Fall,2024,9,False,kaggle_shopping
209695,Boots,New Balance,Footwear,80.0,0.0,80.0,1,80.0,Spring,2024,3,False,kaggle_shopping
209796,Sneakers,Adidas,Footwear,27.0,0.0,27.0,1,27.0,Summer,2024,8,False,kaggle_shopping
209897,Backpack,Kate Spade,Accessories,25.0,0.0,25.0,1,25.0,Fall,2024,9,False,kaggle_shopping
209998,Pants,H&M,Men's Fashion,45.0,0.0,45.0,1,45.0,Fall,2024,9,False,kaggle_shopping
210099,Socks,Gap,Men's Fashion,89.0,0.0,89.0,1,89.0,Winter,2024,1,False,kaggle_shopping
210100,Belt,Kate Spade,Accessories,27.0,0.0,27.0,1,27.0,Winter,2024,1,False,kaggle_shopping
210201,Sunglasses,Michael Kors,Accessories,90.0,0.0,90.0,1,90.0,Winter,2024,1,False,kaggle_shopping
210302,Shirt,Uniqlo,Men's Fashion,65.0,0.0,65.0,1,65.0,Summer,2024,8,False,kaggle_shopping
210403,Sneakers,Puma,Footwear,72.0,0.0,72.0,1,72.0,Spring,2024,3,False,kaggle_shopping
210504,Shoes,Adidas,Footwear,70.0,0.0,70.0,1,70.0,Fall,2024,9,False,kaggle_shopping
210605,Sandals,Puma,Footwear,82.0,0.0,82.0,1,82.0,Winter,2024,1,False,kaggle_shopping
210706,Scarf,Coach,Accessories,97.0,0.0,97.0,1,97.0,Fall,2024,9,False,kaggle_shopping
210807,Shirt,Gap,Men's Fashion,25.0,0.0,25.0,1,25.0,Summer,2024,8,False,kaggle_shopping
210908,Skirt,Uniqlo,Men's Fashion,48.0,0.0,48.0,1,48.0,Spring,2024,3,False,kaggle_shopping
211009,Boots,Nike,Footwear,99.0,0.0,99.0,1,99.0,Summer,2024,8,False,kaggle_shopping
211110,Sweater,Zara,Men's Fashion,21.0,0.0,21.0,1,21.0,Summer,2024,8,False,kaggle_shopping
211211,Sandals,New Balance,Footwear,94.0,0.0,94.0,1,94.0,Spring,2024,3,False,kaggle_shopping
211312,Jeans,Zara,Men's Fashion,53.0,0.0,53.0,1,53.0,Fall,2024,9,False,kaggle_shopping
211413,Backpack,Kate Spade,Accessories,70.0,0.0,70.0,1,70.0,Winter,2024,1,False,kaggle_shopping
211514,Skirt,Forever 21,Men's Fashion,26.0,0.0,26.0,1,26.0,Summer,2024,8,False,kaggle_shopping
211615,Belt,Coach,Accessories,82.0,0.0,82.0,1,82.0,Summer,2024,8,False,kaggle_shopping
211716,Shoes,Converse,Footwear,47.0,0.0,47.0,1,47.0,Winter,2024,1,False,kaggle_shopping
211817,Socks,Gap,Men's Fashion,32.0,0.0,32.0,1,32.0,Winter,2024,1,False,kaggle_shopping
211918,Backpack,Michael Kors,Accessories,97.0,0.0,97.0,1,97.0,Fall,2024,9,False,kaggle_shopping
212019,Shirt,Forever 21,Men's Fashion,68.0,0.0,68.0,1,68.0,Winter,2024,1,False,kaggle_shopping
212120,Sweater,Zara,Men's Fashion,23.0,0.0,23.0,1,23.0,Winter,2024,1,False,kaggle_shopping
212221,Handbag,Fossil,Accessories,33.0,0.0,33.0,1,33.0,Winter,2024,1,False,kaggle_shopping
212322,Jewelry,Kate Spade,Accessories,38.0,0.0,38.0,1,38.0,Winter,2024,1,False,kaggle_shopping
212423,Socks,Uniqlo,Men's Fashion,68.0,0.0,68.0,1,68.0,Winter,2024,1,False,kaggle_shopping
212524,Socks,Zara,Men's Fashion,23.0,0.0,23.0,1,23.0,Fall,2024,9,False,kaggle_shopping
212625,Shirt,Uniqlo,Men's Fashion,29.0,0.0,29.0,1,29.0,Summer,2024,8,False,kaggle_shopping
212726,Scarf,Michael Kors,Accessories,35.0,0.0,35.0,1,35.0,Winter,2024,1,False,kaggle_shopping
212827,Shoes,New Balance,Footwear,73.0,0.0,73.0,1,73.0,Fall,2024,9,False,kaggle_shopping
212928,Shoes,Puma,Footwear,84.0,0.0,84.0,1,84.0,Fall,2024,9,False,kaggle_shopping
213029,Scarf,Coach,Accessories,23.0,0.0,23.0,1,23.0,Spring,2024,3,False,kaggle_shopping
213130,Sunglasses,Michael Kors,Accessories,67.0,0.0,67.0,1,67.0,Summer,2024,8,False,kaggle_shopping
213231,Socks,Forever 21,Men's Fashion,51.0,0.0,51.0,1,51.0,Spring,2024,3,False,kaggle_shopping
213332,Blouse,Gap,Men's Fashion,36.0,0.0,36.0,1,36.0,Winter,2024,1,False,kaggle_shopping
213433,Jeans,Uniqlo,Men's Fashion,55.0,0.0,55.0,1,55.0,Summer,2024,8,False,kaggle_shopping
213534,Shorts,H&M,Men's Fashion,30.0,0.0,30.0,1,30.0,Spring,2024,3,False,kaggle_shopping
213635,T-shirt,Zara,Men's Fashion,70.0,0.0,70.0,1,70.0,Summer,2024,8,False,kaggle_shopping
213736,Blouse,H&M,Men's Fashion,63.0,0.0,63.0,1,63.0,Winter,2024,1,False,kaggle_shopping
213837,Belt,Michael Kors,Accessories,87.0,0.0,87.0,1,87.0,Summer,2024,8,False,kaggle_shopping
213938,Blouse,H&M,Men's Fashion,70.0,0.0,70.0,1,70.0,Spring,2024,3,False,kaggle_shopping
214039,T-shirt,Uniqlo,Men's Fashion,51.0,0.0,51.0,1,51.0,Spring,2024,3,False,kaggle_shopping
214140,Jewelry,Michael Kors,Accessories,25.0,0.0,25.0,1,25.0,Spring,2024,3,False,kaggle_shopping
214241,Jacket,North Face,Women's Fashion,32.0,0.0,32.0,1,32.0,Winter,2024,1,False,kaggle_shopping
214342,Shoes,Nike,Footwear,52.0,0.0,52.0,1,52.0,Spring,2024,3,False,kaggle_shopping
214443,Gloves,Coach,Accessories,33.0,0.0,33.0,1,33.0,Summer,2024,8,False,kaggle_shopping
214544,Jeans,Zara,Men's Fashion,68.0,0.0,68.0,1,68.0,Spring,2024,3,False,kaggle_shopping
214645,Jewelry,Kate Spade,Accessories,20.0,0.0,20.0,1,20.0,Fall,2024,9,False,kaggle_shopping
214746,Pants,Zara,Men's Fashion,32.0,0.0,32.0,1,32.0,Winter,2024,1,False,kaggle_shopping
214847,Jewelry,Kate Spade,Accessories,82.0,0.0,82.0,1,82.0,Summer,2024,8,False,kaggle_shopping
214948,Sneakers,Puma,Footwear,64.0,0.0,64.0,1,64.0,Winter,2024,1,False,kaggle_shopping
215049,Boots,New Balance,Footwear,24.0,0.0,24.0,1,24.0,Fall,2024,9,False,kaggle_shopping
215150,Hat,Kate Spade,Accessories,96.0,0.0,96.0,1,96.0,Summer,2024,8,False,kaggle_shopping
215251,T-shirt,Uniqlo,Men's Fashion,94.0,0.0,94.0,1,94.0,Spring,2024,3,False,kaggle_shopping
215352,Backpack,Michael Kors,Accessories,48.0,0.0,48.0,1,48.0,Winter,2024,1,False,kaggle_shopping
215453,Sunglasses,Fossil,Accessories,60.0,0.0,60.0,1,60.0,Spring,2024,3,False,kaggle_shopping
215554,Sweater,Uniqlo,Men's Fashion,56.0,0.0,56.0,1,56.0,Spring,2024,3,False,kaggle_shopping
215655,Handbag,Michael Kors,Accessories,33.0,0.0,33.0,1,33.0,Fall,2024,9,False,kaggle_shopping
215756,Backpack,Michael Kors,Accessories,46.0,0.0,46.0,1,46.0,Spring,2024,3,False,kaggle_shopping
215857,Socks,Zara,Men's Fashion,37.0,0.0,37.0,1,37.0,Spring,2024,3,False,kaggle_shopping
215958,Shirt,Uniqlo,Men's Fashion,98.0,0.0,98.0,1,98.0,Winter,2024,1,False,kaggle_shopping
216059,Shorts,H&M,Men's Fashion,50.0,0.0,50.0,1,50.0,Spring,2024,3,False,kaggle_shopping
216160,Belt,Michael Kors,Accessories,63.0,0.0,63.0,1,63.0,Fall,2024,9,False,kaggle_shopping
216261,Sweater,Uniqlo,Men's Fashion,70.0,0.0,70.0,1,70.0,Summer,2024,8,False,kaggle_shopping
216362,Coat,North Face,Women's Fashion,63.0,0.0,63.0,1,63.0,Fall,2024,9,False,kaggle_shopping
216463,Shorts,Zara,Men's Fashion,86.0,0.0,86.0,1,86.0,Fall,2024,9,False,kaggle_shopping
216564,Shoes,Puma,Footwear,99.0,0.0,99.0,1,99.0,Summer,2024,8,False,kaggle_shopping
216665,Sneakers,Nike,Footwear,40.0,0.0,40.0,1,40.0,Spring,2024,3,False,kaggle_shopping
216766,Sneakers,Adidas,Footwear,92.0,0.0,92.0,1,92.0,Fall,2024,9,False,kaggle_shopping
216867,Pants,Gap,Men's Fashion,21.0,0.0,21.0,1,21.0,Fall,2024,9,False,kaggle_shopping
216968,Jewelry,Fossil,Accessories,81.0,0.0,81.0,1,81.0,Summer,2024,8,False,kaggle_shopping
217069,T-shirt,Gap,Men's Fashion,82.0,0.0,82.0,1,82.0,Fall,2024,9,False,kaggle_shopping
217170,Jewelry,Kate Spade,Accessories,88.0,0.0,88.0,1,88.0,Spring,2024,3,False,kaggle_shopping
217271,Jacket,Columbia,Women's Fashion,100.0,0.0,100.0,1,100.0,Fall,2024,9,False,kaggle_shopping
217372,Backpack,Fossil,Accessories,66.0,0.0,66.0,1,66.0,Winter,2024,1,False,kaggle_shopping
217473,Belt,Kate Spade,Accessories,25.0,0.0,25.0,1,25.0,Winter,2024,1,False,kaggle_shopping
217574,Scarf,Coach,Accessories,53.0,0.0,53.0,1,53.0,Summer,2024,8,False,kaggle_shopping
217675,Sweater,H&M,Men's Fashion,28.0,0.0,28.0,1,28.0,Fall,2024,9,False,kaggle_shopping
217776,Gloves,Coach,Accessories,23.0,0.0,23.0,1,23.0,Fall,2024,9,False,kaggle_shopping
217877,Scarf,Kate Spade,Accessories,34.0,0.0,34.0,1,34.0,Fall,2024,9,False,kaggle_shopping
217978,Dress,Gap,Men's Fashion,42.0,0.0,42.0,1,42.0,Spring,2024,3,False,kaggle_shopping
218079,Jeans,Forever 21,Men's Fashion,24.0,0.0,24.0,1,24.0,Summer,2024,8,False,kaggle_shopping
218180,Sunglasses,Fossil,Accessories,47.0,0.0,47.0,1,47.0,Fall,2024,9,False,kaggle_shopping
218281,Coat,North Face,Women's Fashion,78.0,0.0,78.0,1,78.0,Spring,2024,3,False,kaggle_shopping
218382,Jeans,Uniqlo,Men's Fashion,89.0,0.0,89.0,1,89.0,Summer,2024,8,False,kaggle_shopping
218483,Scarf,Coach,Accessories,59.0,0.0,59.0,1,59.0,Fall,2024,9,False,kaggle_shopping
218584,Blouse,Gap,Men's Fashion,94.0,0.0,94.0,1,94.0,Summer,2024,8,False,kaggle_shopping
218685,Jeans,Uniqlo,Men's Fashion,49.0,0.0,49.0,1,49.0,Fall,2024,9,False,kaggle_shopping
218786,Dress,H&M,Men's Fashion,89.0,0.0,89.0,1,89.0,Summer,2024,8,False,kaggle_shopping
218887,Hat,Fossil,Accessories,91.0,0.0,91.0,1,91.0,Summer,2024,8,False,kaggle_shopping
218988,Sandals,Puma,Footwear,89.0,0.0,89.0,1,89.0,Spring,2024,3,False,kaggle_shopping
219089,Jacket,Columbia,Women's Fashion,57.0,0.0,57.0,1,57.0,Spring,2024,3,False,kaggle_shopping
219190,Socks,Forever 21,Men's Fashion,71.0,0.0,71.0,1,71.0,Winter,2024,1,False,kaggle_shopping
219291,Jeans,Forever 21,Men's Fashion,97.0,0.0,97.0,1,97.0,Fall,2024,9,False,kaggle_shopping
219392,Sandals,Adidas,Footwear,45.0,0.0,45.0,1,45.0,Fall,2024,9,False,kaggle_shopping
219493,Dress,Uniqlo,Men's Fashion,91.0,0.0,91.0,1,91.0,Spring,2024,3,False,kaggle_shopping
219594,Socks,Forever 21,Men's Fashion,25.0,0.0,25.0,1,25.0,Spring,2024,3,False,kaggle_shopping
219695,Hoodie,H&M,Men's Fashion,63.0,0.0,63.0,1,63.0,Fall,2024,9,False,kaggle_shopping
219796,Dress,Forever 21,Men's Fashion,52.0,0.0,52.0,1,52.0,Summer,2024,8,False,kaggle_shopping
219897,Sneakers,Nike,Footwear,43.0,0.0,43.0,1,43.0,Winter,2024,1,False,kaggle_shopping
219998,T-shirt,Uniqlo,Men's Fashion,28.0,0.0,28.0,1,28.0,Summer,2024,8,False,kaggle_shopping
220099,T-shirt,Gap,Men's Fashion,78.0,0.0,78.0,1,78.0,Summer,2024,8,False,kaggle_shopping
220100,Sweater,Uniqlo,Men's Fashion,31.0,0.0,31.0,1,31.0,Spring,2024,3,False,kaggle_shopping
220201,Shirt,Gap,Men's Fashion,23.0,0.0,23.0,1,23.0,Winter,2024,1,False,kaggle_shopping
220302,Hat,Coach,Accessories,25.0,0.0,25.0,1,25.0,Spring,2024,3,False,kaggle_shopping
220403,Pants,Uniqlo,Men's Fashion,86.0,0.0,86.0,1,86.0,Summer,2024,8,False,kaggle_shopping
220504,Shoes,Adidas,Footwear,88.0,0.0,88.0,1,88.0,Spring,2024,3,False,kaggle_shopping
220605,Gloves,Michael Kors,Accessories,35.0,0.0,35.0,1,35.0,Spring,2024,3,False,kaggle_shopping
220706,Jewelry,Coach,Accessories,34.0,0.0,34.0,1,34.0,Fall,2024,9,False,kaggle_shopping
220807,Pants,Gap,Men's Fashion,75.0,0.0,75.0,1,75.0,Winter,2024,1,False,kaggle_shopping
220908,Hoodie,Gap,Men's Fashion,46.0,0.0,46.0,1,46.0,Winter,2024,1,False,kaggle_shopping
221009,Jewelry,Kate Spade,Accessories,31.0,0.0,31.0,1,31.0,Fall,2024,9,False,kaggle_shopping
221110,Socks,Zara,Men's Fashion,93.0,0.0,93.0,1,93.0,Spring,2024,3,False,kaggle_shopping
221211,Sunglasses,Coach,Accessories,85.0,0.0,85.0,1,85.0,Spring,2024,3,False,kaggle_shopping
221312,Belt,Fossil,Accessories,68.0,0.0,68.0,1,68.0,Fall,2024,9,False,kaggle_shopping
221413,Dress,Forever 21,Men's Fashion,40.0,0.0,40.0,1,40.0,Spring,2024,3,False,kaggle_shopping
221514,Shirt,Zara,Men's Fashion,51.0,0.0,51.0,1,51.0,Winter,2024,1,False,kaggle_shopping
221615,Scarf,Fossil,Accessories,85.0,0.0,85.0,1,85.0,Winter,2024,1,False,kaggle_shopping
221716,Jacket,North Face,Women's Fashion,23.0,0.0,23.0,1,23.0,Summer,2024,8,False,kaggle_shopping
221817,Dress,Forever 21,Men's Fashion,28.0,0.0,28.0,1,28.0,Summer,2024,8,False,kaggle_shopping
221918,Socks,Zara,Men's Fashion,44.0,0.0,44.0,1,44.0,Fall,2024,9,False,kaggle_shopping
222019,Jewelry,Fossil,Accessories,57.0,0.0,57.0,1,57.0,Spring,2024,3,False,kaggle_shopping
222120,Scarf,Fossil,Accessories,98.0,0.0,98.0,1,98.0,Fall,2024,9,False,kaggle_shopping
222221,Backpack,Kate Spade,Accessories,68.0,0.0,68.0,1,68.0,Winter,2024,1,False,kaggle_shopping
222322,Jacket,North Face,Women's Fashion,36.0,0.0,36.0,1,36.0,Fall,2024,9,False,kaggle_shopping
222423,Coat,Canada Goose,Women's Fashion,71.0,0.0,71.0,1,71.0,Spring,2024,3,False,kaggle_shopping
222524,Skirt,Forever 21,Men's Fashion,60.0,0.0,60.0,1,60.0,Fall,2024,9,False,kaggle_shopping
222625,Coat,Patagonia,Women's Fashion,87.0,0.0,87.0,1,87.0,Fall,2024,9,False,kaggle_shopping
222726,Shoes,Converse,Footwear,38.0,0.0,38.0,1,38.0,Winter,2024,1,False,kaggle_shopping
222827,Boots,Puma,Footwear,45.0,0.0,45.0,1,45.0,Spring,2024,3,False,kaggle_shopping
222928,Coat,Columbia,Women's Fashion,47.0,0.0,47.0,1,47.0,Fall,2024,9,False,kaggle_shopping
223029,Skirt,H&M,Men's Fashion,57.0,0.0,57.0,1,57.0,Fall,2024,9,False,kaggle_shopping
223130,Backpack,Kate Spade,Accessories,68.0,0.0,68.0,1,68.0,Summer,2024,8,False,kaggle_shopping
223231,Shorts,Gap,Men's Fashion,52.0,0.0,52.0,1,52.0,Fall,2024,9,False,kaggle_shopping
223332,Skirt,Zara,Men's Fashion,87.0,0.0,87.0,1,87.0,Fall,2024,9,False,kaggle_shopping
223433,Hat,Kate Spade,Accessories,34.0,0.0,34.0,1,34.0,Summer,2024,8,False,kaggle_shopping
223534,Sandals,Adidas,Footwear,41.0,0.0,41.0,1,41.0,Winter,2024,1,False,kaggle_shopping
223635,Sunglasses,Kate Spade,Accessories,94.0,0.0,94.0,1,94.0,Winter,2024,1,False,kaggle_shopping
223736,Sunglasses,Coach,Accessories,93.0,0.0,93.0,1,93.0,Summer,2024,8,False,kaggle_shopping
223837,Socks,Uniqlo,Men's Fashion,51.0,0.0,51.0,1,51.0,Winter,2024,1,False,kaggle_shopping
223938,Sweater,Zara,Men's Fashion,42.0,0.0,42.0,1,42.0,Fall,2024,9,False,kaggle_shopping
224039,Boots,Puma,Footwear,95.0,0.0,95.0,1,95.0,Winter,2024,1,False,kaggle_shopping
224140,Handbag,Kate Spade,Accessories,90.0,0.0,90.0,1,90.0,Fall,2024,9,False,kaggle_shopping
224241,Dress,H&M,Men's Fashion,98.0,0.0,98.0,1,98.0,Winter,2024,1,False,kaggle_shopping
224342,Hat,Kate Spade,Accessories,39.0,0.0,39.0,1,39.0,Winter,2024,1,False,kaggle_shopping
224443,Sandals,Adidas,Footwear,66.0,0.0,66.0,1,66.0,Fall,2024,9,False,kaggle_shopping
224544,Shoes,Nike,Footwear,23.0,0.0,23.0,1,23.0,Winter,2024,1,False,kaggle_shopping
224645,Skirt,Forever 21,Men's Fashion,73.0,0.0,73.0,1,73.0,Winter,2024,1,False,kaggle_shopping
224746,Sunglasses,Michael Kors,Accessories,23.0,0.0,23.0,1,23.0,Summer,2024,8,False,kaggle_shopping
224847,Skirt,Gap,Men's Fashion,43.0,0.0,43.0,1,43.0,Fall,2024,9,False,kaggle_shopping
224948,T-shirt,Uniqlo,Men's Fashion,45.0,0.0,45.0,1,45.0,Winter,2024,1,False,kaggle_shopping
225049,Sandals,Adidas,Footwear,21.0,0.0,21.0,1,21.0,Winter,2024,1,False,kaggle_shopping
225150,Shirt,H&M,Men's Fashion,40.0,0.0,40.0,1,40.0,Spring,2024,3,False,kaggle_shopping
225251,Jeans,Uniqlo,Men's Fashion,58.0,0.0,58.0,1,58.0,Fall,2024,9,False,kaggle_shopping
225352,Shorts,Gap,Men's Fashion,48.0,0.0,48.0,1,48.0,Summer,2024,8,False,kaggle_shopping
225453,Shirt,Gap,Men's Fashion,94.0,0.0,94.0,1,94.0,Fall,2024,9,False,kaggle_shopping
225554,Scarf,Michael Kors,Accessories,74.0,0.0,74.0,1,74.0,Spring,2024,3,False,kaggle_shopping
225655,Handbag,Kate Spade,Accessories,51.0,0.0,51.0,1,51.0,Fall,2024,9,False,kaggle_shopping
225756,Skirt,Uniqlo,Men's Fashion,83.0,0.0,83.0,1,83.0,Winter,2024,1,False,kaggle_shopping
225857,Handbag,Michael Kors,Accessories,68.0,0.0,68.0,1,68.0,Winter,2024,1,False,kaggle_shopping
225958,Gloves,Coach,Accessories,84.0,0.0,84.0,1,84.0,Spring,2024,3,False,kaggle_shopping
226059,Shirt,Gap,Men's Fashion,58.0,0.0,58.0,1,58.0,Fall,2024,9,False,kaggle_shopping
226160,Blouse,Gap,Men's Fashion,92.0,0.0,92.0,1,92.0,Winter,2024,1,False,kaggle_shopping
226261,Dress,Uniqlo,Men's Fashion,69.0,0.0,69.0,1,69.0,Summer,2024,8,False,kaggle_shopping
226362,Shorts,H&M,Men's Fashion,48.0,0.0,48.0,1,48.0,Summer,2024,8,False,kaggle_shopping
226463,Shoes,Converse,Footwear,60.0,0.0,60.0,1,60.0,Spring,2024,3,False,kaggle_shopping
226564,Sandals,New Balance,Footwear,20.0,0.0,20.0,1,20.0,Winter,2024,1,False,kaggle_shopping
226665,Pants,Forever 21,Men's Fashion,55.0,0.0,55.0,1,55.0,Summer,2024,8,False,kaggle_shopping
226766,Jacket,Canada Goose,Women's Fashion,88.0,0.0,88.0,1,88.0,Spring,2024,3,False,kaggle_shopping
226867,Skirt,Forever 21,Men's Fashion,48.0,0.0,48.0,1,48.0,Winter,2024,1,False,kaggle_shopping
226968,Handbag,Kate Spade,Accessories,74.0,0.0,74.0,1,74.0,Spring,2024,3,False,kaggle_shopping
227069,Coat,Patagonia,Women's Fashion,42.0,0.0,42.0,1,42.0,Fall,2024,9,False,kaggle_shopping
227170,Sweater,H&M,Men's Fashion,32.0,0.0,32.0,1,32.0,Fall,2024,9,False,kaggle_shopping
227271,Shorts,H&M,Men's Fashion,98.0,0.0,98.0,1,98.0,Summer,2024,8,False,kaggle_shopping
227372,Skirt,Gap,Men's Fashion,89.0,0.0,89.0,1,89.0,Fall,2024,9,False,kaggle_shopping
227473,Gloves,Michael Kors,Accessories,97.0,0.0,97.0,1,97.0,Summer,2024,8,False,kaggle_shopping
227574,Backpack,Coach,Accessories,49.0,0.0,49.0,1,49.0,Spring,2024,3,False,kaggle_shopping
227675,Dress,H&M,Men's Fashion,50.0,0.0,50.0,1,50.0,Spring,2024,3,False,kaggle_shopping
227776,Belt,Fossil,Accessories,91.0,0.0,91.0,1,91.0,Winter,2024,1,False,kaggle_shopping
227877,Gloves,Coach,Accessories,93.0,0.0,93.0,1,93.0,Winter,2024,1,False,kaggle_shopping
227978,Jewelry,Fossil,Accessories,98.0,0.0,98.0,1,98.0,Summer,2024,8,False,kaggle_shopping
228079,Socks,Gap,Men's Fashion,82.0,0.0,82.0,1,82.0,Fall,2024,9,False,kaggle_shopping
228180,Coat,Patagonia,Women's Fashion,37.0,0.0,37.0,1,37.0,Summer,2024,8,False,kaggle_shopping
228281,Handbag,Coach,Accessories,63.0,0.0,63.0,1,63.0,Fall,2024,9,False,kaggle_shopping
228382,Blouse,Forever 21,Men's Fashion,99.0,0.0,99.0,1,99.0,Winter,2024,1,False,kaggle_shopping
228483,Shorts,Uniqlo,Men's Fashion,37.0,0.0,37.0,1,37.0,Spring,2024,3,False,kaggle_shopping
228584,Shoes,Nike,Footwear,34.0,0.0,34.0,1,34.0,Spring,2024,3,False,kaggle_shopping
228685,Shorts,H&M,Men's Fashion,32.0,0.0,32.0,1,32.0,Winter,2024,1,False,kaggle_shopping
228786,Sandals,Adidas,Footwear,23.0,0.0,23.0,1,23.0,Winter,2024,1,False,kaggle_shopping
228887,Blouse,Gap,Men's Fashion,78.0,0.0,78.0,1,78.0,Spring,2024,3,False,kaggle_shopping
228988,Coat,Canada Goose,Women's Fashion,54.0,0.0,54.0,1,54.0,Winter,2024,1,False,kaggle_shopping
229089,Blouse,Gap,Men's Fashion,94.0,0.0,94.0,1,94.0,Fall,2024,9,False,kaggle_shopping
229190,Belt,Michael Kors,Accessories,75.0,0.0,75.0,1,75.0,Spring,2024,3,False,kaggle_shopping
229291,Blouse,Uniqlo,Men's Fashion,69.0,0.0,69.0,1,69.0,Summer,2024,8,False,kaggle_shopping
229392,Scarf,Michael Kors,Accessories,35.0,0.0,35.0,1,35.0,Winter,2024,1,False,kaggle_shopping
229493,Shirt,Gap,Men's Fashion,78.0,0.0,78.0,1,78.0,Spring,2024,3,False,kaggle_shopping
229594,Socks,H&M,Men's Fashion,29.0,0.0,29.0,1,29.0,Summer,2024,8,False,kaggle_shopping
229695,Jeans,Uniqlo,Men's Fashion,62.0,0.0,62.0,1,62.0,Fall,2024,9,False,kaggle_shopping
229796,Dress,Forever 21,Men's Fashion,58.0,0.0,58.0,1,58.0,Spring,2024,3,False,kaggle_shopping
229897,Boots,Puma,Footwear,88.0,0.0,88.0,1,88.0,Summer,2024,8,False,kaggle_shopping
229998,Scarf,Coach,Accessories,80.0,0.0,80.0,1,80.0,Summer,2024,8,False,kaggle_shopping
230099,Scarf,Coach,Accessories,47.0,0.0,47.0,1,47.0,Summer,2024,8,False,kaggle_shopping
230100,Gloves,Michael Kors,Accessories,51.0,0.0,51.0,1,51.0,Summer,2024,8,False,kaggle_shopping
230201,Pants,H&M,Men's Fashion,25.0,0.0,25.0,1,25.0,Spring,2024,3,False,kaggle_shopping
230302,Dress,Zara,Men's Fashion,36.0,0.0,36.0,1,36.0,Summer,2024,8,False,kaggle_shopping
230403,Dress,Gap,Men's Fashion,79.0,0.0,79.0,1,79.0,Winter,2024,1,False,kaggle_shopping
230504,Jeans,H&M,Men's Fashion,41.0,0.0,41.0,1,41.0,Winter,2024,1,False,kaggle_shopping
230605,Sweater,Uniqlo,Men's Fashion,68.0,0.0,68.0,1,68.0,Fall,2024,9,False,kaggle_shopping
230706,Sandals,Nike,Footwear,51.0,0.0,51.0,1,51.0,Spring,2024,3,False,kaggle_shopping
230807,Handbag,Michael Kors,Accessories,38.0,0.0,38.0,1,38.0,Fall,2024,9,False,kaggle_shopping
230908,Scarf,Fossil,Accessories,46.0,0.0,46.0,1,46.0,Summer,2024,8,False,kaggle_shopping
231009,Sandals,Nike,Footwear,20.0,0.0,20.0,1,20.0,Summer,2024,8,False,kaggle_shopping
231110,Sunglasses,Kate Spade,Accessories,25.0,0.0,25.0,1,25.0,Summer,2024,8,False,kaggle_shopping
231211,Sweater,Zara,Men's Fashion,89.0,0.0,89.0,1,89.0,Winter,2024,1,False,kaggle_shopping
231312,Pants,H&M,Men's Fashion,77.0,0.0,77.0,1,77.0,Winter,2024,1,False,kaggle_shopping
231413,Hat,Kate Spade,Accessories,94.0,0.0,94.0,1,94.0,Fall,2024,9,False,kaggle_shopping
231514,Belt,Coach,Accessories,100.0,0.0,100.0,1,100.0,Fall,2024,9,False,kaggle_shopping
231615,Sandals,Adidas,Footwear,96.0,0.0,96.0,1,96.0,Winter,2024,1,False,kaggle_shopping
231716,Pants,Gap,Men's Fashion,36.0,0.0,36.0,1,36.0,Winter,2024,1,False,kaggle_shopping
231817,Jewelry,Michael Kors,Accessories,27.0,0.0,27.0,1,27.0,Fall,2024,9,False,kaggle_shopping
231918,Sunglasses,Kate Spade,Accessories,67.0,0.0,67.0,1,67.0,Winter,2024,1,False,kaggle_shopping
232019,Blouse,H&M,Men's Fashion,91.0,0.0,91.0,1,91.0,Fall,2024,9,False,kaggle_shopping
232120,Belt,Kate Spade,Accessories,62.0,0.0,62.0,1,62.0,Fall,2024,9,False,kaggle_shopping
232221,Shorts,Gap,Men's Fashion,88.0,0.0,88.0,1,88.0,Fall,2024,9,False,kaggle_shopping
232322,Pants,Uniqlo,Men's Fashion,66.0,0.0,66.0,1,66.0,Summer,2024,8,False,kaggle_shopping
232423,Sandals,Nike,Footwear,65.0,0.0,65.0,1,65.0,Fall,2024,9,False,kaggle_shopping
232524,Gloves,Michael Kors,Accessories,25.0,0.0,25.0,1,25.0,Winter,2024,1,False,kaggle_shopping
232625,Belt,Coach,Accessories,64.0,0.0,64.0,1,64.0,Spring,2024,3,False,kaggle_shopping
232726,Shirt,Zara,Men's Fashion,72.0,0.0,72.0,1,72.0,Spring,2024,3,False,kaggle_shopping
232827,Scarf,Coach,Accessories,74.0,0.0,74.0,1,74.0,Summer,2024,8,False,kaggle_shopping
232928,Gloves,Coach,Accessories,50.0,0.0,50.0,1,50.0,Fall,2024,9,False,kaggle_shopping
233029,Pants,Gap,Men's Fashion,97.0,0.0,97.0,1,97.0,Fall,2024,9,False,kaggle_shopping
233130,Sneakers,New Balance,Footwear,36.0,0.0,36.0,1,36.0,Spring,2024,3,False,kaggle_shopping
233231,Jacket,Canada Goose,Women's Fashion,49.0,0.0,49.0,1,49.0,Fall,2024,9,False,kaggle_shopping
233332,Shoes,New Balance,Footwear,64.0,0.0,64.0,1,64.0,Spring,2024,3,False,kaggle_shopping
233433,Blouse,Gap,Men's Fashion,31.0,0.0,31.0,1,31.0,Summer,2024,8,False,kaggle_shopping
233534,Boots,Puma,Footwear,66.0,0.0,66.0,1,66.0,Winter,2024,1,False,kaggle_shopping
233635,Socks,H&M,Men's Fashion,82.0,0.0,82.0,1,82.0,Spring,2024,3,False,kaggle_shopping
233736,T-shirt,H&M,Men's Fashion,88.0,0.0,88.0,1,88.0,Winter,2024,1,False,kaggle_shopping
233837,Sandals,Converse,Footwear,34.0,0.0,34.0,1,34.0,Summer,2024,8,False,kaggle_shopping
233938,Sneakers,Adidas,Footwear,84.0,0.0,84.0,1,84.0,Winter,2024,1,False,kaggle_shopping
234039,Jewelry,Michael Kors,Accessories,96.0,0.0,96.0,1,96.0,Summer,2024,8,False,kaggle_shopping
234140,Sandals,Adidas,Footwear,71.0,0.0,71.0,1,71.0,Winter,2024,1,False,kaggle_shopping
234241,Jacket,Columbia,Women's Fashion,77.0,0.0,77.0,1,77.0,Summer,2024,8,False,kaggle_shopping
234342,Skirt,Forever 21,Men's Fashion,66.0,0.0,66.0,1,66.0,Spring,2024,3,False,kaggle_shopping
234443,Shirt,Uniqlo,Men's Fashion,21.0,0.0,21.0,1,21.0,Winter,2024,1,False,kaggle_shopping
234544,Shorts,H&M,Men's Fashion,37.0,0.0,37.0,1,37.0,Summer,2024,8,False,kaggle_shopping
234645,Socks,Forever 21,Men's Fashion,90.0,0.0,90.0,1,90.0,Fall,2024,9,False,kaggle_shopping
234746,Jacket,Canada Goose,Women's Fashion,96.0,0.0,96.0,1,96.0,Fall,2024,9,False,kaggle_shopping
234847,Jewelry,Kate Spade,Accessories,37.0,0.0,37.0,1,37.0,Summer,2024,8,False,kaggle_shopping
234948,T-shirt,Gap,Men's Fashion,66.0,0.0,66.0,1,66.0,Winter,2024,1,False,kaggle_shopping
235049,Gloves,Coach,Accessories,45.0,0.0,45.0,1,45.0,Spring,2024,3,False,kaggle_shopping
235150,Shoes,Converse,Footwear,89.0,0.0,89.0,1,89.0,Summer,2024,8,False,kaggle_shopping
235251,Shoes,New Balance,Footwear,94.0,0.0,94.0,1,94.0,Fall,2024,9,False,kaggle_shopping
235352,Shoes,Converse,Footwear,96.0,0.0,96.0,1,96.0,Summer,2024,8,False,kaggle_shopping
235453,Hoodie,Uniqlo,Men's Fashion,31.0,0.0,31.0,1,31.0,Spring,2024,3,False,kaggle_shopping
235554,Belt,Coach,Accessories,79.0,0.0,79.0,1,79.0,Winter,2024,1,False,kaggle_shopping
235655,Coat,Patagonia,Women's Fashion,39.0,0.0,39.0,1,39.0,Spring,2024,3,False,kaggle_shopping
235756,Blouse,H&M,Men's Fashion,22.0,0.0,22.0,1,22.0,Fall,2024,9,False,kaggle_shopping
235857,Skirt,H&M,Men's Fashion,32.0,0.0,32.0,1,32.0,Fall,2024,9,False,kaggle_shopping
235958,T-shirt,Gap,Men's Fashion,71.0,0.0,71.0,1,71.0,Winter,2024,1,False,kaggle_shopping
236059,Jeans,Forever 21,Men's Fashion,96.0,0.0,96.0,1,96.0,Spring,2024,3,False,kaggle_shopping
236160,Scarf,Kate Spade,Accessories,82.0,0.0,82.0,1,82.0,Fall,2024,9,False,kaggle_shopping
236261,Backpack,Coach,Accessories,76.0,0.0,76.0,1,76.0,Spring,2024,3,False,kaggle_shopping
236362,Backpack,Fossil,Accessories,22.0,0.0,22.0,1,22.0,Winter,2024,1,False,kaggle_shopping
236463,Scarf,Coach,Accessories,40.0,0.0,40.0,1,40.0,Winter,2024,1,False,kaggle_shopping
236564,Hat,Kate Spade,Accessories,92.0,0.0,92.0,1,92.0,Summer,2024,8,False,kaggle_shopping
236665,Coat,North Face,Women's Fashion,94.0,0.0,94.0,1,94.0,Fall,2024,9,False,kaggle_shopping
236766,Dress,Gap,Men's Fashion,44.0,0.0,44.0,1,44.0,Fall,2024,9,False,kaggle_shopping
236867,Gloves,Kate Spade,Accessories,49.0,0.0,49.0,1,49.0,Spring,2024,3,False,kaggle_shopping
236968,Sweater,Forever 21,Men's Fashion,26.0,0.0,26.0,1,26.0,Spring,2024,3,False,kaggle_shopping
237069,Skirt,Uniqlo,Men's Fashion,38.0,0.0,38.0,1,38.0,Fall,2024,9,False,kaggle_shopping
237170,Blouse,Forever 21,Men's Fashion,72.0,0.0,72.0,1,72.0,Spring,2024,3,False,kaggle_shopping
237271,Dress,Uniqlo,Men's Fashion,99.0,0.0,99.0,1,99.0,Summer,2024,8,False,kaggle_shopping
237372,Jacket,Columbia,Women's Fashion,38.0,0.0,38.0,1,38.0,Spring,2024,3,False,kaggle_shopping
237473,Coat,North Face,Women's Fashion,96.0,0.0,96.0,1,96.0,Winter,2024,1,False,kaggle_shopping
237574,Dress,Forever 21,Men's Fashion,27.0,0.0,27.0,1,27.0,Spring,2024,3,False,kaggle_shopping
237675,Shorts,Forever 21,Men's Fashion,24.0,0.0,24.0,1,24.0,Winter,2024,1,False,kaggle_shopping
237776,Jeans,Zara,Men's Fashion,82.0,0.0,82.0,1,82.0,Summer,2024,8,False,kaggle_shopping
237877,Hat,Kate Spade,Accessories,56.0,0.0,56.0,1,56.0,Summer,2024,8,False,kaggle_shopping
237978,Gloves,Kate Spade,Accessories,25.0,0.0,25.0,1,25.0,Fall,2024,9,False,kaggle_shopping
238079,Sneakers,New Balance,Footwear,67.0,0.0,67.0,1,67.0,Spring,2024,3,False,kaggle_shopping
238180,Shoes,New Balance,Footwear,21.0,0.0,21.0,1,21.0,Summer,2024,8,False,kaggle_shopping
238281,Hoodie,Zara,Men's Fashion,27.0,0.0,27.0,1,27.0,Summer,2024,8,False,kaggle_shopping
238382,Sneakers,Converse,Footwear,97.0,0.0,97.0,1,97.0,Fall,2024,9,False,kaggle_shopping
238483,Handbag,Kate Spade,Accessories,45.0,0.0,45.0,1,45.0,Winter,2024,1,False,kaggle_shopping
238584,Blouse,Gap,Men's Fashion,63.0,0.0,63.0,1,63.0,Fall,2024,9,False,kaggle_shopping
238685,Belt,Michael Kors,Accessories,100.0,0.0,100.0,1,100.0,Summer,2024,8,False,kaggle_shopping
238786,Socks,Zara,Men's Fashion,38.0,0.0,38.0,1,38.0,Spring,2024,3,False,kaggle_shopping
238887,Blouse,Zara,Men's Fashion,45.0,0.0,45.0,1,45.0,Summer,2024,8,False,kaggle_shopping
238988,Jewelry,Michael Kors,Accessories,91.0,0.0,91.0,1,91.0,Fall,2024,9,False,kaggle_shopping
239089,Shorts,Uniqlo,Men's Fashion,82.0,0.0,82.0,1,82.0,Fall,2024,9,False,kaggle_shopping
239190,Boots,Adidas,Footwear,48.0,0.0,48.0,1,48.0,Winter,2024,1,False,kaggle_shopping
239291,Coat,Columbia,Women's Fashion,30.0,0.0,30.0,1,30.0,Spring,2024,3,False,kaggle_shopping
239392,T-shirt,H&M,Men's Fashion,34.0,0.0,34.0,1,34.0,Spring,2024,3,False,kaggle_shopping
239493,Sweater,Forever 21,Men's Fashion,68.0,0.0,68.0,1,68.0,Fall,2024,9,False,kaggle_shopping
239594,Sunglasses,Kate Spade,Accessories,95.0,0.0,95.0,1,95.0,Winter,2024,1,False,kaggle_shopping
239695,Hat,Kate Spade,Accessories,22.0,0.0,22.0,1,22.0,Spring,2024,3,False,kaggle_shopping
239796,Gloves,Michael Kors,Accessories,88.0,0.0,88.0,1,88.0,Fall,2024,9,False,kaggle_shopping
239897,Socks,Forever 21,Men's Fashion,83.0,0.0,83.0,1,83.0,Summer,2024,8,False,kaggle_shopping
239998,Handbag,Fossil,Accessories,87.0,0.0,87.0,1,87.0,Spring,2024,3,False,kaggle_shopping
240099,Coat,Canada Goose,Women's Fashion,57.0,0.0,57.0,1,57.0,Summer,2024,8,False,kaggle_shopping
240100,Coat,Patagonia,Women's Fashion,88.0,0.0,88.0,1,88.0,Summer,2024,8,False,kaggle_shopping
240201,Pants,Uniqlo,Men's Fashion,20.0,0.0,20.0,1,20.0,Winter,2024,1,False,kaggle_shopping
240302,Belt,Fossil,Accessories,39.0,0.0,39.0,1,39.0,Summer,2024,8,False,kaggle_shopping
240403,Sunglasses,Michael Kors,Accessories,71.0,0.0,71.0,1,71.0,Spring,2024,3,False,kaggle_shopping
240504,Hoodie,Gap,Men's Fashion,73.0,0.0,73.0,1,73.0,Winter,2024,1,False,kaggle_shopping
240605,Handbag,Michael Kors,Accessories,63.0,0.0,63.0,1,63.0,Summer,2024,8,False,kaggle_shopping
240706,Gloves,Coach,Accessories,78.0,0.0,78.0,1,78.0,Winter,2024,1,False,kaggle_shopping
240807,Skirt,Uniqlo,Men's Fashion,96.0,0.0,96.0,1,96.0,Fall,2024,9,False,kaggle_shopping
240908,Sunglasses,Coach,Accessories,81.0,0.0,81.0,1,81.0,Winter,2024,1,False,kaggle_shopping
241009,Dress,Forever 21,Men's Fashion,95.0,0.0,95.0,1,95.0,Fall,2024,9,False,kaggle_shopping
241110,Gloves,Michael Kors,Accessories,68.0,0.0,68.0,1,68.0,Spring,2024,3,False,kaggle_shopping
241211,Sneakers,Adidas,Footwear,28.0,0.0,28.0,1,28.0,Spring,2024,3,False,kaggle_shopping
241312,T-shirt,Zara,Men's Fashion,30.0,0.0,30.0,1,30.0,Summer,2024,8,False,kaggle_shopping
241413,Dress,Gap,Men's Fashion,31.0,0.0,31.0,1,31.0,Summer,2024,8,False,kaggle_shopping
241514,Handbag,Coach,Accessories,95.0,0.0,95.0,1,95.0,Winter,2024,1,False,kaggle_shopping
241615,Socks,Gap,Men's Fashion,79.0,0.0,79.0,1,79.0,Winter,2024,1,False,kaggle_shopping
241716,Sneakers,Nike,Footwear,39.0,0.0,39.0,1,39.0,Winter,2024,1,False,kaggle_shopping
241817,Jacket,Canada Goose,Women's Fashion,34.0,0.0,34.0,1,34.0,Summer,2024,8,False,kaggle_shopping
241918,Hoodie,Zara,Men's Fashion,28.0,0.0,28.0,1,28.0,Spring,2024,3,False,kaggle_shopping
242019,Sandals,Puma,Footwear,38.0,0.0,38.0,1,38.0,Winter,2024,1,False,kaggle_shopping
242120,Shoes,Adidas,Footwear,55.0,0.0,55.0,1,55.0,Spring,2024,3,False,kaggle_shopping
242221,Sandals,Nike,Footwear,31.0,0.0,31.0,1,31.0,Winter,2024,1,False,kaggle_shopping
242322,Coat,Columbia,Women's Fashion,84.0,0.0,84.0,1,84.0,Spring,2024,3,False,kaggle_shopping
242423,Gloves,Fossil,Accessories,93.0,0.0,93.0,1,93.0,Winter,2024,1,False,kaggle_shopping
242524,Coat,North Face,Women's Fashion,28.0,0.0,28.0,1,28.0,Winter,2024,1,False,kaggle_shopping
242625,Boots,Adidas,Footwear,55.0,0.0,55.0,1,55.0,Summer,2024,8,False,kaggle_shopping
242726,Skirt,Zara,Men's Fashion,63.0,0.0,63.0,1,63.0,Winter,2024,1,False,kaggle_shopping
242827,Skirt,Gap,Men's Fashion,94.0,0.0,94.0,1,94.0,Winter,2024,1,False,kaggle_shopping
242928,Pants,Zara,Men's Fashion,36.0,0.0,36.0,1,36.0,Fall,2024,9,False,kaggle_shopping
243029,Hat,Kate Spade,Accessories,97.0,0.0,97.0,1,97.0,Spring,2024,3,False,kaggle_shopping
243130,Backpack,Coach,Accessories,63.0,0.0,63.0,1,63.0,Summer,2024,8,False,kaggle_shopping
243231,Scarf,Fossil,Accessories,77.0,0.0,77.0,1,77.0,Spring,2024,3,False,kaggle_shopping
243332,Scarf,Fossil,Accessories,53.0,0.0,53.0,1,53.0,Fall,2024,9,False,kaggle_shopping
243433,Shirt,H&M,Men's Fashion,77.0,0.0,77.0,1,77.0,Spring,2024,3,False,kaggle_shopping
243534,Boots,Nike,Footwear,79.0,0.0,79.0,1,79.0,Summer,2024,8,False,kaggle_shopping
243635,Coat,Columbia,Women's Fashion,37.0,0.0,37.0,1,37.0,Summer,2024,8,False,kaggle_shopping
243736,Belt,Coach,Accessories,94.0,0.0,94.0,1,94.0,Winter,2024,1,False,kaggle_shopping
243837,Boots,Nike,Footwear,76.0,0.0,76.0,1,76.0,Fall,2024,9,False,kaggle_shopping
243938,Sneakers,Puma,Footwear,68.0,0.0,68.0,1,68.0,Fall,2024,9,False,kaggle_shopping
244039,Shirt,Zara,Men's Fashion,65.0,0.0,65.0,1,65.0,Spring,2024,3,False,kaggle_shopping
244140,Blouse,Forever 21,Men's Fashion,24.0,0.0,24.0,1,24.0,Summer,2024,8,False,kaggle_shopping
244241,Jacket,North Face,Women's Fashion,31.0,0.0,31.0,1,31.0,Summer,2024,8,False,kaggle_shopping
244342,Skirt,H&M,Men's Fashion,89.0,0.0,89.0,1,89.0,Fall,2024,9,False,kaggle_shopping
244443,Socks,Uniqlo,Men's Fashion,49.0,0.0,49.0,1,49.0,Summer,2024,8,False,kaggle_shopping
244544,Sandals,Adidas,Footwear,92.0,0.0,92.0,1,92.0,Fall,2024,9,False,kaggle_shopping
244645,T-shirt,Uniqlo,Men's Fashion,32.0,0.0,32.0,1,32.0,Winter,2024,1,False,kaggle_shopping
244746,Jacket,Canada Goose,Women's Fashion,67.0,0.0,67.0,1,67.0,Winter,2024,1,False,kaggle_shopping
244847,Belt,Kate Spade,Accessories,64.0,0.0,64.0,1,64.0,Fall,2024,9,False,kaggle_shopping
244948,Shoes,Nike,Footwear,84.0,0.0,84.0,1,84.0,Spring,2024,3,False,kaggle_shopping
245049,Blouse,Forever 21,Men's Fashion,34.0,0.0,34.0,1,34.0,Fall,2024,9,False,kaggle_shopping
245150,Shoes,New Balance,Footwear,26.0,0.0,26.0,1,26.0,Winter,2024,1,False,kaggle_shopping
245251,Sweater,Gap,Men's Fashion,50.0,0.0,50.0,1,50.0,Fall,2024,9,False,kaggle_shopping
245352,Boots,Puma,Footwear,46.0,0.0,46.0,1,46.0,Fall,2024,9,False,kaggle_shopping
245453,Handbag,Fossil,Accessories,71.0,0.0,71.0,1,71.0,Fall,2024,9,False,kaggle_shopping
245554,Blouse,Forever 21,Men's Fashion,78.0,0.0,78.0,1,78.0,Summer,2024,8,False,kaggle_shopping
245655,Skirt,Gap,Men's Fashion,35.0,0.0,35.0,1,35.0,Winter,2024,1,False,kaggle_shopping
245756,Backpack,Kate Spade,Accessories,58.0,0.0,58.0,1,58.0,Summer,2024,8,False,kaggle_shopping
245857,Shirt,Uniqlo,Men's Fashion,67.0,0.0,67.0,1,67.0,Fall,2024,9,False,kaggle_shopping
245958,Sweater,H&M,Men's Fashion,93.0,0.0,93.0,1,93.0,Spring,2024,3,False,kaggle_shopping
246059,Scarf,Fossil,Accessories,81.0,0.0,81.0,1,81.0,Spring,2024,3,False,kaggle_shopping
246160,Handbag,Michael Kors,Accessories,80.0,0.0,80.0,1,80.0,Fall,2024,9,False,kaggle_shopping
246261,Scarf,Michael Kors,Accessories,64.0,0.0,64.0,1,64.0,Spring,2024,3,False,kaggle_shopping
246362,Jeans,Uniqlo,Men's Fashion,41.0,0.0,41.0,1,41.0,Fall,2024,9,False,kaggle_shopping
246463,Socks,Gap,Men's Fashion,79.0,0.0,79.0,1,79.0,Winter,2024,1,False,kaggle_shopping
246564,Sunglasses,Fossil,Accessories,60.0,0.0,60.0,1,60.0,Winter,2024,1,False,kaggle_shopping
246665,Sneakers,Adidas,Footwear,91.0,0.0,91.0,1,91.0,Winter,2024,1,False,kaggle_shopping
246766,Shoes,Converse,Footwear,66.0,0.0,66.0,1,66.0,Winter,2024,1,False,kaggle_shopping
246867,Socks,Uniqlo,Men's Fashion,85.0,0.0,85.0,1,85.0,Winter,2024,1,False,kaggle_shopping
246968,Sunglasses,Michael Kors,Accessories,38.0,0.0,38.0,1,38.0,Summer,2024,8,False,kaggle_shopping
247069,Sweater,Forever 21,Men's Fashion,23.0,0.0,23.0,1,23.0,Winter,2024,1,False,kaggle_shopping
247170,Shoes,Puma,Footwear,71.0,0.0,71.0,1,71.0,Spring,2024,3,False,kaggle_shopping
247271,Socks,Uniqlo,Men's Fashion,25.0,0.0,25.0,1,25.0,Winter,2024,1,False,kaggle_shopping
247372,Boots,Puma,Footwear,39.0,0.0,39.0,1,39.0,Spring,2024,3,False,kaggle_shopping
247473,Hoodie,Zara,Men's Fashion,20.0,0.0,20.0,1,20.0,Spring,2024,3,False,kaggle_shopping
247574,Gloves,Fossil,Accessories,73.0,0.0,73.0,1,73.0,Winter,2024,1,False,kaggle_shopping
247675,Backpack,Michael Kors,Accessories,63.0,0.0,63.0,1,63.0,Fall,2024,9,False,kaggle_shopping
247776,Gloves,Coach,Accessories,94.0,0.0,94.0,1,94.0,Spring,2024,3,False,kaggle_shopping
247877,Blouse,Zara,Men's Fashion,94.0,0.0,94.0,1,94.0,Fall,2024,9,False,kaggle_shopping
247978,Scarf,Michael Kors,Accessories,71.0,0.0,71.0,1,71.0,Summer,2024,8,False,kaggle_shopping
248079,Hat,Kate Spade,Accessories,77.0,0.0,77.0,1,77.0,Spring,2024,3,False,kaggle_shopping
248180,Scarf,Kate Spade,Accessories,66.0,0.0,66.0,1,66.0,Fall,2024,9,False,kaggle_shopping
248281,Sandals,Adidas,Footwear,23.0,0.0,23.0,1,23.0,Summer,2024,8,False,kaggle_shopping
248382,Sweater,Forever 21,Men's Fashion,60.0,0.0,60.0,1,60.0,Spring,2024,3,False,kaggle_shopping
248483,Backpack,Kate Spade,Accessories,72.0,0.0,72.0,1,72.0,Spring,2024,3,False,kaggle_shopping
248584,Blouse,Uniqlo,Men's Fashion,35.0,0.0,35.0,1,35.0,Winter,2024,1,False,kaggle_shopping
248685,Scarf,Michael Kors,Accessories,31.0,0.0,31.0,1,31.0,Fall,2024,9,False,kaggle_shopping
248786,Socks,Uniqlo,Men's Fashion,33.0,0.0,33.0,1,33.0,Summer,2024,8,False,kaggle_shopping
248887,Hat,Coach,Accessories,95.0,0.0,95.0,1,95.0,Summer,2024,8,False,kaggle_shopping
248988,Dress,H&M,Men's Fashion,68.0,0.0,68.0,1,68.0,Fall,2024,9,False,kaggle_shopping
249089,Coat,North Face,Women's Fashion,87.0,0.0,87.0,1,87.0,Spring,2024,3,False,kaggle_shopping
249190,Shirt,Uniqlo,Men's Fashion,64.0,0.0,64.0,1,64.0,Winter,2024,1,False,kaggle_shopping
249291,Shirt,Zara,Men's Fashion,74.0,0.0,74.0,1,74.0,Winter,2024,1,False,kaggle_shopping
249392,Jeans,H&M,Men's Fashion,62.0,0.0,62.0,1,62.0,Spring,2024,3,False,kaggle_shopping
249493,Socks,Zara,Men's Fashion,97.0,0.0,97.0,1,97.0,Winter,2024,1,False,kaggle_shopping
249594,Sandals,Puma,Footwear,47.0,0.0,47.0,1,47.0,Fall,2024,9,False,kaggle_shopping
249695,Blouse,Uniqlo,Men's Fashion,83.0,0.0,83.0,1,83.0,Winter,2024,1,False,kaggle_shopping
249796,Shirt,H&M,Men's Fashion,82.0,0.0,82.0,1,82.0,Spring,2024,3,False,kaggle_shopping
249897,Sunglasses,Kate Spade,Accessories,26.0,0.0,26.0,1,26.0,Fall,2024,9,False,kaggle_shopping
249998,Jacket,Columbia,Women's Fashion,81.0,0.0,81.0,1,81.0,Winter,2024,1,False,kaggle_shopping
250099,Dress,Zara,Men's Fashion,44.0,0.0,44.0,1,44.0,Spring,2024,3,False,kaggle_shopping
250100,Sunglasses,Michael Kors,Accessories,88.0,0.0,88.0,1,88.0,Winter,2024,1,False,kaggle_shopping
250201,Boots,Nike,Footwear,76.0,0.0,76.0,1,76.0,Winter,2024,1,False,kaggle_shopping
250302,Scarf,Coach,Accessories,89.0,0.0,89.0,1,89.0,Winter,2024,1,False,kaggle_shopping
250403,Shorts,Forever 21,Men's Fashion,22.0,0.0,22.0,1,22.0,Fall,2024,9,False,kaggle_shopping
250504,Shorts,Uniqlo,Men's Fashion,33.0,0.0,33.0,1,33.0,Winter,2024,1,False,kaggle_shopping
250605,Jeans,Zara,Men's Fashion,97.0,0.0,97.0,1,97.0,Fall,2024,9,False,kaggle_shopping
250706,Scarf,Coach,Accessories,57.0,0.0,57.0,1,57.0,Winter,2024,1,False,kaggle_shopping
250807,Shorts,Gap,Men's Fashion,38.0,0.0,38.0,1,38.0,Summer,2024,8,False,kaggle_shopping
250908,Sneakers,Nike,Footwear,55.0,0.0,55.0,1,55.0,Fall,2024,9,False,kaggle_shopping
251009,Jewelry,Michael Kors,Accessories,37.0,0.0,37.0,1,37.0,Spring,2024,3,False,kaggle_shopping
251110,Shoes,Converse,Footwear,43.0,0.0,43.0,1,43.0,Summer,2024,8,False,kaggle_shopping
251211,Hoodie,Zara,Men's Fashion,96.0,0.0,96.0,1,96.0,Summer,2024,8,False,kaggle_shopping
251312,Jacket,North Face,Women's Fashion,51.0,0.0,51.0,1,51.0,Winter,2024,1,False,kaggle_shopping
251413,Shorts,Uniqlo,Men's Fashion,95.0,0.0,95.0,1,95.0,Fall,2024,9,False,kaggle_shopping
251514,Socks,Zara,Men's Fashion,26.0,0.0,26.0,1,26.0,Summer,2024,8,False,kaggle_shopping
251615,Coat,Columbia,Women's Fashion,34.0,0.0,34.0,1,34.0,Fall,2024,9,False,kaggle_shopping
251716,Sandals,Adidas,Footwear,83.0,0.0,83.0,1,83.0,Summer,2024,8,False,kaggle_shopping
251817,Backpack,Michael Kors,Accessories,24.0,0.0,24.0,1,24.0,Fall,2024,9,False,kaggle_shopping
251918,Pants,Forever 21,Men's Fashion,69.0,0.0,69.0,1,69.0,Fall,2024,9,False,kaggle_shopping
252019,Sweater,Zara,Men's Fashion,40.0,0.0,40.0,1,40.0,Fall,2024,9,False,kaggle_shopping
252120,Jacket,Columbia,Women's Fashion,87.0,0.0,87.0,1,87.0,Winter,2024,1,False,kaggle_shopping
252221,Sneakers,Converse,Footwear,46.0,0.0,46.0,1,46.0,Spring,2024,3,False,kaggle_shopping
252322,Jewelry,Kate Spade,Accessories,82.0,0.0,82.0,1,82.0,Winter,2024,1,False,kaggle_shopping
252423,Backpack,Michael Kors,Accessories,81.0,0.0,81.0,1,81.0,Summer,2024,8,False,kaggle_shopping
252524,Jewelry,Fossil,Accessories,57.0,0.0,57.0,1,57.0,Winter,2024,1,False,kaggle_shopping
252625,Shoes,Puma,Footwear,49.0,0.0,49.0,1,49.0,Summer,2024,8,False,kaggle_shopping
252726,Jacket,Patagonia,Women's Fashion,42.0,0.0,42.0,1,42.0,Fall,2024,9,False,kaggle_shopping
252827,Jacket,North Face,Women's Fashion,26.0,0.0,26.0,1,26.0,Spring,2024,3,False,kaggle_shopping
252928,T-shirt,Zara,Men's Fashion,38.0,0.0,38.0,1,38.0,Spring,2024,3,False,kaggle_shopping
253029,Sneakers,Adidas,Footwear,57.0,0.0,57.0,1,57.0,Summer,2024,8,False,kaggle_shopping
253130,Jacket,North Face,Women's Fashion,100.0,0.0,100.0,1,100.0,Summer,2024,8,False,kaggle_shopping
253231,Hoodie,H&M,Men's Fashion,73.0,0.0,73.0,1,73.0,Fall,2024,9,False,kaggle_shopping
253332,Jacket,Columbia,Women's Fashion,66.0,0.0,66.0,1,66.0,Winter,2024,1,False,kaggle_shopping
253433,T-shirt,Zara,Men's Fashion,73.0,0.0,73.0,1,73.0,Spring,2024,3,False,kaggle_shopping
253534,Gloves,Fossil,Accessories,45.0,0.0,45.0,1,45.0,Spring,2024,3,False,kaggle_shopping
253635,Sneakers,Puma,Footwear,27.0,0.0,27.0,1,27.0,Fall,2024,9,False,kaggle_shopping
253736,T-shirt,Gap,Men's Fashion,24.0,0.0,24.0,1,24.0,Fall,2024,9,False,kaggle_shopping
253837,Sneakers,Puma,Footwear,59.0,0.0,59.0,1,59.0,Winter,2024,1,False,kaggle_shopping
253938,Jeans,Forever 21,Men's Fashion,20.0,0.0,20.0,1,20.0,Winter,2024,1,False,kaggle_shopping
254039,Handbag,Fossil,Accessories,44.0,0.0,44.0,1,44.0,Summer,2024,8,False,kaggle_shopping
254140,Socks,Forever 21,Men's Fashion,90.0,0.0,90.0,1,90.0,Spring,2024,3,False,kaggle_shopping
254241,Jewelry,Fossil,Accessories,36.0,0.0,36.0,1,36.0,Fall,2024,9,False,kaggle_shopping
254342,Blouse,Forever 21,Men's Fashion,95.0,0.0,95.0,1,95.0,Winter,2024,1,False,kaggle_shopping
254443,Backpack,Michael Kors,Accessories,30.0,0.0,30.0,1,30.0,Spring,2024,3,False,kaggle_shopping
254544,Scarf,Michael Kors,Accessories,65.0,0.0,65.0,1,65.0,Fall,2024,9,False,kaggle_shopping
254645,Scarf,Fossil,Accessories,96.0,0.0,96.0,1,96.0,Summer,2024,8,False,kaggle_shopping
254746,Shirt,Forever 21,Men's Fashion,65.0,0.0,65.0,1,65.0,Spring,2024,3,False,kaggle_shopping
254847,Pants,H&M,Men's Fashion,47.0,0.0,47.0,1,47.0,Fall,2024,9,False,kaggle_shopping
254948,Hat,Kate Spade,Accessories,25.0,0.0,25.0,1,25.0,Fall,2024,9,False,kaggle_shopping
255049,Coat,Patagonia,Women's Fashion,56.0,0.0,56.0,1,56.0,Fall,2024,9,False,kaggle_shopping
255150,T-shirt,H&M,Men's Fashion,76.0,0.0,76.0,1,76.0,Fall,2024,9,False,kaggle_shopping
255251,Socks,Zara,Men's Fashion,60.0,0.0,60.0,1,60.0,Fall,2024,9,False,kaggle_shopping
255352,Shirt,Gap,Men's Fashion,67.0,0.0,67.0,1,67.0,Winter,2024,1,False,kaggle_shopping
255453,Sweater,H&M,Men's Fashion,95.0,0.0,95.0,1,95.0,Spring,2024,3,False,kaggle_shopping
255554,Gloves,Coach,Accessories,72.0,0.0,72.0,1,72.0,Winter,2024,1,False,kaggle_shopping
255655,Belt,Kate Spade,Accessories,98.0,0.0,98.0,1,98.0,Spring,2024,3,False,kaggle_shopping
255756,Jeans,Zara,Men's Fashion,83.0,0.0,83.0,1,83.0,Winter,2024,1,False,kaggle_shopping
255857,Handbag,Michael Kors,Accessories,37.0,0.0,37.0,1,37.0,Fall,2024,9,False,kaggle_shopping
255958,T-shirt,H&M,Men's Fashion,85.0,0.0,85.0,1,85.0,Fall,2024,9,False,kaggle_shopping
256059,Socks,Forever 21,Men's Fashion,36.0,0.0,36.0,1,36.0,Fall,2024,9,False,kaggle_shopping
256160,Jeans,Uniqlo,Men's Fashion,36.0,0.0,36.0,1,36.0,Winter,2024,1,False,kaggle_shopping
256261,Scarf,Fossil,Accessories,86.0,0.0,86.0,1,86.0,Summer,2024,8,False,kaggle_shopping
256362,Pants,Gap,Men's Fashion,99.0,0.0,99.0,1,99.0,Spring,2024,3,False,kaggle_shopping
256463,Blouse,Uniqlo,Men's Fashion,21.0,0.0,21.0,1,21.0,Summer,2024,8,False,kaggle_shopping
256564,Jacket,Patagonia,Women's Fashion,84.0,0.0,84.0,1,84.0,Winter,2024,1,False,kaggle_shopping
256665,Sandals,Adidas,Footwear,63.0,0.0,63.0,1,63.0,Spring,2024,3,False,kaggle_shopping
256766,Shorts,Gap,Men's Fashion,84.0,0.0,84.0,1,84.0,Summer,2024,8,False,kaggle_shopping
256867,Shorts,Uniqlo,Men's Fashion,72.0,0.0,72.0,1,72.0,Spring,2024,3,False,kaggle_shopping
256968,Skirt,Gap,Men's Fashion,21.0,0.0,21.0,1,21.0,Winter,2024,1,False,kaggle_shopping
257069,Sandals,Puma,Footwear,92.0,0.0,92.0,1,92.0,Fall,2024,9,False,kaggle_shopping
257170,Blouse,H&M,Men's Fashion,72.0,0.0,72.0,1,72.0,Fall,2024,9,False,kaggle_shopping
257271,Sandals,Adidas,Footwear,83.0,0.0,83.0,1,83.0,Spring,2024,3,False,kaggle_shopping
257372,Shirt,Forever 21,Men's Fashion,73.0,0.0,73.0,1,73.0,Summer,2024,8,False,kaggle_shopping
257473,Socks,H&M,Men's Fashion,98.0,0.0,98.0,1,98.0,Winter,2024,1,False,kaggle_shopping
257574,T-shirt,H&M,Men's Fashion,76.0,0.0,76.0,1,76.0,Fall,2024,9,False,kaggle_shopping
257675,Dress,H&M,Men's Fashion,43.0,0.0,43.0,1,43.0,Summer,2024,8,False,kaggle_shopping
257776,Hat,Coach,Accessories,60.0,0.0,60.0,1,60.0,Summer,2024,8,False,kaggle_shopping
257877,Gloves,Michael Kors,Accessories,40.0,0.0,40.0,1,40.0,Spring,2024,3,False,kaggle_shopping
257978,Socks,Uniqlo,Men's Fashion,93.0,0.0,93.0,1,93.0,Winter,2024,1,False,kaggle_shopping
258079,Dress,Gap,Men's Fashion,98.0,0.0,98.0,1,98.0,Fall,2024,9,False,kaggle_shopping
258180,Socks,H&M,Men's Fashion,91.0,0.0,91.0,1,91.0,Summer,2024,8,False,kaggle_shopping
258281,Belt,Coach,Accessories,92.0,0.0,92.0,1,92.0,Fall,2024,9,False,kaggle_shopping
258382,Handbag,Michael Kors,Accessories,87.0,0.0,87.0,1,87.0,Winter,2024,1,False,kaggle_shopping
258483,Skirt,Gap,Men's Fashion,96.0,0.0,96.0,1,96.0,Fall,2024,9,False,kaggle_shopping
258584,Hoodie,Gap,Men's Fashion,97.0,0.0,97.0,1,97.0,Summer,2024,8,False,kaggle_shopping
258685,Blouse,H&M,Men's Fashion,55.0,0.0,55.0,1,55.0,Spring,2024,3,False,kaggle_shopping
258786,Jeans,H&M,Men's Fashion,58.0,0.0,58.0,1,58.0,Spring,2024,3,False,kaggle_shopping
258887,Boots,New Balance,Footwear,21.0,0.0,21.0,1,21.0,Spring,2024,3,False,kaggle_shopping
258988,Handbag,Coach,Accessories,82.0,0.0,82.0,1,82.0,Summer,2024,8,False,kaggle_shopping
259089,Coat,Canada Goose,Women's Fashion,34.0,0.0,34.0,1,34.0,Winter,2024,1,False,kaggle_shopping
259190,Blouse,Gap,Men's Fashion,78.0,0.0,78.0,1,78.0,Spring,2024,3,False,kaggle_shopping
259291,Handbag,Fossil,Accessories,47.0,0.0,47.0,1,47.0,Spring,2024,3,False,kaggle_shopping
259392,Sunglasses,Fossil,Accessories,96.0,0.0,96.0,1,96.0,Summer,2024,8,False,kaggle_shopping
259493,Socks,Uniqlo,Men's Fashion,23.0,0.0,23.0,1,23.0,Fall,2024,9,False,kaggle_shopping
259594,Shoes,Converse,Footwear,27.0,0.0,27.0,1,27.0,Winter,2024,1,False,kaggle_shopping
259695,Backpack,Fossil,Accessories,37.0,0.0,37.0,1,37.0,Spring,2024,3,False,kaggle_shopping
259796,Scarf,Fossil,Accessories,79.0,0.0,79.0,1,79.0,Summer,2024,8,False,kaggle_shopping
259897,Backpack,Michael Kors,Accessories,40.0,0.0,40.0,1,40.0,Summer,2024,8,False,kaggle_shopping
259998,Coat,Canada Goose,Women's Fashion,39.0,0.0,39.0,1,39.0,Fall,2024,9,False,kaggle_shopping
260099,Hoodie,H&M,Men's Fashion,73.0,0.0,73.0,1,73.0,Summer,2024,8,False,kaggle_shopping
260100,Gloves,Coach,Accessories,84.0,0.0,84.0,1,84.0,Fall,2024,9,False,kaggle_shopping
260201,Shorts,H&M,Men's Fashion,94.0,0.0,94.0,1,94.0,Fall,2024,9,False,kaggle_shopping
260302,Skirt,Uniqlo,Men's Fashion,47.0,0.0,47.0,1,47.0,Spring,2024,3,False,kaggle_shopping
260403,Boots,Adidas,Footwear,77.0,0.0,77.0,1,77.0,Summer,2024,8,False,kaggle_shopping
260504,Shorts,H&M,Men's Fashion,94.0,0.0,94.0,1,94.0,Winter,2024,1,False,kaggle_shopping
260605,Handbag,Michael Kors,Accessories,75.0,0.0,75.0,1,75.0,Summer,2024,8,False,kaggle_shopping
260706,Dress,Forever 21,Men's Fashion,82.0,0.0,82.0,1,82.0,Spring,2024,3,False,kaggle_shopping
260807,Shoes,Converse,Footwear,36.0,0.0,36.0,1,36.0,Fall,2024,9,False,kaggle_shopping
260908,Sneakers,Adidas,Footwear,90.0,0.0,90.0,1,90.0,Spring,2024,3,False,kaggle_shopping
261009,Socks,Uniqlo,Men's Fashion,48.0,0.0,48.0,1,48.0,Spring,2024,3,False,kaggle_shopping
261110,Jacket,Columbia,Women's Fashion,42.0,0.0,42.0,1,42.0,Winter,2024,1,False,kaggle_shopping
261211,Backpack,Michael Kors,Accessories,33.0,0.0,33.0,1,33.0,Summer,2024,8,False,kaggle_shopping
261312,Socks,Gap,Men's Fashion,63.0,0.0,63.0,1,63.0,Summer,2024,8,False,kaggle_shopping
261413,Handbag,Fossil,Accessories,53.0,0.0,53.0,1,53.0,Winter,2024,1,False,kaggle_shopping
261514,Hat,Fossil,Accessories,37.0,0.0,37.0,1,37.0,Spring,2024,3,False,kaggle_shopping
261615,Blouse,Forever 21,Men's Fashion,92.0,0.0,92.0,1,92.0,Summer,2024,8,False,kaggle_shopping
261716,Shorts,H&M,Men's Fashion,73.0,0.0,73.0,1,73.0,Spring,2024,3,False,kaggle_shopping
261817,Shirt,Uniqlo,Men's Fashion,38.0,0.0,38.0,1,38.0,Spring,2024,3,False,kaggle_shopping
261918,Boots,Puma,Footwear,51.0,0.0,51.0,1,51.0,Fall,2024,9,False,kaggle_shopping
262019,Jacket,Patagonia,Women's Fashion,90.0,0.0,90.0,1,90.0,Spring,2024,3,False,kaggle_shopping
262120,Jacket,Columbia,Women's Fashion,56.0,0.0,56.0,1,56.0,Summer,2024,8,False,kaggle_shopping
262221,Handbag,Michael Kors,Accessories,33.0,0.0,33.0,1,33.0,Fall,2024,9,False,kaggle_shopping
262322,Belt,Kate Spade,Accessories,53.0,0.0,53.0,1,53.0,Winter,2024,1,False,kaggle_shopping
262423,Handbag,Michael Kors,Accessories,24.0,0.0,24.0,1,24.0,Spring,2024,3,False,kaggle_shopping
262524,Coat,Columbia,Women's Fashion,59.0,0.0,59.0,1,59.0,Spring,2024,3,False,kaggle_shopping
262625,Sweater,Forever 21,Men's Fashion,72.0,0.0,72.0,1,72.0,Winter,2024,1,False,kaggle_shopping
262726,Shorts,Uniqlo,Men's Fashion,28.0,0.0,28.0,1,28.0,Spring,2024,3,False,kaggle_shopping
262827,Pants,H&M,Men's Fashion,36.0,0.0,36.0,1,36.0,Fall,2024,9,False,kaggle_shopping
262928,Jewelry,Kate Spade,Accessories,47.0,0.0,47.0,1,47.0,Fall,2024,9,False,kaggle_shopping
263029,Gloves,Kate Spade,Accessories,62.0,0.0,62.0,1,62.0,Spring,2024,3,False,kaggle_shopping
263130,Skirt,Forever 21,Men's Fashion,98.0,0.0,98.0,1,98.0,Spring,2024,3,False,kaggle_shopping
263231,Sandals,Adidas,Footwear,28.0,0.0,28.0,1,28.0,Summer,2024,8,False,kaggle_shopping
263332,Socks,H&M,Men's Fashion,86.0,0.0,86.0,1,86.0,Summer,2024,8,False,kaggle_shopping
263433,Jewelry,Coach,Accessories,46.0,0.0,46.0,1,46.0,Summer,2024,8,False,kaggle_shopping
263534,Sunglasses,Michael Kors,Accessories,42.0,0.0,42.0,1,42.0,Fall,2024,9,False,kaggle_shopping
263635,Coat,Patagonia,Women's Fashion,80.0,0.0,80.0,1,80.0,Winter,2024,1,False,kaggle_shopping
263736,Belt,Fossil,Accessories,39.0,0.0,39.0,1,39.0,Spring,2024,3,False,kaggle_shopping
263837,Coat,Canada Goose,Women's Fashion,49.0,0.0,49.0,1,49.0,Summer,2024,8,False,kaggle_shopping
263938,Scarf,Coach,Accessories,32.0,0.0,32.0,1,32.0,Summer,2024,8,False,kaggle_shopping
264039,Sandals,New Balance,Footwear,73.0,0.0,73.0,1,73.0,Fall,2024,9,False,kaggle_shopping
264140,Belt,Coach,Accessories,42.0,0.0,42.0,1,42.0,Summer,2024,8,False,kaggle_shopping
264241,Scarf,Coach,Accessories,58.0,0.0,58.0,1,58.0,Spring,2024,3,False,kaggle_shopping
264342,Jewelry,Fossil,Accessories,22.0,0.0,22.0,1,22.0,Winter,2024,1,False,kaggle_shopping
264443,Scarf,Fossil,Accessories,56.0,0.0,56.0,1,56.0,Spring,2024,3,False,kaggle_shopping
264544,Pants,Uniqlo,Men's Fashion,70.0,0.0,70.0,1,70.0,Spring,2024,3,False,kaggle_shopping
264645,Shoes,New Balance,Footwear,50.0,0.0,50.0,1,50.0,Spring,2024,3,False,kaggle_shopping
264746,Boots,Puma,Footwear,21.0,0.0,21.0,1,21.0,Summer,2024,8,False,kaggle_shopping
264847,Jacket,North Face,Women's Fashion,97.0,0.0,97.0,1,97.0,Summer,2024,8,False,kaggle_shopping
264948,Backpack,Kate Spade,Accessories,63.0,0.0,63.0,1,63.0,Winter,2024,1,False,kaggle_shopping
265049,Jacket,Canada Goose,Women's Fashion,60.0,0.0,60.0,1,60.0,Fall,2024,9,False,kaggle_shopping
265150,Boots,Puma,Footwear,52.0,0.0,52.0,1,52.0,Fall,2024,9,False,kaggle_shopping
265251,Shoes,New Balance,Footwear,32.0,0.0,32.0,1,32.0,Winter,2024,1,False,kaggle_shopping
265352,Belt,Fossil,Accessories,48.0,0.0,48.0,1,48.0,Spring,2024,3,False,kaggle_shopping
265453,Jewelry,Coach,Accessories,25.0,0.0,25.0,1,25.0,Summer,2024,8,False,kaggle_shopping
265554,Jewelry,Michael Kors,Accessories,68.0,0.0,68.0,1,68.0,Summer,2024,8,False,kaggle_shopping
265655,Pants,Uniqlo,Men's Fashion,74.0,0.0,74.0,1,74.0,Fall,2024,9,False,kaggle_shopping
265756,T-shirt,Forever 21,Men's Fashion,88.0,0.0,88.0,1,88.0,Fall,2024,9,False,kaggle_shopping
265857,Shorts,Zara,Men's Fashion,23.0,0.0,23.0,1,23.0,Spring,2024,3,False,kaggle_shopping
265958,Hoodie,Uniqlo,Men's Fashion,32.0,0.0,32.0,1,32.0,Fall,2024,9,False,kaggle_shopping
266059,Belt,Kate Spade,Accessories,71.0,0.0,71.0,1,71.0,Winter,2024,1,False,kaggle_shopping
266160,Boots,Converse,Footwear,62.0,0.0,62.0,1,62.0,Spring,2024,3,False,kaggle_shopping
266261,Hoodie,Gap,Men's Fashion,20.0,0.0,20.0,1,20.0,Spring,2024,3,False,kaggle_shopping
266362,Shorts,Zara,Men's Fashion,62.0,0.0,62.0,1,62.0,Spring,2024,3,False,kaggle_shopping
266463,Backpack,Fossil,Accessories,81.0,0.0,81.0,1,81.0,Winter,2024,1,False,kaggle_shopping
266564,Scarf,Michael Kors,Accessories,90.0,0.0,90.0,1,90.0,Winter,2024,1,False,kaggle_shopping
266665,Socks,Forever 21,Men's Fashion,43.0,0.0,43.0,1,43.0,Fall,2024,9,False,kaggle_shopping
266766,Handbag,Fossil,Accessories,38.0,0.0,38.0,1,38.0,Fall,2024,9,False,kaggle_shopping
266867,Sunglasses,Michael Kors,Accessories,25.0,0.0,25.0,1,25.0,Spring,2024,3,False,kaggle_shopping
266968,T-shirt,H&M,Men's Fashion,98.0,0.0,98.0,1,98.0,Winter,2024,1,False,kaggle_shopping
267069,Dress,Uniqlo,Men's Fashion,75.0,0.0,75.0,1,75.0,Spring,2024,3,False,kaggle_shopping
267170,Sneakers,Converse,Footwear,27.0,0.0,27.0,1,27.0,Spring,2024,3,False,kaggle_shopping
267271,Sunglasses,Fossil,Accessories,27.0,0.0,27.0,1,27.0,Winter,2024,1,False,kaggle_shopping
267372,Blouse,Forever 21,Men's Fashion,42.0,0.0,42.0,1,42.0,Fall,2024,9,False,kaggle_shopping
267473,T-shirt,Forever 21,Men's Fashion,90.0,0.0,90.0,1,90.0,Summer,2024,8,False,kaggle_shopping
267574,Hat,Michael Kors,Accessories,63.0,0.0,63.0,1,63.0,Summer,2024,8,False,kaggle_shopping
267675,Shorts,Gap,Men's Fashion,96.0,0.0,96.0,1,96.0,Fall,2024,9,False,kaggle_shopping
267776,Hoodie,Zara,Men's Fashion,40.0,0.0,40.0,1,40.0,Winter,2024,1,False,kaggle_shopping
267877,Socks,Forever 21,Men's Fashion,39.0,0.0,39.0,1,39.0,Fall,2024,9,False,kaggle_shopping
267978,Sunglasses,Coach,Accessories,48.0,0.0,48.0,1,48.0,Fall,2024,9,False,kaggle_shopping
268079,Blouse,Forever 21,Men's Fashion,20.0,0.0,20.0,1,20.0,Summer,2024,8,False,kaggle_shopping
268180,Jeans,Forever 21,Men's Fashion,29.0,0.0,29.0,1,29.0,Summer,2024,8,False,kaggle_shopping
268281,Dress,Zara,Men's Fashion,81.0,0.0,81.0,1,81.0,Winter,2024,1,False,kaggle_shopping
268382,Dress,Forever 21,Men's Fashion,98.0,0.0,98.0,1,98.0,Fall,2024,9,False,kaggle_shopping
268483,Jeans,Forever 21,Men's Fashion,93.0,0.0,93.0,1,93.0,Fall,2024,9,False,kaggle_shopping
268584,Socks,Zara,Men's Fashion,30.0,0.0,30.0,1,30.0,Summer,2024,8,False,kaggle_shopping
268685,Sunglasses,Fossil,Accessories,37.0,0.0,37.0,1,37.0,Fall,2024,9,False,kaggle_shopping
268786,Coat,Canada Goose,Women's Fashion,28.0,0.0,28.0,1,28.0,Winter,2024,1,False,kaggle_shopping
268887,Scarf,Coach,Accessories,29.0,0.0,29.0,1,29.0,Winter,2024,1,False,kaggle_shopping
268988,Backpack,Michael Kors,Accessories,49.0,0.0,49.0,1,49.0,Summer,2024,8,False,kaggle_shopping
269089,Pants,Zara,Men's Fashion,53.0,0.0,53.0,1,53.0,Winter,2024,1,False,kaggle_shopping
269190,Gloves,Fossil,Accessories,66.0,0.0,66.0,1,66.0,Summer,2024,8,False,kaggle_shopping
269291,Jacket,Canada Goose,Women's Fashion,61.0,0.0,61.0,1,61.0,Spring,2024,3,False,kaggle_shopping
269392,Shorts,Uniqlo,Men's Fashion,23.0,0.0,23.0,1,23.0,Summer,2024,8,False,kaggle_shopping
269493,Pants,Forever 21,Men's Fashion,36.0,0.0,36.0,1,36.0,Fall,2024,9,False,kaggle_shopping
269594,Skirt,H&M,Men's Fashion,81.0,0.0,81.0,1,81.0,Fall,2024,9,False,kaggle_shopping
269695,Blouse,Uniqlo,Men's Fashion,56.0,0.0,56.0,1,56.0,Summer,2024,8,False,kaggle_shopping
269796,Shirt,Zara,Men's Fashion,78.0,0.0,78.0,1,78.0,Spring,2024,3,False,kaggle_shopping
269897,Jewelry,Kate Spade,Accessories,25.0,0.0,25.0,1,25.0,Summer,2024,8,False,kaggle_shopping
269998,Backpack,Fossil,Accessories,86.0,0.0,86.0,1,86.0,Fall,2024,9,False,kaggle_shopping
270099,Jewelry,Fossil,Accessories,99.0,0.0,99.0,1,99.0,Winter,2024,1,False,kaggle_shopping
270100,Belt,Fossil,Accessories,83.0,0.0,83.0,1,83.0,Fall,2024,9,False,kaggle_shopping
270201,Dress,Gap,Men's Fashion,33.0,0.0,33.0,1,33.0,Winter,2024,1,False,kaggle_shopping
270302,Coat,North Face,Women's Fashion,44.0,0.0,44.0,1,44.0,Fall,2024,9,False,kaggle_shopping
270403,Dress,Gap,Men's Fashion,58.0,0.0,58.0,1,58.0,Spring,2024,3,False,kaggle_shopping
270504,Sweater,Forever 21,Men's Fashion,54.0,0.0,54.0,1,54.0,Spring,2024,3,False,kaggle_shopping
270605,Hoodie,H&M,Men's Fashion,93.0,0.0,93.0,1,93.0,Spring,2024,3,False,kaggle_shopping
270706,Shoes,New Balance,Footwear,98.0,0.0,98.0,1,98.0,Spring,2024,3,False,kaggle_shopping
270807,Shoes,Adidas,Footwear,36.0,0.0,36.0,1,36.0,Spring,2024,3,False,kaggle_shopping
270908,Jacket,Columbia,Women's Fashion,68.0,0.0,68.0,1,68.0,Fall,2024,9,False,kaggle_shopping
271009,Backpack,Michael Kors,Accessories,95.0,0.0,95.0,1,95.0,Summer,2024,8,False,kaggle_shopping
271110,Jeans,H&M,Men's Fashion,93.0,0.0,93.0,1,93.0,Spring,2024,3,False,kaggle_shopping
271211,Jacket,Patagonia,Women's Fashion,99.0,0.0,99.0,1,99.0,Fall,2024,9,False,kaggle_shopping
271312,Sunglasses,Fossil,Accessories,22.0,0.0,22.0,1,22.0,Winter,2024,1,False,kaggle_shopping
271413,Gloves,Fossil,Accessories,88.0,0.0,88.0,1,88.0,Fall,2024,9,False,kaggle_shopping
271514,Jacket,Patagonia,Women's Fashion,65.0,0.0,65.0,1,65.0,Spring,2024,3,False,kaggle_shopping
271615,T-shirt,Gap,Men's Fashion,62.0,0.0,62.0,1,62.0,Fall,2024,9,False,kaggle_shopping
271716,Sandals,Adidas,Footwear,55.0,0.0,55.0,1,55.0,Spring,2024,3,False,kaggle_shopping
271817,Shorts,Forever 21,Men's Fashion,97.0,0.0,97.0,1,97.0,Spring,2024,3,False,kaggle_shopping
271918,Handbag,Michael Kors,Accessories,77.0,0.0,77.0,1,77.0,Fall,2024,9,False,kaggle_shopping
272019,Pants,H&M,Men's Fashion,40.0,0.0,40.0,1,40.0,Winter,2024,1,False,kaggle_shopping
272120,Blouse,Zara,Men's Fashion,23.0,0.0,23.0,1,23.0,Winter,2024,1,False,kaggle_shopping
272221,Shoes,Adidas,Footwear,46.0,0.0,46.0,1,46.0,Winter,2024,1,False,kaggle_shopping
272322,Backpack,Fossil,Accessories,75.0,0.0,75.0,1,75.0,Spring,2024,3,False,kaggle_shopping
272423,Shoes,Puma,Footwear,76.0,0.0,76.0,1,76.0,Fall,2024,9,False,kaggle_shopping
272524,Dress,H&M,Men's Fashion,59.0,0.0,59.0,1,59.0,Summer,2024,8,False,kaggle_shopping
272625,Skirt,Zara,Men's Fashion,51.0,0.0,51.0,1,51.0,Summer,2024,8,False,kaggle_shopping
272726,Jacket,Patagonia,Women's Fashion,46.0,0.0,46.0,1,46.0,Fall,2024,9,False,kaggle_shopping
272827,Shirt,Zara,Men's Fashion,26.0,0.0,26.0,1,26.0,Fall,2024,9,False,kaggle_shopping
272928,Hoodie,Gap,Men's Fashion,51.0,0.0,51.0,1,51.0,Summer,2024,8,False,kaggle_shopping
273029,Scarf,Coach,Accessories,44.0,0.0,44.0,1,44.0,Winter,2024,1,False,kaggle_shopping
273130,Skirt,H&M,Men's Fashion,82.0,0.0,82.0,1,82.0,Spring,2024,3,False,kaggle_shopping
273231,Skirt,H&M,Men's Fashion,44.0,0.0,44.0,1,44.0,Summer,2024,8,False,kaggle_shopping
273332,Scarf,Michael Kors,Accessories,27.0,0.0,27.0,1,27.0,Fall,2024,9,False,kaggle_shopping
273433,Sunglasses,Fossil,Accessories,90.0,0.0,90.0,1,90.0,Fall,2024,9,False,kaggle_shopping
273534,Sandals,Puma,Footwear,58.0,0.0,58.0,1,58.0,Summer,2024,8,False,kaggle_shopping
273635,Hoodie,H&M,Men's Fashion,80.0,0.0,80.0,1,80.0,Spring,2024,3,False,kaggle_shopping
273736,Jacket,North Face,Women's Fashion,40.0,0.0,40.0,1,40.0,Winter,2024,1,False,kaggle_shopping
273837,Pants,H&M,Men's Fashion,23.0,0.0,23.0,1,23.0,Spring,2024,3,False,kaggle_shopping
273938,Shirt,Uniqlo,Men's Fashion,34.0,0.0,34.0,1,34.0,Spring,2024,3,False,kaggle_shopping
274039,Blouse,Uniqlo,Men's Fashion,35.0,0.0,35.0,1,35.0,Winter,2024,1,False,kaggle_shopping
274140,Skirt,Uniqlo,Men's Fashion,75.0,0.0,75.0,1,75.0,Summer,2024,8,False,kaggle_shopping
274241,Sunglasses,Kate Spade,Accessories,60.0,0.0,60.0,1,60.0,Winter,2024,1,False,kaggle_shopping
274342,Belt,Kate Spade,Accessories,87.0,0.0,87.0,1,87.0,Summer,2024,8,False,kaggle_shopping
274443,Gloves,Fossil,Accessories,41.0,0.0,41.0,1,41.0,Spring,2024,3,False,kaggle_shopping
274544,Pants,Uniqlo,Men's Fashion,83.0,0.0,83.0,1,83.0,Spring,2024,3,False,kaggle_shopping
274645,Scarf,Fossil,Accessories,81.0,0.0,81.0,1,81.0,Spring,2024,3,False,kaggle_shopping
274746,T-shirt,Uniqlo,Men's Fashion,56.0,0.0,56.0,1,56.0,Summer,2024,8,False,kaggle_shopping
274847,Shoes,Puma,Footwear,58.0,0.0,58.0,1,58.0,Summer,2024,8,False,kaggle_shopping
274948,Pants,Gap,Men's Fashion,84.0,0.0,84.0,1,84.0,Spring,2024,3,False,kaggle_shopping
275049,Gloves,Fossil,Accessories,21.0,0.0,21.0,1,21.0,Fall,2024,9,False,kaggle_shopping
275150,Socks,H&M,Men's Fashion,35.0,0.0,35.0,1,35.0,Summer,2024,8,False,kaggle_shopping
275251,Sneakers,Puma,Footwear,43.0,0.0,43.0,1,43.0,Summer,2024,8,False,kaggle_shopping
275352,Shorts,Zara,Men's Fashion,20.0,0.0,20.0,1,20.0,Summer,2024,8,False,kaggle_shopping
275453,Blouse,H&M,Men's Fashion,36.0,0.0,36.0,1,36.0,Fall,2024,9,False,kaggle_shopping
275554,Coat,Canada Goose,Women's Fashion,70.0,0.0,70.0,1,70.0,Fall,2024,9,False,kaggle_shopping
275655,Sunglasses,Michael Kors,Accessories,83.0,0.0,83.0,1,83.0,Summer,2024,8,False,kaggle_shopping
275756,Shorts,H&M,Men's Fashion,76.0,0.0,76.0,1,76.0,Winter,2024,1,False,kaggle_shopping
275857,Dress,Uniqlo,Men's Fashion,81.0,0.0,81.0,1,81.0,Summer,2024,8,False,kaggle_shopping
275958,Handbag,Michael Kors,Accessories,47.0,0.0,47.0,1,47.0,Summer,2024,8,False,kaggle_shopping
276059,Boots,Converse,Footwear,35.0,0.0,35.0,1,35.0,Summer,2024,8,False,kaggle_shopping
276160,Pants,Zara,Men's Fashion,85.0,0.0,85.0,1,85.0,Spring,2024,3,False,kaggle_shopping
276261,Boots,New Balance,Footwear,96.0,0.0,96.0,1,96.0,Fall,2024,9,False,kaggle_shopping
276362,Skirt,Forever 21,Men's Fashion,98.0,0.0,98.0,1,98.0,Summer,2024,8,False,kaggle_shopping
276463,Sneakers,New Balance,Footwear,52.0,0.0,52.0,1,52.0,Fall,2024,9,False,kaggle_shopping
276564,Jewelry,Kate Spade,Accessories,84.0,0.0,84.0,1,84.0,Winter,2024,1,False,kaggle_shopping
276665,T-shirt,Zara,Men's Fashion,71.0,0.0,71.0,1,71.0,Winter,2024,1,False,kaggle_shopping
276766,Sandals,Converse,Footwear,95.0,0.0,95.0,1,95.0,Winter,2024,1,False,kaggle_shopping
276867,Boots,Puma,Footwear,47.0,0.0,47.0,1,47.0,Summer,2024,8,False,kaggle_shopping
276968,Coat,Columbia,Women's Fashion,75.0,0.0,75.0,1,75.0,Summer,2024,8,False,kaggle_shopping
277069,Belt,Fossil,Accessories,28.0,0.0,28.0,1,28.0,Spring,2024,3,False,kaggle_shopping
277170,Sunglasses,Michael Kors,Accessories,44.0,0.0,44.0,1,44.0,Fall,2024,9,False,kaggle_shopping
277271,Sandals,Nike,Footwear,64.0,0.0,64.0,1,64.0,Winter,2024,1,False,kaggle_shopping
277372,Boots,Converse,Footwear,28.0,0.0,28.0,1,28.0,Spring,2024,3,False,kaggle_shopping
277473,Hoodie,Gap,Men's Fashion,21.0,0.0,21.0,1,21.0,Summer,2024,8,False,kaggle_shopping
277574,Hat,Fossil,Accessories,41.0,0.0,41.0,1,41.0,Fall,2024,9,False,kaggle_shopping
277675,Shorts,Uniqlo,Men's Fashion,38.0,0.0,38.0,1,38.0,Winter,2024,1,False,kaggle_shopping
277776,Backpack,Kate Spade,Accessories,77.0,0.0,77.0,1,77.0,Spring,2024,3,False,kaggle_shopping
277877,Shorts,H&M,Men's Fashion,43.0,0.0,43.0,1,43.0,Spring,2024,3,False,kaggle_shopping
277978,Belt,Coach,Accessories,91.0,0.0,91.0,1,91.0,Spring,2024,3,False,kaggle_shopping
278079,Shorts,Uniqlo,Men's Fashion,68.0,0.0,68.0,1,68.0,Spring,2024,3,False,kaggle_shopping
278180,Socks,Zara,Men's Fashion,37.0,0.0,37.0,1,37.0,Fall,2024,9,False,kaggle_shopping
278281,Shoes,Nike,Footwear,23.0,0.0,23.0,1,23.0,Summer,2024,8,False,kaggle_shopping
278382,Sneakers,Converse,Footwear,65.0,0.0,65.0,1,65.0,Winter,2024,1,False,kaggle_shopping
278483,Backpack,Fossil,Accessories,30.0,0.0,30.0,1,30.0,Summer,2024,8,False,kaggle_shopping
278584,Dress,H&M,Men's Fashion,45.0,0.0,45.0,1,45.0,Summer,2024,8,False,kaggle_shopping
278685,Boots,Puma,Footwear,25.0,0.0,25.0,1,25.0,Winter,2024,1,False,kaggle_shopping
278786,Socks,H&M,Men's Fashion,72.0,0.0,72.0,1,72.0,Winter,2024,1,False,kaggle_shopping
278887,Dress,Zara,Men's Fashion,75.0,0.0,75.0,1,75.0,Fall,2024,9,False,kaggle_shopping
278988,Handbag,Fossil,Accessories,63.0,0.0,63.0,1,63.0,Spring,2024,3,False,kaggle_shopping
279089,Blouse,Uniqlo,Men's Fashion,35.0,0.0,35.0,1,35.0,Fall,2024,9,False,kaggle_shopping
279190,Belt,Coach,Accessories,32.0,0.0,32.0,1,32.0,Summer,2024,8,False,kaggle_shopping
279291,Pants,H&M,Men's Fashion,25.0,0.0,25.0,1,25.0,Winter,2024,1,False,kaggle_shopping
279392,Sneakers,Converse,Footwear,90.0,0.0,90.0,1,90.0,Spring,2024,3,False,kaggle_shopping
279493,Boots,New Balance,Footwear,70.0,0.0,70.0,1,70.0,Summer,2024,8,False,kaggle_shopping
279594,Sunglasses,Kate Spade,Accessories,27.0,0.0,27.0,1,27.0,Spring,2024,3,False,kaggle_shopping
279695,Hat,Michael Kors,Accessories,92.0,0.0,92.0,1,92.0,Fall,2024,9,False,kaggle_shopping
279796,Coat,North Face,Women's Fashion,20.0,0.0,20.0,1,20.0,Spring,2024,3,False,kaggle_shopping
279897,Jacket,North Face,Women's Fashion,52.0,0.0,52.0,1,52.0,Winter,2024,1,False,kaggle_shopping
279998,Hoodie,H&M,Men's Fashion,57.0,0.0,57.0,1,57.0,Summer,2024,8,False,kaggle_shopping
280099,Boots,New Balance,Footwear,96.0,0.0,96.0,1,96.0,Fall,2024,9,False,kaggle_shopping
280100,T-shirt,Zara,Men's Fashion,68.0,0.0,68.0,1,68.0,Winter,2024,1,False,kaggle_shopping
280201,Sweater,H&M,Men's Fashion,30.0,0.0,30.0,1,30.0,Summer,2024,8,False,kaggle_shopping
280302,Shoes,Adidas,Footwear,37.0,0.0,37.0,1,37.0,Fall,2024,9,False,kaggle_shopping
280403,Scarf,Michael Kors,Accessories,42.0,0.0,42.0,1,42.0,Winter,2024,1,False,kaggle_shopping
280504,Dress,H&M,Men's Fashion,54.0,0.0,54.0,1,54.0,Spring,2024,3,False,kaggle_shopping
280605,Jacket,Columbia,Women's Fashion,81.0,0.0,81.0,1,81.0,Spring,2024,3,False,kaggle_shopping
280706,Shoes,New Balance,Footwear,40.0,0.0,40.0,1,40.0,Spring,2024,3,False,kaggle_shopping
280807,Backpack,Kate Spade,Accessories,88.0,0.0,88.0,1,88.0,Fall,2024,9,False,kaggle_shopping
280908,Dress,Zara,Men's Fashion,94.0,0.0,94.0,1,94.0,Summer,2024,8,False,kaggle_shopping
281009,Shirt,Gap,Men's Fashion,54.0,0.0,54.0,1,54.0,Winter,2024,1,False,kaggle_shopping
281110,Jacket,North Face,Women's Fashion,51.0,0.0,51.0,1,51.0,Summer,2024,8,False,kaggle_shopping
281211,Sunglasses,Kate Spade,Accessories,22.0,0.0,22.0,1,22.0,Spring,2024,3,False,kaggle_shopping
281312,Jacket,Patagonia,Women's Fashion,95.0,0.0,95.0,1,95.0,Fall,2024,9,False,kaggle_shopping
281413,Coat,North Face,Women's Fashion,57.0,0.0,57.0,1,57.0,Fall,2024,9,False,kaggle_shopping
281514,Sweater,H&M,Men's Fashion,45.0,0.0,45.0,1,45.0,Winter,2024,1,False,kaggle_shopping
281615,Sneakers,Puma,Footwear,92.0,0.0,92.0,1,92.0,Winter,2024,1,False,kaggle_shopping
281716,Shoes,Nike,Footwear,40.0,0.0,40.0,1,40.0,Spring,2024,3,False,kaggle_shopping
281817,Sunglasses,Coach,Accessories,62.0,0.0,62.0,1,62.0,Winter,2024,1,False,kaggle_shopping
281918,Shorts,H&M,Men's Fashion,90.0,0.0,90.0,1,90.0,Winter,2024,1,False,kaggle_shopping
282019,Hoodie,Uniqlo,Men's Fashion,82.0,0.0,82.0,1,82.0,Fall,2024,9,False,kaggle_shopping
282120,Scarf,Coach,Accessories,52.0,0.0,52.0,1,52.0,Spring,2024,3,False,kaggle_shopping
282221,Sandals,Adidas,Footwear,70.0,0.0,70.0,1,70.0,Spring,2024,3,False,kaggle_shopping
282322,Hat,Coach,Accessories,83.0,0.0,83.0,1,83.0,Spring,2024,3,False,kaggle_shopping
282423,Shoes,Adidas,Footwear,49.0,0.0,49.0,1,49.0,Summer,2024,8,False,kaggle_shopping
282524,Sneakers,Nike,Footwear,91.0,0.0,91.0,1,91.0,Spring,2024,3,False,kaggle_shopping
282625,Backpack,Kate Spade,Accessories,99.0,0.0,99.0,1,99.0,Summer,2024,8,False,kaggle_shopping
282726,Belt,Coach,Accessories,92.0,0.0,92.0,1,92.0,Winter,2024,1,False,kaggle_shopping
282827,Shirt,Zara,Men's Fashion,87.0,0.0,87.0,1,87.0,Winter,2024,1,False,kaggle_shopping
282928,Skirt,Forever 21,Men's Fashion,28.0,0.0,28.0,1,28.0,Winter,2024,1,False,kaggle_shopping
283029,Gloves,Coach,Accessories,71.0,0.0,71.0,1,71.0,Summer,2024,8,False,kaggle_shopping
283130,Gloves,Fossil,Accessories,32.0,0.0,32.0,1,32.0,Winter,2024,1,False,kaggle_shopping
283231,Handbag,Michael Kors,Accessories,33.0,0.0,33.0,1,33.0,Summer,2024,8,False,kaggle_shopping
283332,Socks,Zara,Men's Fashion,75.0,0.0,75.0,1,75.0,Winter,2024,1,False,kaggle_shopping
283433,Backpack,Coach,Accessories,83.0,0.0,83.0,1,83.0,Summer,2024,8,False,kaggle_shopping
283534,Jeans,H&M,Men's Fashion,93.0,0.0,93.0,1,93.0,Summer,2024,8,False,kaggle_shopping
283635,Skirt,Zara,Men's Fashion,29.0,0.0,29.0,1,29.0,Spring,2024,3,False,kaggle_shopping
283736,Hoodie,H&M,Men's Fashion,25.0,0.0,25.0,1,25.0,Spring,2024,3,False,kaggle_shopping
283837,Jewelry,Coach,Accessories,76.0,0.0,76.0,1,76.0,Spring,2024,3,False,kaggle_shopping
283938,Sneakers,New Balance,Footwear,81.0,0.0,81.0,1,81.0,Summer,2024,8,False,kaggle_shopping
284039,Shirt,Uniqlo,Men's Fashion,80.0,0.0,80.0,1,80.0,Winter,2024,1,False,kaggle_shopping
284140,Sunglasses,Fossil,Accessories,70.0,0.0,70.0,1,70.0,Summer,2024,8,False,kaggle_shopping
284241,Dress,Uniqlo,Men's Fashion,81.0,0.0,81.0,1,81.0,Fall,2024,9,False,kaggle_shopping
284342,Shoes,Nike,Footwear,86.0,0.0,86.0,1,86.0,Spring,2024,3,False,kaggle_shopping
284443,Belt,Kate Spade,Accessories,94.0,0.0,94.0,1,94.0,Fall,2024,9,False,kaggle_shopping
284544,Shirt,Zara,Men's Fashion,66.0,0.0,66.0,1,66.0,Winter,2024,1,False,kaggle_shopping
284645,Boots,Puma,Footwear,98.0,0.0,98.0,1,98.0,Summer,2024,8,False,kaggle_shopping
284746,Hoodie,Gap,Men's Fashion,25.0,0.0,25.0,1,25.0,Fall,2024,9,False,kaggle_shopping
284847,Jeans,Zara,Men's Fashion,62.0,0.0,62.0,1,62.0,Winter,2024,1,False,kaggle_shopping
284948,Jacket,Canada Goose,Women's Fashion,98.0,0.0,98.0,1,98.0,Spring,2024,3,False,kaggle_shopping
285049,Jacket,Columbia,Women's Fashion,53.0,0.0,53.0,1,53.0,Spring,2024,3,False,kaggle_shopping
285150,Sandals,Adidas,Footwear,66.0,0.0,66.0,1,66.0,Spring,2024,3,False,kaggle_shopping
285251,Dress,Gap,Men's Fashion,52.0,0.0,52.0,1,52.0,Fall,2024,9,False,kaggle_shopping
285352,Sweater,Forever 21,Men's Fashion,64.0,0.0,64.0,1,64.0,Winter,2024,1,False,kaggle_shopping
285453,Gloves,Fossil,Accessories,59.0,0.0,59.0,1,59.0,Spring,2024,3,False,kaggle_shopping
285554,Sunglasses,Kate Spade,Accessories,61.0,0.0,61.0,1,61.0,Summer,2024,8,False,kaggle_shopping
285655,Belt,Michael Kors,Accessories,97.0,0.0,97.0,1,97.0,Winter,2024,1,False,kaggle_shopping
285756,Hat,Fossil,Accessories,23.0,0.0,23.0,1,23.0,Winter,2024,1,False,kaggle_shopping
285857,Hat,Fossil,Accessories,98.0,0.0,98.0,1,98.0,Fall,2024,9,False,kaggle_shopping
285958,Blouse,Forever 21,Men's Fashion,98.0,0.0,98.0,1,98.0,Summer,2024,8,False,kaggle_shopping
286059,Shoes,Adidas,Footwear,59.0,0.0,59.0,1,59.0,Summer,2024,8,False,kaggle_shopping
286160,Skirt,H&M,Men's Fashion,82.0,0.0,82.0,1,82.0,Fall,2024,9,False,kaggle_shopping
286261,Sneakers,Puma,Footwear,82.0,0.0,82.0,1,82.0,Fall,2024,9,False,kaggle_shopping
286362,T-shirt,H&M,Men's Fashion,41.0,0.0,41.0,1,41.0,Fall,2024,9,False,kaggle_shopping
286463,Handbag,Coach,Accessories,52.0,0.0,52.0,1,52.0,Fall,2024,9,False,kaggle_shopping
286564,Sweater,H&M,Men's Fashion,41.0,0.0,41.0,1,41.0,Spring,2024,3,False,kaggle_shopping
286665,Gloves,Coach,Accessories,70.0,0.0,70.0,1,70.0,Summer,2024,8,False,kaggle_shopping
286766,Dress,Forever 21,Men's Fashion,91.0,0.0,91.0,1,91.0,Winter,2024,1,False,kaggle_shopping
286867,Dress,H&M,Men's Fashion,95.0,0.0,95.0,1,95.0,Spring,2024,3,False,kaggle_shopping
286968,Blouse,Gap,Men's Fashion,25.0,0.0,25.0,1,25.0,Spring,2024,3,False,kaggle_shopping
287069,Shirt,H&M,Men's Fashion,89.0,0.0,89.0,1,89.0,Fall,2024,9,False,kaggle_shopping
287170,Boots,Nike,Footwear,44.0,0.0,44.0,1,44.0,Fall,2024,9,False,kaggle_shopping
287271,Jacket,Patagonia,Women's Fashion,52.0,0.0,52.0,1,52.0,Summer,2024,8,False,kaggle_shopping
287372,Backpack,Fossil,Accessories,94.0,0.0,94.0,1,94.0,Spring,2024,3,False,kaggle_shopping
287473,Pants,Uniqlo,Men's Fashion,98.0,0.0,98.0,1,98.0,Spring,2024,3,False,kaggle_shopping
287574,Boots,Converse,Footwear,40.0,0.0,40.0,1,40.0,Fall,2024,9,False,kaggle_shopping
287675,Socks,H&M,Men's Fashion,25.0,0.0,25.0,1,25.0,Fall,2024,9,False,kaggle_shopping
287776,Scarf,Coach,Accessories,62.0,0.0,62.0,1,62.0,Fall,2024,9,False,kaggle_shopping
287877,Blouse,Zara,Men's Fashion,24.0,0.0,24.0,1,24.0,Fall,2024,9,False,kaggle_shopping
287978,Belt,Kate Spade,Accessories,57.0,0.0,57.0,1,57.0,Spring,2024,3,False,kaggle_shopping
288079,Sunglasses,Coach,Accessories,66.0,0.0,66.0,1,66.0,Winter,2024,1,False,kaggle_shopping
288180,Boots,Puma,Footwear,70.0,0.0,70.0,1,70.0,Winter,2024,1,False,kaggle_shopping
288281,Sandals,Adidas,Footwear,39.0,0.0,39.0,1,39.0,Spring,2024,3,False,kaggle_shopping
288382,Gloves,Fossil,Accessories,34.0,0.0,34.0,1,34.0,Spring,2024,3,False,kaggle_shopping
288483,Skirt,Uniqlo,Men's Fashion,38.0,0.0,38.0,1,38.0,Spring,2024,3,False,kaggle_shopping
288584,Skirt,Uniqlo,Men's Fashion,70.0,0.0,70.0,1,70.0,Winter,2024,1,False,kaggle_shopping
288685,Blouse,Zara,Men's Fashion,80.0,0.0,80.0,1,80.0,Summer,2024,8,False,kaggle_shopping
288786,Handbag,Kate Spade,Accessories,51.0,0.0,51.0,1,51.0,Spring,2024,3,False,kaggle_shopping
288887,Boots,Puma,Footwear,79.0,0.0,79.0,1,79.0,Spring,2024,3,False,kaggle_shopping
288988,Boots,Adidas,Footwear,92.0,0.0,92.0,1,92.0,Summer,2024,8,False,kaggle_shopping
289089,Sweater,H&M,Men's Fashion,85.0,0.0,85.0,1,85.0,Fall,2024,9,False,kaggle_shopping
289190,Socks,H&M,Men's Fashion,63.0,0.0,63.0,1,63.0,Spring,2024,3,False,kaggle_shopping
289291,Gloves,Coach,Accessories,60.0,0.0,60.0,1,60.0,Fall,2024,9,False,kaggle_shopping
289392,Shorts,H&M,Men's Fashion,44.0,0.0,44.0,1,44.0,Winter,2024,1,False,kaggle_shopping
289493,Boots,Nike,Footwear,57.0,0.0,57.0,1,57.0,Spring,2024,3,False,kaggle_shopping
289594,Jacket,North Face,Women's Fashion,24.0,0.0,24.0,1,24.0,Fall,2024,9,False,kaggle_shopping
289695,Scarf,Michael Kors,Accessories,35.0,0.0,35.0,1,35.0,Winter,2024,1,False,kaggle_shopping
289796,Jacket,North Face,Women's Fashion,73.0,0.0,73.0,1,73.0,Winter,2024,1,False,kaggle_shopping
289897,Jewelry,Coach,Accessories,42.0,0.0,42.0,1,42.0,Winter,2024,1,False,kaggle_shopping
289998,Hoodie,Uniqlo,Men's Fashion,20.0,0.0,20.0,1,20.0,Winter,2024,1,False,kaggle_shopping
290099,T-shirt,Zara,Men's Fashion,89.0,0.0,89.0,1,89.0,Spring,2024,3,False,kaggle_shopping
290100,Shirt,Gap,Men's Fashion,76.0,0.0,76.0,1,76.0,Fall,2024,9,False,kaggle_shopping
290201,Shirt,H&M,Men's Fashion,56.0,0.0,56.0,1,56.0,Winter,2024,1,False,kaggle_shopping
290302,Coat,Columbia,Women's Fashion,100.0,0.0,100.0,1,100.0,Fall,2024,9,False,kaggle_shopping
290403,T-shirt,Gap,Men's Fashion,44.0,0.0,44.0,1,44.0,Winter,2024,1,False,kaggle_shopping
290504,Hoodie,Zara,Men's Fashion,76.0,0.0,76.0,1,76.0,Spring,2024,3,False,kaggle_shopping
290605,Sunglasses,Michael Kors,Accessories,97.0,0.0,97.0,1,97.0,Fall,2024,9,False,kaggle_shopping
290706,Blouse,Uniqlo,Men's Fashion,39.0,0.0,39.0,1,39.0,Spring,2024,3,False,kaggle_shopping
290807,Hoodie,Zara,Men's Fashion,100.0,0.0,100.0,1,100.0,Spring,2024,3,False,kaggle_shopping
290908,Skirt,H&M,Men's Fashion,62.0,0.0,62.0,1,62.0,Spring,2024,3,False,kaggle_shopping
291009,Shorts,Forever 21,Men's Fashion,98.0,0.0,98.0,1,98.0,Summer,2024,8,False,kaggle_shopping
291110,Jeans,Gap,Men's Fashion,31.0,0.0,31.0,1,31.0,Summer,2024,8,False,kaggle_shopping
291211,Jacket,Columbia,Women's Fashion,89.0,0.0,89.0,1,89.0,Fall,2024,9,False,kaggle_shopping
291312,Hoodie,Zara,Men's Fashion,91.0,0.0,91.0,1,91.0,Fall,2024,9,False,kaggle_shopping
291413,Shirt,H&M,Men's Fashion,50.0,0.0,50.0,1,50.0,Summer,2024,8,False,kaggle_shopping
291514,T-shirt,Gap,Men's Fashion,32.0,0.0,32.0,1,32.0,Winter,2024,1,False,kaggle_shopping
291615,Blouse,Uniqlo,Men's Fashion,67.0,0.0,67.0,1,67.0,Fall,2024,9,False,kaggle_shopping
291716,Skirt,Uniqlo,Men's Fashion,28.0,0.0,28.0,1,28.0,Spring,2024,3,False,kaggle_shopping
291817,Backpack,Coach,Accessories,65.0,0.0,65.0,1,65.0,Winter,2024,1,False,kaggle_shopping
291918,Shorts,Gap,Men's Fashion,73.0,0.0,73.0,1,73.0,Fall,2024,9,False,kaggle_shopping
292019,Shirt,Forever 21,Men's Fashion,27.0,0.0,27.0,1,27.0,Spring,2024,3,False,kaggle_shopping
292120,Backpack,Kate Spade,Accessories,89.0,0.0,89.0,1,89.0,Summer,2024,8,False,kaggle_shopping
292221,Shoes,Adidas,Footwear,72.0,0.0,72.0,1,72.0,Summer,2024,8,False,kaggle_shopping
292322,Skirt,Zara,Men's Fashion,37.0,0.0,37.0,1,37.0,Fall,2024,9,False,kaggle_shopping
292423,Dress,Uniqlo,Men's Fashion,63.0,0.0,63.0,1,63.0,Summer,2024,8,False,kaggle_shopping
292524,Hat,Coach,Accessories,90.0,0.0,90.0,1,90.0,Fall,2024,9,False,kaggle_shopping
292625,Handbag,Michael Kors,Accessories,62.0,0.0,62.0,1,62.0,Winter,2024,1,False,kaggle_shopping
292726,Handbag,Fossil,Accessories,43.0,0.0,43.0,1,43.0,Fall,2024,9,False,kaggle_shopping
292827,Blouse,Zara,Men's Fashion,96.0,0.0,96.0,1,96.0,Fall,2024,9,False,kaggle_shopping
292928,Scarf,Fossil,Accessories,83.0,0.0,83.0,1,83.0,Fall,2024,9,False,kaggle_shopping
293029,Jewelry,Kate Spade,Accessories,67.0,0.0,67.0,1,67.0,Fall,2024,9,False,kaggle_shopping
293130,Skirt,Forever 21,Men's Fashion,90.0,0.0,90.0,1,90.0,Spring,2024,3,False,kaggle_shopping
293231,Hoodie,Zara,Men's Fashion,53.0,0.0,53.0,1,53.0,Winter,2024,1,False,kaggle_shopping
293332,Scarf,Michael Kors,Accessories,37.0,0.0,37.0,1,37.0,Summer,2024,8,False,kaggle_shopping
293433,Jeans,Uniqlo,Men's Fashion,56.0,0.0,56.0,1,56.0,Fall,2024,9,False,kaggle_shopping
293534,Jacket,North Face,Women's Fashion,43.0,0.0,43.0,1,43.0,Fall,2024,9,False,kaggle_shopping
293635,T-shirt,Forever 21,Men's Fashion,84.0,0.0,84.0,1,84.0,Winter,2024,1,False,kaggle_shopping
293736,Pants,Zara,Men's Fashion,50.0,0.0,50.0,1,50.0,Winter,2024,1,False,kaggle_shopping
293837,Shoes,Converse,Footwear,88.0,0.0,88.0,1,88.0,Summer,2024,8,False,kaggle_shopping
293938,Jacket,Canada Goose,Women's Fashion,50.0,0.0,50.0,1,50.0,Fall,2024,9,False,kaggle_shopping
294039,Scarf,Kate Spade,Accessories,80.0,0.0,80.0,1,80.0,Summer,2024,8,False,kaggle_shopping
294140,T-shirt,Uniqlo,Men's Fashion,47.0,0.0,47.0,1,47.0,Spring,2024,3,False,kaggle_shopping
294241,Dress,H&M,Men's Fashion,33.0,0.0,33.0,1,33.0,Winter,2024,1,False,kaggle_shopping
294342,Coat,North Face,Women's Fashion,100.0,0.0,100.0,1,100.0,Fall,2024,9,False,kaggle_shopping
294443,Sweater,Zara,Men's Fashion,26.0,0.0,26.0,1,26.0,Summer,2024,8,False,kaggle_shopping
294544,Hat,Kate Spade,Accessories,79.0,0.0,79.0,1,79.0,Summer,2024,8,False,kaggle_shopping
294645,Backpack,Fossil,Accessories,77.0,0.0,77.0,1,77.0,Summer,2024,8,False,kaggle_shopping
294746,Socks,Uniqlo,Men's Fashion,36.0,0.0,36.0,1,36.0,Fall,2024,9,False,kaggle_shopping
294847,Jewelry,Coach,Accessories,21.0,0.0,21.0,1,21.0,Winter,2024,1,False,kaggle_shopping
294948,Boots,Converse,Footwear,72.0,0.0,72.0,1,72.0,Fall,2024,9,False,kaggle_shopping
295049,Coat,Canada Goose,Women's Fashion,25.0,0.0,25.0,1,25.0,Spring,2024,3,False,kaggle_shopping
295150,Sweater,Forever 21,Men's Fashion,79.0,0.0,79.0,1,79.0,Spring,2024,3,False,kaggle_shopping
295251,Blouse,H&M,Men's Fashion,73.0,0.0,73.0,1,73.0,Summer,2024,8,False,kaggle_shopping
295352,Belt,Michael Kors,Accessories,71.0,0.0,71.0,1,71.0,Spring,2024,3,False,kaggle_shopping
295453,Hat,Michael Kors,Accessories,48.0,0.0,48.0,1,48.0,Winter,2024,1,False,kaggle_shopping
295554,Sandals,New Balance,Footwear,28.0,0.0,28.0,1,28.0,Fall,2024,9,False,kaggle_shopping
295655,Boots,Converse,Footwear,95.0,0.0,95.0,1,95.0,Winter,2024,1,False,kaggle_shopping
295756,Jacket,Columbia,Women's Fashion,48.0,0.0,48.0,1,48.0,Winter,2024,1,False,kaggle_shopping
295857,Dress,H&M,Men's Fashion,93.0,0.0,93.0,1,93.0,Spring,2024,3,False,kaggle_shopping
295958,Jeans,H&M,Men's Fashion,87.0,0.0,87.0,1,87.0,Summer,2024,8,False,kaggle_shopping
296059,Shorts,Gap,Men's Fashion,32.0,0.0,32.0,1,32.0,Fall,2024,9,False,kaggle_shopping
296160,Shirt,Zara,Men's Fashion,38.0,0.0,38.0,1,38.0,Spring,2024,3,False,kaggle_shopping
296261,Coat,North Face,Women's Fashion,54.0,0.0,54.0,1,54.0,Fall,2024,9,False,kaggle_shopping
296362,Coat,Patagonia,Women's Fashion,75.0,0.0,75.0,1,75.0,Summer,2024,8,False,kaggle_shopping
296463,T-shirt,Gap,Men's Fashion,56.0,0.0,56.0,1,56.0,Fall,2024,9,False,kaggle_shopping
296564,Sweater,Forever 21,Men's Fashion,43.0,0.0,43.0,1,43.0,Fall,2024,9,False,kaggle_shopping
296665,Skirt,H&M,Men's Fashion,97.0,0.0,97.0,1,97.0,Fall,2024,9,False,kaggle_shopping
296766,Blouse,Forever 21,Men's Fashion,75.0,0.0,75.0,1,75.0,Summer,2024,8,False,kaggle_shopping
296867,Sneakers,Nike,Footwear,55.0,0.0,55.0,1,55.0,Summer,2024,8,False,kaggle_shopping
296968,Backpack,Coach,Accessories,49.0,0.0,49.0,1,49.0,Winter,2024,1,False,kaggle_shopping
297069,Socks,Gap,Men's Fashion,58.0,0.0,58.0,1,58.0,Summer,2024,8,False,kaggle_shopping
297170,Jewelry,Coach,Accessories,34.0,0.0,34.0,1,34.0,Winter,2024,1,False,kaggle_shopping
297271,Shorts,Uniqlo,Men's Fashion,43.0,0.0,43.0,1,43.0,Summer,2024,8,False,kaggle_shopping
297372,Jewelry,Kate Spade,Accessories,48.0,0.0,48.0,1,48.0,Fall,2024,9,False,kaggle_shopping
297473,Sweater,H&M,Men's Fashion,40.0,0.0,40.0,1,40.0,Spring,2024,3,False,kaggle_shopping
297574,Shirt,Zara,Men's Fashion,29.0,0.0,29.0,1,29.0,Summer,2024,8,False,kaggle_shopping
297675,Pants,Gap,Men's Fashion,81.0,0.0,81.0,1,81.0,Fall,2024,9,False,kaggle_shopping
297776,Hoodie,Uniqlo,Men's Fashion,84.0,0.0,84.0,1,84.0,Spring,2024,3,False,kaggle_shopping
297877,Socks,Uniqlo,Men's Fashion,46.0,0.0,46.0,1,46.0,Summer,2024,8,False,kaggle_shopping
297978,Dress,Uniqlo,Men's Fashion,86.0,0.0,86.0,1,86.0,Summer,2024,8,False,kaggle_shopping
298079,Blouse,Forever 21,Men's Fashion,57.0,0.0,57.0,1,57.0,Winter,2024,1,False,kaggle_shopping
298180,Skirt,Gap,Men's Fashion,61.0,0.0,61.0,1,61.0,Winter,2024,1,False,kaggle_shopping
298281,Backpack,Coach,Accessories,90.0,0.0,90.0,1,90.0,Winter,2024,1,False,kaggle_shopping
298382,Blouse,Uniqlo,Men's Fashion,51.0,0.0,51.0,1,51.0,Winter,2024,1,False,kaggle_shopping
298483,Socks,H&M,Men's Fashion,48.0,0.0,48.0,1,48.0,Spring,2024,3,False,kaggle_shopping
298584,Boots,Nike,Footwear,50.0,0.0,50.0,1,50.0,Summer,2024,8,False,kaggle_shopping
298685,Backpack,Michael Kors,Accessories,82.0,0.0,82.0,1,82.0,Summer,2024,8,False,kaggle_shopping
298786,Hat,Fossil,Accessories,33.0,0.0,33.0,1,33.0,Spring,2024,3,False,kaggle_shopping
298887,Sandals,Nike,Footwear,28.0,0.0,28.0,1,28.0,Winter,2024,1,False,kaggle_shopping
298988,Hoodie,Zara,Men's Fashion,42.0,0.0,42.0,1,42.0,Spring,2024,3,False,kaggle_shopping
299089,Sunglasses,Michael Kors,Accessories,43.0,0.0,43.0,1,43.0,Fall,2024,9,False,kaggle_shopping
299190,Jeans,Forever 21,Men's Fashion,55.0,0.0,55.0,1,55.0,Winter,2024,1,False,kaggle_shopping
299291,T-shirt,Gap,Men's Fashion,73.0,0.0,73.0,1,73.0,Winter,2024,1,False,kaggle_shopping
299392,Dress,Zara,Men's Fashion,39.0,0.0,39.0,1,39.0,Spring,2024,3,False,kaggle_shopping
299493,Belt,Fossil,Accessories,20.0,0.0,20.0,1,20.0,Spring,2024,3,False,kaggle_shopping
299594,Jewelry,Fossil,Accessories,32.0,0.0,32.0,1,32.0,Spring,2024,3,False,kaggle_shopping
299695,Hoodie,Uniqlo,Men's Fashion,86.0,0.0,86.0,1,86.0,Summer,2024,8,False,kaggle_shopping
299796,Blouse,H&M,Men's Fashion,91.0,0.0,91.0,1,91.0,Summer,2024,8,False,kaggle_shopping
299897,Jacket,Columbia,Women's Fashion,59.0,0.0,59.0,1,59.0,Fall,2024,9,False,kaggle_shopping
299998,Sneakers,Nike,Footwear,33.0,0.0,33.0,1,33.0,Summer,2024,8,False,kaggle_shopping
300099,Boots,Puma,Footwear,64.0,0.0,64.0,1,64.0,Spring,2024,3,False,kaggle_shopping
300100,Blouse,Forever 21,Men's Fashion,67.0,0.0,67.0,1,67.0,Winter,2024,1,False,kaggle_shopping
300201,Blouse,Zara,Men's Fashion,43.0,0.0,43.0,1,43.0,Winter,2024,1,False,kaggle_shopping
300302,Boots,Nike,Footwear,32.0,0.0,32.0,1,32.0,Spring,2024,3,False,kaggle_shopping
300403,Scarf,Coach,Accessories,39.0,0.0,39.0,1,39.0,Spring,2024,3,False,kaggle_shopping
300504,Sandals,Adidas,Footwear,41.0,0.0,41.0,1,41.0,Spring,2024,3,False,kaggle_shopping
300605,Sunglasses,Kate Spade,Accessories,53.0,0.0,53.0,1,53.0,Winter,2024,1,False,kaggle_shopping
300706,Coat,Columbia,Women's Fashion,27.0,0.0,27.0,1,27.0,Spring,2024,3,False,kaggle_shopping
300807,Sunglasses,Fossil,Accessories,82.0,0.0,82.0,1,82.0,Summer,2024,8,False,kaggle_shopping
300908,Blouse,Zara,Men's Fashion,87.0,0.0,87.0,1,87.0,Winter,2024,1,False,kaggle_shopping
301009,Backpack,Michael Kors,Accessories,78.0,0.0,78.0,1,78.0,Winter,2024,1,False,kaggle_shopping
301110,Belt,Fossil,Accessories,32.0,0.0,32.0,1,32.0,Summer,2024,8,False,kaggle_shopping
301211,Socks,Forever 21,Men's Fashion,38.0,0.0,38.0,1,38.0,Fall,2024,9,False,kaggle_shopping
301312,Shoes,Nike,Footwear,37.0,0.0,37.0,1,37.0,Winter,2024,1,False,kaggle_shopping
301413,Coat,Columbia,Women's Fashion,83.0,0.0,83.0,1,83.0,Winter,2024,1,False,kaggle_shopping
301514,Sweater,Forever 21,Men's Fashion,72.0,0.0,72.0,1,72.0,Fall,2024,9,False,kaggle_shopping
301615,Shirt,Zara,Men's Fashion,30.0,0.0,30.0,1,30.0,Fall,2024,9,False,kaggle_shopping
301716,Shorts,H&M,Men's Fashion,66.0,0.0,66.0,1,66.0,Winter,2024,1,False,kaggle_shopping
301817,Shirt,Gap,Men's Fashion,45.0,0.0,45.0,1,45.0,Winter,2024,1,False,kaggle_shopping
301918,Sunglasses,Fossil,Accessories,73.0,0.0,73.0,1,73.0,Fall,2024,9,False,kaggle_shopping
302019,Shoes,Puma,Footwear,67.0,0.0,67.0,1,67.0,Winter,2024,1,False,kaggle_shopping
302120,Sunglasses,Fossil,Accessories,72.0,0.0,72.0,1,72.0,Spring,2024,3,False,kaggle_shopping
302221,Handbag,Michael Kors,Accessories,24.0,0.0,24.0,1,24.0,Fall,2024,9,False,kaggle_shopping
302322,Sunglasses,Fossil,Accessories,68.0,0.0,68.0,1,68.0,Winter,2024,1,False,kaggle_shopping
302423,Shirt,H&M,Men's Fashion,70.0,0.0,70.0,1,70.0,Spring,2024,3,False,kaggle_shopping
302524,Shirt,H&M,Men's Fashion,64.0,0.0,64.0,1,64.0,Winter,2024,1,False,kaggle_shopping
302625,Sweater,Gap,Men's Fashion,91.0,0.0,91.0,1,91.0,Spring,2024,3,False,kaggle_shopping
302726,Handbag,Michael Kors,Accessories,82.0,0.0,82.0,1,82.0,Winter,2024,1,False,kaggle_shopping
302827,Shirt,Zara,Men's Fashion,24.0,0.0,24.0,1,24.0,Summer,2024,8,False,kaggle_shopping
302928,Jewelry,Fossil,Accessories,80.0,0.0,80.0,1,80.0,Spring,2024,3,False,kaggle_shopping
303029,Socks,H&M,Men's Fashion,53.0,0.0,53.0,1,53.0,Winter,2024,1,False,kaggle_shopping
303130,T-shirt,Gap,Men's Fashion,50.0,0.0,50.0,1,50.0,Spring,2024,3,False,kaggle_shopping
303231,Jewelry,Kate Spade,Accessories,31.0,0.0,31.0,1,31.0,Fall,2024,9,False,kaggle_shopping
303332,Backpack,Michael Kors,Accessories,88.0,0.0,88.0,1,88.0,Spring,2024,3,False,kaggle_shopping
303433,Hat,Kate Spade,Accessories,52.0,0.0,52.0,1,52.0,Summer,2024,8,False,kaggle_shopping
303534,Gloves,Coach,Accessories,22.0,0.0,22.0,1,22.0,Fall,2024,9,False,kaggle_shopping
303635,Sneakers,Converse,Footwear,27.0,0.0,27.0,1,27.0,Spring,2024,3,False,kaggle_shopping
303736,Skirt,Uniqlo,Men's Fashion,34.0,0.0,34.0,1,34.0,Spring,2024,3,False,kaggle_shopping
303837,Handbag,Michael Kors,Accessories,39.0,0.0,39.0,1,39.0,Spring,2024,3,False,kaggle_shopping
303938,Sunglasses,Michael Kors,Accessories,53.0,0.0,53.0,1,53.0,Fall,2024,9,False,kaggle_shopping
304039,Sweater,Zara,Men's Fashion,46.0,0.0,46.0,1,46.0,Winter,2024,1,False,kaggle_shopping
304140,Handbag,Michael Kors,Accessories,85.0,0.0,85.0,1,85.0,Summer,2024,8,False,kaggle_shopping
304241,Skirt,Uniqlo,Men's Fashion,86.0,0.0,86.0,1,86.0,Spring,2024,3,False,kaggle_shopping
304342,Socks,Gap,Men's Fashion,63.0,0.0,63.0,1,63.0,Summer,2024,8,False,kaggle_shopping
304443,Shirt,Uniqlo,Men's Fashion,44.0,0.0,44.0,1,44.0,Spring,2024,3,False,kaggle_shopping
304544,Sneakers,New Balance,Footwear,95.0,0.0,95.0,1,95.0,Summer,2024,8,False,kaggle_shopping
304645,Belt,Kate Spade,Accessories,49.0,0.0,49.0,1,49.0,Summer,2024,8,False,kaggle_shopping
304746,Pants,H&M,Men's Fashion,77.0,0.0,77.0,1,77.0,Spring,2024,3,False,kaggle_shopping
304847,Jewelry,Coach,Accessories,63.0,0.0,63.0,1,63.0,Spring,2024,3,False,kaggle_shopping
304948,Pants,Forever 21,Men's Fashion,83.0,0.0,83.0,1,83.0,Winter,2024,1,False,kaggle_shopping
305049,Jewelry,Fossil,Accessories,93.0,0.0,93.0,1,93.0,Spring,2024,3,False,kaggle_shopping
305150,Jeans,Zara,Men's Fashion,91.0,0.0,91.0,1,91.0,Winter,2024,1,False,kaggle_shopping
305251,Scarf,Fossil,Accessories,99.0,0.0,99.0,1,99.0,Fall,2024,9,False,kaggle_shopping
305352,Belt,Kate Spade,Accessories,24.0,0.0,24.0,1,24.0,Spring,2024,3,False,kaggle_shopping
305453,Dress,Forever 21,Men's Fashion,82.0,0.0,82.0,1,82.0,Summer,2024,8,False,kaggle_shopping
305554,T-shirt,H&M,Men's Fashion,28.0,0.0,28.0,1,28.0,Winter,2024,1,False,kaggle_shopping
305655,Boots,New Balance,Footwear,67.0,0.0,67.0,1,67.0,Winter,2024,1,False,kaggle_shopping
305756,Dress,Uniqlo,Men's Fashion,88.0,0.0,88.0,1,88.0,Fall,2024,9,False,kaggle_shopping
305857,Jewelry,Michael Kors,Accessories,70.0,0.0,70.0,1,70.0,Fall,2024,9,False,kaggle_shopping
305958,Skirt,Uniqlo,Men's Fashion,100.0,0.0,100.0,1,100.0,Summer,2024,8,False,kaggle_shopping
306059,Handbag,Fossil,Accessories,28.0,0.0,28.0,1,28.0,Summer,2024,8,False,kaggle_shopping
306160,Coat,Columbia,Women's Fashion,48.0,0.0,48.0,1,48.0,Spring,2024,3,False,kaggle_shopping
306261,Hoodie,H&M,Men's Fashion,43.0,0.0,43.0,1,43.0,Fall,2024,9,False,kaggle_shopping
306362,Pants,Uniqlo,Men's Fashion,40.0,0.0,40.0,1,40.0,Fall,2024,9,False,kaggle_shopping
306463,Boots,Nike,Footwear,97.0,0.0,97.0,1,97.0,Spring,2024,3,False,kaggle_shopping
306564,Coat,North Face,Women's Fashion,25.0,0.0,25.0,1,25.0,Fall,2024,9,False,kaggle_shopping
306665,Scarf,Kate Spade,Accessories,45.0,0.0,45.0,1,45.0,Summer,2024,8,False,kaggle_shopping
306766,Boots,Puma,Footwear,49.0,0.0,49.0,1,49.0,Fall,2024,9,False,kaggle_shopping
306867,Sneakers,Adidas,Footwear,36.0,0.0,36.0,1,36.0,Summer,2024,8,False,kaggle_shopping
306968,Sweater,Zara,Men's Fashion,48.0,0.0,48.0,1,48.0,Fall,2024,9,False,kaggle_shopping
307069,Belt,Coach,Accessories,62.0,0.0,62.0,1,62.0,Fall,2024,9,False,kaggle_shopping
307170,Jewelry,Fossil,Accessories,74.0,0.0,74.0,1,74.0,Winter,2024,1,False,kaggle_shopping
307271,Handbag,Coach,Accessories,100.0,0.0,100.0,1,100.0,Fall,2024,9,False,kaggle_shopping
307372,Jacket,Canada Goose,Women's Fashion,39.0,0.0,39.0,1,39.0,Fall,2024,9,False,kaggle_shopping
307473,Boots,New Balance,Footwear,65.0,0.0,65.0,1,65.0,Summer,2024,8,False,kaggle_shopping
307574,Sneakers,Converse,Footwear,99.0,0.0,99.0,1,99.0,Summer,2024,8,False,kaggle_shopping
307675,Scarf,Michael Kors,Accessories,68.0,0.0,68.0,1,68.0,Winter,2024,1,False,kaggle_shopping
307776,Coat,Patagonia,Women's Fashion,97.0,0.0,97.0,1,97.0,Summer,2024,8,False,kaggle_shopping
307877,Shorts,Uniqlo,Men's Fashion,47.0,0.0,47.0,1,47.0,Winter,2024,1,False,kaggle_shopping
307978,Shorts,Gap,Men's Fashion,56.0,0.0,56.0,1,56.0,Spring,2024,3,False,kaggle_shopping
308079,Jeans,Forever 21,Men's Fashion,91.0,0.0,91.0,1,91.0,Fall,2024,9,False,kaggle_shopping
308180,Gloves,Kate Spade,Accessories,93.0,0.0,93.0,1,93.0,Fall,2024,9,False,kaggle_shopping
308281,Pants,Gap,Men's Fashion,36.0,0.0,36.0,1,36.0,Winter,2024,1,False,kaggle_shopping
308382,Dress,H&M,Men's Fashion,45.0,0.0,45.0,1,45.0,Summer,2024,8,False,kaggle_shopping
308483,Pants,Forever 21,Men's Fashion,44.0,0.0,44.0,1,44.0,Winter,2024,1,False,kaggle_shopping
308584,Gloves,Fossil,Accessories,32.0,0.0,32.0,1,32.0,Spring,2024,3,False,kaggle_shopping
308685,Belt,Coach,Accessories,36.0,0.0,36.0,1,36.0,Summer,2024,8,False,kaggle_shopping
308786,Belt,Coach,Accessories,85.0,0.0,85.0,1,85.0,Summer,2024,8,False,kaggle_shopping
308887,Skirt,H&M,Men's Fashion,36.0,0.0,36.0,1,36.0,Winter,2024,1,False,kaggle_shopping
308988,Socks,Gap,Men's Fashion,55.0,0.0,55.0,1,55.0,Spring,2024,3,False,kaggle_shopping
309089,Belt,Fossil,Accessories,20.0,0.0,20.0,1,20.0,Summer,2024,8,False,kaggle_shopping
309190,Shirt,Forever 21,Men's Fashion,91.0,0.0,91.0,1,91.0,Fall,2024,9,False,kaggle_shopping
309291,Dress,H&M,Men's Fashion,71.0,0.0,71.0,1,71.0,Summer,2024,8,False,kaggle_shopping
309392,Socks,H&M,Men's Fashion,64.0,0.0,64.0,1,64.0,Spring,2024,3,False,kaggle_shopping
309493,Jacket,North Face,Women's Fashion,21.0,0.0,21.0,1,21.0,Spring,2024,3,False,kaggle_shopping
309594,Sweater,Zara,Men's Fashion,100.0,0.0,100.0,1,100.0,Winter,2024,1,False,kaggle_shopping
309695,Jeans,Gap,Men's Fashion,96.0,0.0,96.0,1,96.0,Summer,2024,8,False,kaggle_shopping
309796,Jewelry,Fossil,Accessories,91.0,0.0,91.0,1,91.0,Spring,2024,3,False,kaggle_shopping
309897,Sweater,Forever 21,Men's Fashion,40.0,0.0,40.0,1,40.0,Spring,2024,3,False,kaggle_shopping
309998,Hoodie,Forever 21,Men's Fashion,53.0,0.0,53.0,1,53.0,Summer,2024,8,False,kaggle_shopping
310099,Sunglasses,Michael Kors,Accessories,48.0,0.0,48.0,1,48.0,Winter,2024,1,False,kaggle_shopping
310100,Sandals,New Balance,Footwear,70.0,0.0,70.0,1,70.0,Winter,2024,1,False,kaggle_shopping
310201,Coat,North Face,Women's Fashion,29.0,0.0,29.0,1,29.0,Summer,2024,8,False,kaggle_shopping
310302,Belt,Fossil,Accessories,29.0,0.0,29.0,1,29.0,Fall,2024,9,False,kaggle_shopping
310403,Blouse,Forever 21,Men's Fashion,53.0,0.0,53.0,1,53.0,Fall,2024,9,False,kaggle_shopping
310504,Skirt,Gap,Men's Fashion,79.0,0.0,79.0,1,79.0,Winter,2024,1,False,kaggle_shopping
310605,Shorts,Zara,Men's Fashion,65.0,0.0,65.0,1,65.0,Spring,2024,3,False,kaggle_shopping
310706,Dress,H&M,Men's Fashion,99.0,0.0,99.0,1,99.0,Summer,2024,8,False,kaggle_shopping
310807,Sunglasses,Fossil,Accessories,60.0,0.0,60.0,1,60.0,Winter,2024,1,False,kaggle_shopping
310908,Shoes,Converse,Footwear,86.0,0.0,86.0,1,86.0,Winter,2024,1,False,kaggle_shopping
311009,Belt,Fossil,Accessories,73.0,0.0,73.0,1,73.0,Winter,2024,1,False,kaggle_shopping
311110,Belt,Coach,Accessories,45.0,0.0,45.0,1,45.0,Winter,2024,1,False,kaggle_shopping
311211,Belt,Michael Kors,Accessories,70.0,0.0,70.0,1,70.0,Summer,2024,8,False,kaggle_shopping
311312,Belt,Coach,Accessories,65.0,0.0,65.0,1,65.0,Fall,2024,9,False,kaggle_shopping
311413,Skirt,Uniqlo,Men's Fashion,55.0,0.0,55.0,1,55.0,Summer,2024,8,False,kaggle_shopping
311514,T-shirt,Forever 21,Men's Fashion,65.0,0.0,65.0,1,65.0,Spring,2024,3,False,kaggle_shopping
311615,Scarf,Coach,Accessories,21.0,0.0,21.0,1,21.0,Spring,2024,3,False,kaggle_shopping
311716,Blouse,Forever 21,Men's Fashion,26.0,0.0,26.0,1,26.0,Summer,2024,8,False,kaggle_shopping
311817,Sunglasses,Fossil,Accessories,71.0,0.0,71.0,1,71.0,Summer,2024,8,False,kaggle_shopping
311918,Boots,Adidas,Footwear,41.0,0.0,41.0,1,41.0,Summer,2024,8,False,kaggle_shopping
312019,Jacket,Patagonia,Women's Fashion,44.0,0.0,44.0,1,44.0,Winter,2024,1,False,kaggle_shopping
312120,Jeans,Gap,Men's Fashion,81.0,0.0,81.0,1,81.0,Fall,2024,9,False,kaggle_shopping
312221,Sunglasses,Kate Spade,Accessories,77.0,0.0,77.0,1,77.0,Summer,2024,8,False,kaggle_shopping
312322,Sandals,Converse,Footwear,26.0,0.0,26.0,1,26.0,Fall,2024,9,False,kaggle_shopping
312423,Backpack,Coach,Accessories,31.0,0.0,31.0,1,31.0,Summer,2024,8,False,kaggle_shopping
312524,Blouse,H&M,Men's Fashion,82.0,0.0,82.0,1,82.0,Spring,2024,3,False,kaggle_shopping
312625,Shoes,Nike,Footwear,60.0,0.0,60.0,1,60.0,Summer,2024,8,False,kaggle_shopping
312726,Shirt,Gap,Men's Fashion,70.0,0.0,70.0,1,70.0,Fall,2024,9,False,kaggle_shopping
312827,Hoodie,Gap,Men's Fashion,26.0,0.0,26.0,1,26.0,Winter,2024,1,False,kaggle_shopping
312928,Dress,Uniqlo,Men's Fashion,100.0,0.0,100.0,1,100.0,Summer,2024,8,False,kaggle_shopping
313029,Dress,Gap,Men's Fashion,82.0,0.0,82.0,1,82.0,Summer,2024,8,False,kaggle_shopping
313130,Sneakers,New Balance,Footwear,24.0,0.0,24.0,1,24.0,Spring,2024,3,False,kaggle_shopping
313231,Blouse,Gap,Men's Fashion,74.0,0.0,74.0,1,74.0,Summer,2024,8,False,kaggle_shopping
313332,Backpack,Michael Kors,Accessories,58.0,0.0,58.0,1,58.0,Summer,2024,8,False,kaggle_shopping
313433,Sweater,Forever 21,Men's Fashion,56.0,0.0,56.0,1,56.0,Spring,2024,3,False,kaggle_shopping
313534,Boots,Nike,Footwear,37.0,0.0,37.0,1,37.0,Spring,2024,3,False,kaggle_shopping
313635,Handbag,Kate Spade,Accessories,64.0,0.0,64.0,1,64.0,Spring,2024,3,False,kaggle_shopping
313736,Hoodie,Forever 21,Men's Fashion,58.0,0.0,58.0,1,58.0,Spring,2024,3,False,kaggle_shopping
313837,Belt,Coach,Accessories,44.0,0.0,44.0,1,44.0,Summer,2024,8,False,kaggle_shopping
313938,Jewelry,Michael Kors,Accessories,39.0,0.0,39.0,1,39.0,Summer,2024,8,False,kaggle_shopping
314039,Blouse,H&M,Men's Fashion,48.0,0.0,48.0,1,48.0,Spring,2024,3,False,kaggle_shopping
314140,Handbag,Coach,Accessories,32.0,0.0,32.0,1,32.0,Fall,2024,9,False,kaggle_shopping
314241,Handbag,Coach,Accessories,79.0,0.0,79.0,1,79.0,Winter,2024,1,False,kaggle_shopping
314342,Coat,Columbia,Women's Fashion,27.0,0.0,27.0,1,27.0,Winter,2024,1,False,kaggle_shopping
314443,Belt,Michael Kors,Accessories,98.0,0.0,98.0,1,98.0,Fall,2024,9,False,kaggle_shopping
314544,Boots,Nike,Footwear,67.0,0.0,67.0,1,67.0,Winter,2024,1,False,kaggle_shopping
314645,Socks,Forever 21,Men's Fashion,37.0,0.0,37.0,1,37.0,Winter,2024,1,False,kaggle_shopping
314746,Shoes,Adidas,Footwear,49.0,0.0,49.0,1,49.0,Spring,2024,3,False,kaggle_shopping
314847,Sneakers,New Balance,Footwear,74.0,0.0,74.0,1,74.0,Fall,2024,9,False,kaggle_shopping
314948,Jewelry,Kate Spade,Accessories,93.0,0.0,93.0,1,93.0,Summer,2024,8,False,kaggle_shopping
315049,Handbag,Fossil,Accessories,60.0,0.0,60.0,1,60.0,Summer,2024,8,False,kaggle_shopping
315150,Coat,Columbia,Women's Fashion,76.0,0.0,76.0,1,76.0,Spring,2024,3,False,kaggle_shopping
315251,Sunglasses,Fossil,Accessories,64.0,0.0,64.0,1,64.0,Summer,2024,8,False,kaggle_shopping
315352,Shoes,Puma,Footwear,38.0,0.0,38.0,1,38.0,Spring,2024,3,False,kaggle_shopping
315453,Shoes,Converse,Footwear,91.0,0.0,91.0,1,91.0,Winter,2024,1,False,kaggle_shopping
315554,Boots,Nike,Footwear,70.0,0.0,70.0,1,70.0,Summer,2024,8,False,kaggle_shopping
315655,Sandals,Converse,Footwear,22.0,0.0,22.0,1,22.0,Fall,2024,9,False,kaggle_shopping
315756,Gloves,Kate Spade,Accessories,59.0,0.0,59.0,1,59.0,Spring,2024,3,False,kaggle_shopping
315857,Backpack,Kate Spade,Accessories,22.0,0.0,22.0,1,22.0,Spring,2024,3,False,kaggle_shopping
315958,Handbag,Fossil,Accessories,74.0,0.0,74.0,1,74.0,Winter,2024,1,False,kaggle_shopping
316059,Sweater,H&M,Men's Fashion,71.0,0.0,71.0,1,71.0,Spring,2024,3,False,kaggle_shopping
316160,Coat,Patagonia,Women's Fashion,80.0,0.0,80.0,1,80.0,Summer,2024,8,False,kaggle_shopping
316261,T-shirt,Zara,Men's Fashion,59.0,0.0,59.0,1,59.0,Fall,2024,9,False,kaggle_shopping
316362,Backpack,Michael Kors,Accessories,96.0,0.0,96.0,1,96.0,Fall,2024,9,False,kaggle_shopping
316463,Sunglasses,Coach,Accessories,43.0,0.0,43.0,1,43.0,Winter,2024,1,False,kaggle_shopping
316564,Belt,Michael Kors,Accessories,76.0,0.0,76.0,1,76.0,Winter,2024,1,False,kaggle_shopping
316665,Jacket,North Face,Women's Fashion,59.0,0.0,59.0,1,59.0,Fall,2024,9,False,kaggle_shopping
316766,Skirt,H&M,Men's Fashion,48.0,0.0,48.0,1,48.0,Summer,2024,8,False,kaggle_shopping
316867,Belt,Michael Kors,Accessories,22.0,0.0,22.0,1,22.0,Spring,2024,3,False,kaggle_shopping
316968,Boots,Nike,Footwear,40.0,0.0,40.0,1,40.0,Winter,2024,1,False,kaggle_shopping
317069,Jeans,H&M,Men's Fashion,73.0,0.0,73.0,1,73.0,Spring,2024,3,False,kaggle_shopping
317170,Shoes,Converse,Footwear,26.0,0.0,26.0,1,26.0,Fall,2024,9,False,kaggle_shopping
317271,Sweater,Uniqlo,Men's Fashion,41.0,0.0,41.0,1,41.0,Spring,2024,3,False,kaggle_shopping
317372,Jewelry,Fossil,Accessories,98.0,0.0,98.0,1,98.0,Spring,2024,3,False,kaggle_shopping
317473,Shirt,Forever 21,Men's Fashion,63.0,0.0,63.0,1,63.0,Winter,2024,1,False,kaggle_shopping
317574,Boots,Nike,Footwear,55.0,0.0,55.0,1,55.0,Winter,2024,1,False,kaggle_shopping
317675,Shorts,Forever 21,Men's Fashion,90.0,0.0,90.0,1,90.0,Winter,2024,1,False,kaggle_shopping
317776,Handbag,Coach,Accessories,46.0,0.0,46.0,1,46.0,Summer,2024,8,False,kaggle_shopping
317877,Sweater,Gap,Men's Fashion,88.0,0.0,88.0,1,88.0,Spring,2024,3,False,kaggle_shopping
317978,Belt,Michael Kors,Accessories,95.0,0.0,95.0,1,95.0,Spring,2024,3,False,kaggle_shopping
318079,Belt,Michael Kors,Accessories,31.0,0.0,31.0,1,31.0,Fall,2024,9,False,kaggle_shopping
318180,Hoodie,Zara,Men's Fashion,42.0,0.0,42.0,1,42.0,Spring,2024,3,False,kaggle_shopping
318281,Sneakers,Nike,Footwear,44.0,0.0,44.0,1,44.0,Winter,2024,1,False,kaggle_shopping
318382,T-shirt,Uniqlo,Men's Fashion,99.0,0.0,99.0,1,99.0,Spring,2024,3,False,kaggle_shopping
318483,Pants,Uniqlo,Men's Fashion,20.0,0.0,20.0,1,20.0,Summer,2024,8,False,kaggle_shopping
318584,Scarf,Michael Kors,Accessories,37.0,0.0,37.0,1,37.0,Spring,2024,3,False,kaggle_shopping
318685,Sweater,Forever 21,Men's Fashion,50.0,0.0,50.0,1,50.0,Winter,2024,1,False,kaggle_shopping
318786,Handbag,Michael Kors,Accessories,73.0,0.0,73.0,1,73.0,Summer,2024,8,False,kaggle_shopping
318887,Shirt,Uniqlo,Men's Fashion,84.0,0.0,84.0,1,84.0,Spring,2024,3,False,kaggle_shopping
318988,Dress,Uniqlo,Men's Fashion,64.0,0.0,64.0,1,64.0,Spring,2024,3,False,kaggle_shopping
319089,Sandals,Puma,Footwear,21.0,0.0,21.0,1,21.0,Fall,2024,9,False,kaggle_shopping
319190,Shirt,Uniqlo,Men's Fashion,36.0,0.0,36.0,1,36.0,Summer,2024,8,False,kaggle_shopping
319291,Dress,Uniqlo,Men's Fashion,81.0,0.0,81.0,1,81.0,Winter,2024,1,False,kaggle_shopping
319392,Sunglasses,Michael Kors,Accessories,54.0,0.0,54.0,1,54.0,Fall,2024,9,False,kaggle_shopping
319493,Socks,Zara,Men's Fashion,63.0,0.0,63.0,1,63.0,Summer,2024,8,False,kaggle_shopping
319594,Sandals,Adidas,Footwear,59.0,0.0,59.0,1,59.0,Summer,2024,8,False,kaggle_shopping
319695,Hat,Michael Kors,Accessories,53.0,0.0,53.0,1,53.0,Fall,2024,9,False,kaggle_shopping
319796,Shirt,Uniqlo,Men's Fashion,63.0,0.0,63.0,1,63.0,Winter,2024,1,False,kaggle_shopping
319897,Shoes,New Balance,Footwear,33.0,0.0,33.0,1,33.0,Fall,2024,9,False,kaggle_shopping
319998,Pants,Forever 21,Men's Fashion,64.0,0.0,64.0,1,64.0,Summer,2024,8,False,kaggle_shopping
320099,Shirt,Zara,Men's Fashion,98.0,0.0,98.0,1,98.0,Fall,2024,9,False,kaggle_shopping
320100,Hat,Fossil,Accessories,85.0,0.0,85.0,1,85.0,Winter,2024,1,False,kaggle_shopping
320201,Jewelry,Coach,Accessories,82.0,0.0,82.0,1,82.0,Summer,2024,8,False,kaggle_shopping
320302,Jacket,North Face,Women's Fashion,85.0,0.0,85.0,1,85.0,Summer,2024,8,False,kaggle_shopping
320403,Shirt,Gap,Men's Fashion,37.0,0.0,37.0,1,37.0,Winter,2024,1,False,kaggle_shopping
320504,Pants,Forever 21,Men's Fashion,56.0,0.0,56.0,1,56.0,Summer,2024,8,False,kaggle_shopping
320605,Skirt,Zara,Men's Fashion,33.0,0.0,33.0,1,33.0,Fall,2024,9,False,kaggle_shopping
320706,Sandals,Converse,Footwear,57.0,0.0,57.0,1,57.0,Winter,2024,1,False,kaggle_shopping
320807,Blouse,Uniqlo,Men's Fashion,31.0,0.0,31.0,1,31.0,Winter,2024,1,False,kaggle_shopping
320908,Socks,Gap,Men's Fashion,69.0,0.0,69.0,1,69.0,Fall,2024,9,False,kaggle_shopping
321009,Jacket,Columbia,Women's Fashion,92.0,0.0,92.0,1,92.0,Winter,2024,1,False,kaggle_shopping
321110,Handbag,Fossil,Accessories,46.0,0.0,46.0,1,46.0,Fall,2024,9,False,kaggle_shopping
321211,Belt,Fossil,Accessories,81.0,0.0,81.0,1,81.0,Spring,2024,3,False,kaggle_shopping
321312,Blouse,Uniqlo,Men's Fashion,97.0,0.0,97.0,1,97.0,Fall,2024,9,False,kaggle_shopping
321413,Shirt,Uniqlo,Men's Fashion,93.0,0.0,93.0,1,93.0,Summer,2024,8,False,kaggle_shopping
321514,Handbag,Fossil,Accessories,56.0,0.0,56.0,1,56.0,Spring,2024,3,False,kaggle_shopping
321615,Scarf,Coach,Accessories,53.0,0.0,53.0,1,53.0,Fall,2024,9,False,kaggle_shopping
321716,Coat,Columbia,Women's Fashion,66.0,0.0,66.0,1,66.0,Spring,2024,3,False,kaggle_shopping
321817,Hoodie,Uniqlo,Men's Fashion,50.0,0.0,50.0,1,50.0,Fall,2024,9,False,kaggle_shopping
321918,Shorts,H&M,Men's Fashion,97.0,0.0,97.0,1,97.0,Summer,2024,8,False,kaggle_shopping
322019,Sandals,Nike,Footwear,79.0,0.0,79.0,1,79.0,Winter,2024,1,False,kaggle_shopping
322120,Shirt,Uniqlo,Men's Fashion,76.0,0.0,76.0,1,76.0,Fall,2024,9,False,kaggle_shopping
322221,Hoodie,Forever 21,Men's Fashion,38.0,0.0,38.0,1,38.0,Fall,2024,9,False,kaggle_shopping
322322,Socks,Forever 21,Men's Fashion,45.0,0.0,45.0,1,45.0,Fall,2024,9,False,kaggle_shopping
322423,Handbag,Coach,Accessories,77.0,0.0,77.0,1,77.0,Fall,2024,9,False,kaggle_shopping
322524,Jewelry,Fossil,Accessories,51.0,0.0,51.0,1,51.0,Summer,2024,8,False,kaggle_shopping
322625,Coat,Canada Goose,Women's Fashion,26.0,0.0,26.0,1,26.0,Spring,2024,3,False,kaggle_shopping
322726,Sunglasses,Michael Kors,Accessories,76.0,0.0,76.0,1,76.0,Winter,2024,1,False,kaggle_shopping
322827,Gloves,Coach,Accessories,94.0,0.0,94.0,1,94.0,Winter,2024,1,False,kaggle_shopping
322928,Jacket,Columbia,Women's Fashion,32.0,0.0,32.0,1,32.0,Fall,2024,9,False,kaggle_shopping
323029,Sandals,Puma,Footwear,20.0,0.0,20.0,1,20.0,Summer,2024,8,False,kaggle_shopping
323130,Pants,Gap,Men's Fashion,20.0,0.0,20.0,1,20.0,Summer,2024,8,False,kaggle_shopping
323231,Jacket,Canada Goose,Women's Fashion,59.0,0.0,59.0,1,59.0,Fall,2024,9,False,kaggle_shopping
323332,Sweater,Forever 21,Men's Fashion,97.0,0.0,97.0,1,97.0,Summer,2024,8,False,kaggle_shopping
323433,T-shirt,Uniqlo,Men's Fashion,68.0,0.0,68.0,1,68.0,Spring,2024,3,False,kaggle_shopping
323534,Boots,Adidas,Footwear,66.0,0.0,66.0,1,66.0,Spring,2024,3,False,kaggle_shopping
323635,Shoes,Converse,Footwear,85.0,0.0,85.0,1,85.0,Spring,2024,3,False,kaggle_shopping
323736,Skirt,Uniqlo,Men's Fashion,32.0,0.0,32.0,1,32.0,Fall,2024,9,False,kaggle_shopping
323837,Coat,Canada Goose,Women's Fashion,44.0,0.0,44.0,1,44.0,Spring,2024,3,False,kaggle_shopping
323938,Blouse,Gap,Men's Fashion,95.0,0.0,95.0,1,95.0,Fall,2024,9,False,kaggle_shopping
324039,Sunglasses,Kate Spade,Accessories,85.0,0.0,85.0,1,85.0,Winter,2024,1,False,kaggle_shopping
324140,Gloves,Fossil,Accessories,44.0,0.0,44.0,1,44.0,Summer,2024,8,False,kaggle_shopping
324241,Sunglasses,Fossil,Accessories,30.0,0.0,30.0,1,30.0,Winter,2024,1,False,kaggle_shopping
324342,Sneakers,Adidas,Footwear,21.0,0.0,21.0,1,21.0,Winter,2024,1,False,kaggle_shopping
324443,Hoodie,Forever 21,Men's Fashion,22.0,0.0,22.0,1,22.0,Summer,2024,8,False,kaggle_shopping
324544,Boots,Adidas,Footwear,70.0,0.0,70.0,1,70.0,Spring,2024,3,False,kaggle_shopping
324645,Handbag,Michael Kors,Accessories,29.0,0.0,29.0,1,29.0,Spring,2024,3,False,kaggle_shopping
324746,Shirt,Gap,Men's Fashion,83.0,0.0,83.0,1,83.0,Winter,2024,1,False,kaggle_shopping
324847,Sweater,H&M,Men's Fashion,99.0,0.0,99.0,1,99.0,Winter,2024,1,False,kaggle_shopping
324948,Shorts,Uniqlo,Men's Fashion,35.0,0.0,35.0,1,35.0,Fall,2024,9,False,kaggle_shopping
325049,Belt,Coach,Accessories,40.0,0.0,40.0,1,40.0,Winter,2024,1,False,kaggle_shopping
325150,Blouse,Gap,Men's Fashion,25.0,0.0,25.0,1,25.0,Spring,2024,3,False,kaggle_shopping
325251,T-shirt,Forever 21,Men's Fashion,64.0,0.0,64.0,1,64.0,Fall,2024,9,False,kaggle_shopping
325352,Belt,Michael Kors,Accessories,90.0,0.0,90.0,1,90.0,Fall,2024,9,False,kaggle_shopping
325453,Socks,H&M,Men's Fashion,88.0,0.0,88.0,1,88.0,Fall,2024,9,False,kaggle_shopping
325554,Belt,Coach,Accessories,55.0,0.0,55.0,1,55.0,Winter,2024,1,False,kaggle_shopping
325655,Handbag,Michael Kors,Accessories,90.0,0.0,90.0,1,90.0,Fall,2024,9,False,kaggle_shopping
325756,Shirt,Gap,Men's Fashion,50.0,0.0,50.0,1,50.0,Winter,2024,1,False,kaggle_shopping
325857,Belt,Fossil,Accessories,34.0,0.0,34.0,1,34.0,Fall,2024,9,False,kaggle_shopping
325958,Jewelry,Michael Kors,Accessories,77.0,0.0,77.0,1,77.0,Winter,2024,1,False,kaggle_shopping
326059,Hat,Kate Spade,Accessories,89.0,0.0,89.0,1,89.0,Winter,2024,1,False,kaggle_shopping
326160,Backpack,Michael Kors,Accessories,87.0,0.0,87.0,1,87.0,Fall,2024,9,False,kaggle_shopping
326261,Dress,Gap,Men's Fashion,77.0,0.0,77.0,1,77.0,Winter,2024,1,False,kaggle_shopping
326362,Shoes,Puma,Footwear,85.0,0.0,85.0,1,85.0,Winter,2024,1,False,kaggle_shopping
326463,Pants,Uniqlo,Men's Fashion,66.0,0.0,66.0,1,66.0,Summer,2024,8,False,kaggle_shopping
326564,Dress,Forever 21,Men's Fashion,32.0,0.0,32.0,1,32.0,Winter,2024,1,False,kaggle_shopping
326665,Jacket,North Face,Women's Fashion,92.0,0.0,92.0,1,92.0,Spring,2024,3,False,kaggle_shopping
326766,Shirt,Zara,Men's Fashion,80.0,0.0,80.0,1,80.0,Winter,2024,1,False,kaggle_shopping
326867,Dress,Zara,Men's Fashion,78.0,0.0,78.0,1,78.0,Fall,2024,9,False,kaggle_shopping
326968,Jeans,Uniqlo,Men's Fashion,24.0,0.0,24.0,1,24.0,Spring,2024,3,False,kaggle_shopping
327069,T-shirt,Forever 21,Men's Fashion,59.0,0.0,59.0,1,59.0,Fall,2024,9,False,kaggle_shopping
327170,Sunglasses,Coach,Accessories,41.0,0.0,41.0,1,41.0,Spring,2024,3,False,kaggle_shopping
327271,Jewelry,Coach,Accessories,26.0,0.0,26.0,1,26.0,Spring,2024,3,False,kaggle_shopping
327372,Socks,Gap,Men's Fashion,52.0,0.0,52.0,1,52.0,Fall,2024,9,False,kaggle_shopping
327473,Skirt,Forever 21,Men's Fashion,46.0,0.0,46.0,1,46.0,Summer,2024,8,False,kaggle_shopping
327574,Pants,H&M,Men's Fashion,52.0,0.0,52.0,1,52.0,Winter,2024,1,False,kaggle_shopping
327675,Socks,Gap,Men's Fashion,42.0,0.0,42.0,1,42.0,Fall,2024,9,False,kaggle_shopping
327776,Sandals,Nike,Footwear,37.0,0.0,37.0,1,37.0,Spring,2024,3,False,kaggle_shopping
327877,Belt,Coach,Accessories,52.0,0.0,52.0,1,52.0,Fall,2024,9,False,kaggle_shopping
327978,Sandals,New Balance,Footwear,34.0,0.0,34.0,1,34.0,Spring,2024,3,False,kaggle_shopping
328079,Shorts,Zara,Men's Fashion,88.0,0.0,88.0,1,88.0,Spring,2024,3,False,kaggle_shopping
328180,Handbag,Fossil,Accessories,88.0,0.0,88.0,1,88.0,Fall,2024,9,False,kaggle_shopping
328281,Jacket,Columbia,Women's Fashion,51.0,0.0,51.0,1,51.0,Summer,2024,8,False,kaggle_shopping
328382,Sunglasses,Coach,Accessories,97.0,0.0,97.0,1,97.0,Fall,2024,9,False,kaggle_shopping
328483,Sneakers,Puma,Footwear,56.0,0.0,56.0,1,56.0,Winter,2024,1,False,kaggle_shopping
328584,Sweater,Zara,Men's Fashion,53.0,0.0,53.0,1,53.0,Spring,2024,3,False,kaggle_shopping
328685,Skirt,Uniqlo,Men's Fashion,71.0,0.0,71.0,1,71.0,Fall,2024,9,False,kaggle_shopping
328786,Jewelry,Kate Spade,Accessories,93.0,0.0,93.0,1,93.0,Winter,2024,1,False,kaggle_shopping
328887,Blouse,Forever 21,Men's Fashion,72.0,0.0,72.0,1,72.0,Winter,2024,1,False,kaggle_shopping
328988,Blouse,Zara,Men's Fashion,59.0,0.0,59.0,1,59.0,Winter,2024,1,False,kaggle_shopping
329089,Boots,Converse,Footwear,87.0,0.0,87.0,1,87.0,Summer,2024,8,False,kaggle_shopping
329190,Jeans,H&M,Men's Fashion,78.0,0.0,78.0,1,78.0,Fall,2024,9,False,kaggle_shopping
329291,Hoodie,H&M,Men's Fashion,68.0,0.0,68.0,1,68.0,Winter,2024,1,False,kaggle_shopping
329392,Sweater,Forever 21,Men's Fashion,76.0,0.0,76.0,1,76.0,Fall,2024,9,False,kaggle_shopping
329493,Gloves,Kate Spade,Accessories,99.0,0.0,99.0,1,99.0,Winter,2024,1,False,kaggle_shopping
329594,Sneakers,Puma,Footwear,52.0,0.0,52.0,1,52.0,Summer,2024,8,False,kaggle_shopping
329695,Sunglasses,Fossil,Accessories,58.0,0.0,58.0,1,58.0,Spring,2024,3,False,kaggle_shopping
329796,Belt,Coach,Accessories,59.0,0.0,59.0,1,59.0,Winter,2024,1,False,kaggle_shopping
329897,Sweater,Uniqlo,Men's Fashion,71.0,0.0,71.0,1,71.0,Spring,2024,3,False,kaggle_shopping
329998,Gloves,Coach,Accessories,94.0,0.0,94.0,1,94.0,Winter,2024,1,False,kaggle_shopping
330099,Handbag,Kate Spade,Accessories,40.0,0.0,40.0,1,40.0,Winter,2024,1,False,kaggle_shopping
330100,Socks,Forever 21,Men's Fashion,24.0,0.0,24.0,1,24.0,Spring,2024,3,False,kaggle_shopping
330201,Pants,Forever 21,Men's Fashion,38.0,0.0,38.0,1,38.0,Fall,2024,9,False,kaggle_shopping
330302,Scarf,Kate Spade,Accessories,37.0,0.0,37.0,1,37.0,Fall,2024,9,False,kaggle_shopping
330403,Coat,North Face,Women's Fashion,29.0,0.0,29.0,1,29.0,Spring,2024,3,False,kaggle_shopping
330504,Jacket,Columbia,Women's Fashion,92.0,0.0,92.0,1,92.0,Fall,2024,9,False,kaggle_shopping
330605,Hoodie,Uniqlo,Men's Fashion,24.0,0.0,24.0,1,24.0,Fall,2024,9,False,kaggle_shopping
330706,Boots,Nike,Footwear,52.0,0.0,52.0,1,52.0,Winter,2024,1,False,kaggle_shopping
330807,Socks,Zara,Men's Fashion,29.0,0.0,29.0,1,29.0,Summer,2024,8,False,kaggle_shopping
330908,Jewelry,Michael Kors,Accessories,30.0,0.0,30.0,1,30.0,Winter,2024,1,False,kaggle_shopping
331009,Shoes,New Balance,Footwear,31.0,0.0,31.0,1,31.0,Fall,2024,9,False,kaggle_shopping
331110,Socks,Forever 21,Men's Fashion,67.0,0.0,67.0,1,67.0,Summer,2024,8,False,kaggle_shopping
331211,Pants,H&M,Men's Fashion,65.0,0.0,65.0,1,65.0,Winter,2024,1,False,kaggle_shopping
331312,Sneakers,Puma,Footwear,22.0,0.0,22.0,1,22.0,Winter,2024,1,False,kaggle_shopping
331413,Sunglasses,Kate Spade,Accessories,56.0,0.0,56.0,1,56.0,Winter,2024,1,False,kaggle_shopping
331514,Skirt,Uniqlo,Men's Fashion,78.0,0.0,78.0,1,78.0,Spring,2024,3,False,kaggle_shopping
331615,Coat,Canada Goose,Women's Fashion,90.0,0.0,90.0,1,90.0,Summer,2024,8,False,kaggle_shopping
331716,Hoodie,Forever 21,Men's Fashion,85.0,0.0,85.0,1,85.0,Winter,2024,1,False,kaggle_shopping
331817,Sunglasses,Kate Spade,Accessories,58.0,0.0,58.0,1,58.0,Fall,2024,9,False,kaggle_shopping
331918,Skirt,Forever 21,Men's Fashion,34.0,0.0,34.0,1,34.0,Fall,2024,9,False,kaggle_shopping
332019,Coat,Patagonia,Women's Fashion,40.0,0.0,40.0,1,40.0,Summer,2024,8,False,kaggle_shopping
332120,Handbag,Kate Spade,Accessories,29.0,0.0,29.0,1,29.0,Fall,2024,9,False,kaggle_shopping
332221,T-shirt,Zara,Men's Fashion,76.0,0.0,76.0,1,76.0,Winter,2024,1,False,kaggle_shopping
332322,Sunglasses,Kate Spade,Accessories,84.0,0.0,84.0,1,84.0,Fall,2024,9,False,kaggle_shopping
332423,Shirt,H&M,Men's Fashion,65.0,0.0,65.0,1,65.0,Spring,2024,3,False,kaggle_shopping
332524,Hoodie,Gap,Men's Fashion,80.0,0.0,80.0,1,80.0,Winter,2024,1,False,kaggle_shopping
332625,Blouse,Zara,Men's Fashion,98.0,0.0,98.0,1,98.0,Fall,2024,9,False,kaggle_shopping
332726,Sneakers,Converse,Footwear,71.0,0.0,71.0,1,71.0,Spring,2024,3,False,kaggle_shopping
332827,Scarf,Michael Kors,Accessories,69.0,0.0,69.0,1,69.0,Fall,2024,9,False,kaggle_shopping
332928,Jewelry,Kate Spade,Accessories,95.0,0.0,95.0,1,95.0,Spring,2024,3,False,kaggle_shopping
333029,Pants,Gap,Men's Fashion,67.0,0.0,67.0,1,67.0,Fall,2024,9,False,kaggle_shopping
333130,Sneakers,Adidas,Footwear,49.0,0.0,49.0,1,49.0,Summer,2024,8,False,kaggle_shopping
333231,Shoes,Adidas,Footwear,97.0,0.0,97.0,1,97.0,Winter,2024,1,False,kaggle_shopping
333332,T-shirt,H&M,Men's Fashion,34.0,0.0,34.0,1,34.0,Spring,2024,3,False,kaggle_shopping
333433,Belt,Michael Kors,Accessories,74.0,0.0,74.0,1,74.0,Fall,2024,9,False,kaggle_shopping
333534,Jewelry,Michael Kors,Accessories,96.0,0.0,96.0,1,96.0,Winter,2024,1,False,kaggle_shopping
333635,Belt,Fossil,Accessories,68.0,0.0,68.0,1,68.0,Summer,2024,8,False,kaggle_shopping
333736,Belt,Fossil,Accessories,84.0,0.0,84.0,1,84.0,Fall,2024,9,False,kaggle_shopping
333837,T-shirt,H&M,Men's Fashion,57.0,0.0,57.0,1,57.0,Summer,2024,8,False,kaggle_shopping
333938,Sneakers,Nike,Footwear,84.0,0.0,84.0,1,84.0,Fall,2024,9,False,kaggle_shopping
334039,Sunglasses,Coach,Accessories,32.0,0.0,32.0,1,32.0,Fall,2024,9,False,kaggle_shopping
334140,Sandals,Nike,Footwear,37.0,0.0,37.0,1,37.0,Fall,2024,9,False,kaggle_shopping
334241,Handbag,Coach,Accessories,58.0,0.0,58.0,1,58.0,Summer,2024,8,False,kaggle_shopping
334342,Socks,Uniqlo,Men's Fashion,74.0,0.0,74.0,1,74.0,Fall,2024,9,False,kaggle_shopping
334443,Hoodie,Forever 21,Men's Fashion,99.0,0.0,99.0,1,99.0,Summer,2024,8,False,kaggle_shopping
334544,Sweater,Uniqlo,Men's Fashion,81.0,0.0,81.0,1,81.0,Fall,2024,9,False,kaggle_shopping
334645,Pants,Forever 21,Men's Fashion,76.0,0.0,76.0,1,76.0,Fall,2024,9,False,kaggle_shopping
334746,Sneakers,Adidas,Footwear,98.0,0.0,98.0,1,98.0,Summer,2024,8,False,kaggle_shopping
334847,Gloves,Fossil,Accessories,91.0,0.0,91.0,1,91.0,Summer,2024,8,False,kaggle_shopping
334948,T-shirt,Gap,Men's Fashion,79.0,0.0,79.0,1,79.0,Summer,2024,8,False,kaggle_shopping
335049,Backpack,Coach,Accessories,83.0,0.0,83.0,1,83.0,Summer,2024,8,False,kaggle_shopping
335150,Coat,North Face,Women's Fashion,90.0,0.0,90.0,1,90.0,Spring,2024,3,False,kaggle_shopping
335251,Coat,Columbia,Women's Fashion,20.0,0.0,20.0,1,20.0,Winter,2024,1,False,kaggle_shopping
335352,Sandals,Nike,Footwear,21.0,0.0,21.0,1,21.0,Spring,2024,3,False,kaggle_shopping
335453,Backpack,Kate Spade,Accessories,60.0,0.0,60.0,1,60.0,Fall,2024,9,False,kaggle_shopping
335554,Sweater,H&M,Men's Fashion,31.0,0.0,31.0,1,31.0,Winter,2024,1,False,kaggle_shopping
335655,Shorts,Zara,Men's Fashion,40.0,0.0,40.0,1,40.0,Fall,2024,9,False,kaggle_shopping
335756,Sunglasses,Coach,Accessories,26.0,0.0,26.0,1,26.0,Winter,2024,1,False,kaggle_shopping
335857,Shirt,Uniqlo,Men's Fashion,98.0,0.0,98.0,1,98.0,Fall,2024,9,False,kaggle_shopping
335958,Shoes,Nike,Footwear,51.0,0.0,51.0,1,51.0,Spring,2024,3,False,kaggle_shopping
336059,Hat,Fossil,Accessories,95.0,0.0,95.0,1,95.0,Fall,2024,9,False,kaggle_shopping
336160,Scarf,Kate Spade,Accessories,36.0,0.0,36.0,1,36.0,Summer,2024,8,False,kaggle_shopping
336261,Belt,Kate Spade,Accessories,52.0,0.0,52.0,1,52.0,Winter,2024,1,False,kaggle_shopping
336362,T-shirt,Zara,Men's Fashion,35.0,0.0,35.0,1,35.0,Spring,2024,3,False,kaggle_shopping
336463,Shorts,H&M,Men's Fashion,68.0,0.0,68.0,1,68.0,Fall,2024,9,False,kaggle_shopping
336564,Pants,H&M,Men's Fashion,50.0,0.0,50.0,1,50.0,Winter,2024,1,False,kaggle_shopping
336665,Sunglasses,Coach,Accessories,100.0,0.0,100.0,1,100.0,Winter,2024,1,False,kaggle_shopping
336766,Coat,Columbia,Women's Fashion,74.0,0.0,74.0,1,74.0,Winter,2024,1,False,kaggle_shopping
336867,Hoodie,Zara,Men's Fashion,45.0,0.0,45.0,1,45.0,Winter,2024,1,False,kaggle_shopping
336968,Dress,H&M,Men's Fashion,97.0,0.0,97.0,1,97.0,Fall,2024,9,False,kaggle_shopping
337069,Blouse,Uniqlo,Men's Fashion,60.0,0.0,60.0,1,60.0,Winter,2024,1,False,kaggle_shopping
337170,Socks,Zara,Men's Fashion,25.0,0.0,25.0,1,25.0,Winter,2024,1,False,kaggle_shopping
337271,Socks,Uniqlo,Men's Fashion,55.0,0.0,55.0,1,55.0,Spring,2024,3,False,kaggle_shopping
337372,Shoes,Puma,Footwear,99.0,0.0,99.0,1,99.0,Winter,2024,1,False,kaggle_shopping
337473,Belt,Kate Spade,Accessories,45.0,0.0,45.0,1,45.0,Summer,2024,8,False,kaggle_shopping
337574,Sweater,H&M,Men's Fashion,20.0,0.0,20.0,1,20.0,Spring,2024,3,False,kaggle_shopping
337675,Pants,Gap,Men's Fashion,88.0,0.0,88.0,1,88.0,Summer,2024,8,False,kaggle_shopping
337776,Scarf,Coach,Accessories,99.0,0.0,99.0,1,99.0,Summer,2024,8,False,kaggle_shopping
337877,Skirt,Zara,Men's Fashion,86.0,0.0,86.0,1,86.0,Spring,2024,3,False,kaggle_shopping
337978,Dress,Zara,Men's Fashion,70.0,0.0,70.0,1,70.0,Summer,2024,8,False,kaggle_shopping
338079,Hat,Kate Spade,Accessories,50.0,0.0,50.0,1,50.0,Fall,2024,9,False,kaggle_shopping
338180,Handbag,Coach,Accessories,57.0,0.0,57.0,1,57.0,Winter,2024,1,False,kaggle_shopping
338281,Pants,Uniqlo,Men's Fashion,69.0,0.0,69.0,1,69.0,Winter,2024,1,False,kaggle_shopping
338382,T-shirt,H&M,Men's Fashion,94.0,0.0,94.0,1,94.0,Fall,2024,9,False,kaggle_shopping
338483,Jacket,Patagonia,Women's Fashion,24.0,0.0,24.0,1,24.0,Spring,2024,3,False,kaggle_shopping
338584,Scarf,Michael Kors,Accessories,79.0,0.0,79.0,1,79.0,Spring,2024,3,False,kaggle_shopping
338685,Hat,Michael Kors,Accessories,31.0,0.0,31.0,1,31.0,Fall,2024,9,False,kaggle_shopping
338786,Jacket,North Face,Women's Fashion,67.0,0.0,67.0,1,67.0,Winter,2024,1,False,kaggle_shopping
338887,Skirt,Zara,Men's Fashion,63.0,0.0,63.0,1,63.0,Spring,2024,3,False,kaggle_shopping
338988,Handbag,Michael Kors,Accessories,61.0,0.0,61.0,1,61.0,Spring,2024,3,False,kaggle_shopping
339089,Backpack,Kate Spade,Accessories,50.0,0.0,50.0,1,50.0,Summer,2024,8,False,kaggle_shopping
339190,Coat,Patagonia,Women's Fashion,82.0,0.0,82.0,1,82.0,Spring,2024,3,False,kaggle_shopping
339291,Belt,Kate Spade,Accessories,51.0,0.0,51.0,1,51.0,Fall,2024,9,False,kaggle_shopping
339392,Handbag,Michael Kors,Accessories,23.0,0.0,23.0,1,23.0,Spring,2024,3,False,kaggle_shopping
339493,Coat,North Face,Women's Fashion,91.0,0.0,91.0,1,91.0,Spring,2024,3,False,kaggle_shopping
339594,Sweater,Gap,Men's Fashion,60.0,0.0,60.0,1,60.0,Spring,2024,3,False,kaggle_shopping
339695,Blouse,H&M,Men's Fashion,34.0,0.0,34.0,1,34.0,Summer,2024,8,False,kaggle_shopping
339796,Blouse,H&M,Men's Fashion,23.0,0.0,23.0,1,23.0,Spring,2024,3,False,kaggle_shopping
339897,Belt,Fossil,Accessories,82.0,0.0,82.0,1,82.0,Fall,2024,9,False,kaggle_shopping
339998,Jacket,Patagonia,Women's Fashion,73.0,0.0,73.0,1,73.0,Fall,2024,9,False,kaggle_shopping
340099,Shorts,Zara,Men's Fashion,32.0,0.0,32.0,1,32.0,Spring,2024,3,False,kaggle_shopping
340100,Hat,Michael Kors,Accessories,80.0,0.0,80.0,1,80.0,Spring,2024,3,False,kaggle_shopping
340201,Pants,H&M,Men's Fashion,58.0,0.0,58.0,1,58.0,Summer,2024,8,False,kaggle_shopping
340302,Blouse,Uniqlo,Men's Fashion,82.0,0.0,82.0,1,82.0,Winter,2024,1,False,kaggle_shopping
340403,Belt,Kate Spade,Accessories,60.0,0.0,60.0,1,60.0,Summer,2024,8,False,kaggle_shopping
340504,Handbag,Kate Spade,Accessories,79.0,0.0,79.0,1,79.0,Fall,2024,9,False,kaggle_shopping
340605,Hoodie,H&M,Men's Fashion,41.0,0.0,41.0,1,41.0,Summer,2024,8,False,kaggle_shopping
340706,Jacket,Columbia,Women's Fashion,39.0,0.0,39.0,1,39.0,Summer,2024,8,False,kaggle_shopping
340807,Scarf,Coach,Accessories,36.0,0.0,36.0,1,36.0,Winter,2024,1,False,kaggle_shopping
340908,Jeans,Zara,Men's Fashion,70.0,0.0,70.0,1,70.0,Fall,2024,9,False,kaggle_shopping
341009,Handbag,Fossil,Accessories,47.0,0.0,47.0,1,47.0,Summer,2024,8,False,kaggle_shopping
341110,Jacket,Columbia,Women's Fashion,27.0,0.0,27.0,1,27.0,Winter,2024,1,False,kaggle_shopping
341211,Hat,Fossil,Accessories,52.0,0.0,52.0,1,52.0,Summer,2024,8,False,kaggle_shopping
341312,Sneakers,Puma,Footwear,75.0,0.0,75.0,1,75.0,Summer,2024,8,False,kaggle_shopping
341413,Hat,Coach,Accessories,30.0,0.0,30.0,1,30.0,Fall,2024,9,False,kaggle_shopping
341514,Socks,Forever 21,Men's Fashion,94.0,0.0,94.0,1,94.0,Spring,2024,3,False,kaggle_shopping
341615,Scarf,Fossil,Accessories,68.0,0.0,68.0,1,68.0,Summer,2024,8,False,kaggle_shopping
341716,Socks,Zara,Men's Fashion,45.0,0.0,45.0,1,45.0,Summer,2024,8,False,kaggle_shopping
341817,Hat,Coach,Accessories,67.0,0.0,67.0,1,67.0,Summer,2024,8,False,kaggle_shopping
341918,Jacket,Columbia,Women's Fashion,46.0,0.0,46.0,1,46.0,Summer,2024,8,False,kaggle_shopping
342019,Shorts,Forever 21,Men's Fashion,31.0,0.0,31.0,1,31.0,Summer,2024,8,False,kaggle_shopping
342120,Blouse,Gap,Men's Fashion,44.0,0.0,44.0,1,44.0,Fall,2024,9,False,kaggle_shopping
342221,Coat,Columbia,Women's Fashion,100.0,0.0,100.0,1,100.0,Winter,2024,1,False,kaggle_shopping
342322,Sweater,Gap,Men's Fashion,92.0,0.0,92.0,1,92.0,Winter,2024,1,False,kaggle_shopping
342423,Handbag,Coach,Accessories,78.0,0.0,78.0,1,78.0,Winter,2024,1,False,kaggle_shopping
342524,T-shirt,Uniqlo,Men's Fashion,32.0,0.0,32.0,1,32.0,Fall,2024,9,False,kaggle_shopping
342625,Sandals,New Balance,Footwear,97.0,0.0,97.0,1,97.0,Fall,2024,9,False,kaggle_shopping
342726,Gloves,Kate Spade,Accessories,95.0,0.0,95.0,1,95.0,Summer,2024,8,False,kaggle_shopping
342827,Shorts,H&M,Men's Fashion,64.0,0.0,64.0,1,64.0,Spring,2024,3,False,kaggle_shopping
342928,Sandals,Nike,Footwear,35.0,0.0,35.0,1,35.0,Spring,2024,3,False,kaggle_shopping
343029,Backpack,Michael Kors,Accessories,54.0,0.0,54.0,1,54.0,Winter,2024,1,False,kaggle_shopping
343130,Sneakers,New Balance,Footwear,96.0,0.0,96.0,1,96.0,Spring,2024,3,False,kaggle_shopping
343231,Sunglasses,Michael Kors,Accessories,58.0,0.0,58.0,1,58.0,Summer,2024,8,False,kaggle_shopping
343332,T-shirt,Zara,Men's Fashion,23.0,0.0,23.0,1,23.0,Summer,2024,8,False,kaggle_shopping
343433,Jeans,H&M,Men's Fashion,35.0,0.0,35.0,1,35.0,Spring,2024,3,False,kaggle_shopping
343534,Shirt,Uniqlo,Men's Fashion,23.0,0.0,23.0,1,23.0,Summer,2024,8,False,kaggle_shopping
343635,Hat,Fossil,Accessories,94.0,0.0,94.0,1,94.0,Winter,2024,1,False,kaggle_shopping
343736,Blouse,Gap,Men's Fashion,45.0,0.0,45.0,1,45.0,Fall,2024,9,False,kaggle_shopping
343837,Jacket,Canada Goose,Women's Fashion,23.0,0.0,23.0,1,23.0,Winter,2024,1,False,kaggle_shopping
343938,Skirt,Forever 21,Men's Fashion,94.0,0.0,94.0,1,94.0,Winter,2024,1,False,kaggle_shopping
344039,Gloves,Michael Kors,Accessories,99.0,0.0,99.0,1,99.0,Fall,2024,9,False,kaggle_shopping
344140,T-shirt,H&M,Men's Fashion,36.0,0.0,36.0,1,36.0,Fall,2024,9,False,kaggle_shopping
344241,Jacket,Patagonia,Women's Fashion,50.0,0.0,50.0,1,50.0,Summer,2024,8,False,kaggle_shopping
344342,Jacket,Canada Goose,Women's Fashion,81.0,0.0,81.0,1,81.0,Spring,2024,3,False,kaggle_shopping
344443,Shorts,Zara,Men's Fashion,31.0,0.0,31.0,1,31.0,Winter,2024,1,False,kaggle_shopping
344544,Hat,Kate Spade,Accessories,48.0,0.0,48.0,1,48.0,Fall,2024,9,False,kaggle_shopping
344645,Handbag,Coach,Accessories,91.0,0.0,91.0,1,91.0,Summer,2024,8,False,kaggle_shopping
344746,Jeans,Zara,Men's Fashion,99.0,0.0,99.0,1,99.0,Summer,2024,8,False,kaggle_shopping
344847,Shoes,Puma,Footwear,70.0,0.0,70.0,1,70.0,Summer,2024,8,False,kaggle_shopping
344948,T-shirt,Uniqlo,Men's Fashion,74.0,0.0,74.0,1,74.0,Winter,2024,1,False,kaggle_shopping
345049,Jewelry,Coach,Accessories,79.0,0.0,79.0,1,79.0,Fall,2024,9,False,kaggle_shopping
345150,Handbag,Michael Kors,Accessories,33.0,0.0,33.0,1,33.0,Fall,2024,9,False,kaggle_shopping
345251,Shirt,Uniqlo,Men's Fashion,49.0,0.0,49.0,1,49.0,Spring,2024,3,False,kaggle_shopping
345352,Belt,Michael Kors,Accessories,96.0,0.0,96.0,1,96.0,Summer,2024,8,False,kaggle_shopping
345453,Dress,Forever 21,Men's Fashion,66.0,0.0,66.0,1,66.0,Fall,2024,9,False,kaggle_shopping
345554,Skirt,Forever 21,Men's Fashion,45.0,0.0,45.0,1,45.0,Fall,2024,9,False,kaggle_shopping
345655,Blouse,Forever 21,Men's Fashion,28.0,0.0,28.0,1,28.0,Spring,2024,3,False,kaggle_shopping
345756,Jeans,Gap,Men's Fashion,48.0,0.0,48.0,1,48.0,Summer,2024,8,False,kaggle_shopping
345857,Hoodie,H&M,Men's Fashion,67.0,0.0,67.0,1,67.0,Winter,2024,1,False,kaggle_shopping
345958,T-shirt,Forever 21,Men's Fashion,59.0,0.0,59.0,1,59.0,Fall,2024,9,False,kaggle_shopping
346059,Sunglasses,Coach,Accessories,74.0,0.0,74.0,1,74.0,Fall,2024,9,False,kaggle_shopping
346160,Jacket,Columbia,Women's Fashion,81.0,0.0,81.0,1,81.0,Spring,2024,3,False,kaggle_shopping
346261,Shoes,Converse,Footwear,26.0,0.0,26.0,1,26.0,Spring,2024,3,False,kaggle_shopping
346362,Handbag,Coach,Accessories,61.0,0.0,61.0,1,61.0,Summer,2024,8,False,kaggle_shopping
346463,Sweater,Gap,Men's Fashion,23.0,0.0,23.0,1,23.0,Winter,2024,1,False,kaggle_shopping
346564,Scarf,Michael Kors,Accessories,33.0,0.0,33.0,1,33.0,Fall,2024,9,False,kaggle_shopping
346665,Skirt,Uniqlo,Men's Fashion,58.0,0.0,58.0,1,58.0,Fall,2024,9,False,kaggle_shopping
346766,Gloves,Fossil,Accessories,65.0,0.0,65.0,1,65.0,Spring,2024,3,False,kaggle_shopping
346867,T-shirt,Forever 21,Men's Fashion,48.0,0.0,48.0,1,48.0,Summer,2024,8,False,kaggle_shopping
346968,Sandals,Puma,Footwear,25.0,0.0,25.0,1,25.0,Spring,2024,3,False,kaggle_shopping
347069,Sweater,Uniqlo,Men's Fashion,51.0,0.0,51.0,1,51.0,Winter,2024,1,False,kaggle_shopping
347170,Belt,Coach,Accessories,31.0,0.0,31.0,1,31.0,Summer,2024,8,False,kaggle_shopping
347271,Hoodie,Uniqlo,Men's Fashion,99.0,0.0,99.0,1,99.0,Winter,2024,1,False,kaggle_shopping
347372,Socks,Gap,Men's Fashion,25.0,0.0,25.0,1,25.0,Winter,2024,1,False,kaggle_shopping
347473,Sandals,Puma,Footwear,52.0,0.0,52.0,1,52.0,Spring,2024,3,False,kaggle_shopping
347574,Blouse,Gap,Men's Fashion,47.0,0.0,47.0,1,47.0,Spring,2024,3,False,kaggle_shopping
347675,Boots,New Balance,Footwear,98.0,0.0,98.0,1,98.0,Fall,2024,9,False,kaggle_shopping
347776,Hat,Kate Spade,Accessories,46.0,0.0,46.0,1,46.0,Winter,2024,1,False,kaggle_shopping
347877,Shirt,Gap,Men's Fashion,32.0,0.0,32.0,1,32.0,Winter,2024,1,False,kaggle_shopping
347978,Shorts,Gap,Men's Fashion,75.0,0.0,75.0,1,75.0,Fall,2024,9,False,kaggle_shopping
348079,Handbag,Coach,Accessories,51.0,0.0,51.0,1,51.0,Summer,2024,8,False,kaggle_shopping
348180,Dress,H&M,Men's Fashion,52.0,0.0,52.0,1,52.0,Summer,2024,8,False,kaggle_shopping
348281,Hat,Kate Spade,Accessories,66.0,0.0,66.0,1,66.0,Winter,2024,1,False,kaggle_shopping
348382,Sweater,Gap,Men's Fashion,35.0,0.0,35.0,1,35.0,Spring,2024,3,False,kaggle_shopping
348483,Coat,Patagonia,Women's Fashion,43.0,0.0,43.0,1,43.0,Fall,2024,9,False,kaggle_shopping
348584,Hoodie,Zara,Men's Fashion,24.0,0.0,24.0,1,24.0,Summer,2024,8,False,kaggle_shopping
348685,Jewelry,Michael Kors,Accessories,83.0,0.0,83.0,1,83.0,Winter,2024,1,False,kaggle_shopping
348786,T-shirt,Gap,Men's Fashion,62.0,0.0,62.0,1,62.0,Fall,2024,9,False,kaggle_shopping
348887,Pants,Uniqlo,Men's Fashion,78.0,0.0,78.0,1,78.0,Spring,2024,3,False,kaggle_shopping
348988,Sweater,H&M,Men's Fashion,61.0,0.0,61.0,1,61.0,Spring,2024,3,False,kaggle_shopping
349089,Pants,Forever 21,Men's Fashion,57.0,0.0,57.0,1,57.0,Fall,2024,9,False,kaggle_shopping
349190,Socks,H&M,Men's Fashion,70.0,0.0,70.0,1,70.0,Summer,2024,8,False,kaggle_shopping
349291,Hoodie,Gap,Men's Fashion,57.0,0.0,57.0,1,57.0,Fall,2024,9,False,kaggle_shopping
349392,Scarf,Fossil,Accessories,74.0,0.0,74.0,1,74.0,Winter,2024,1,False,kaggle_shopping
349493,Dress,Zara,Men's Fashion,90.0,0.0,90.0,1,90.0,Fall,2024,9,False,kaggle_shopping
349594,Sandals,New Balance,Footwear,98.0,0.0,98.0,1,98.0,Spring,2024,3,False,kaggle_shopping
349695,Dress,H&M,Men's Fashion,43.0,0.0,43.0,1,43.0,Winter,2024,1,False,kaggle_shopping
349796,Pants,Gap,Men's Fashion,37.0,0.0,37.0,1,37.0,Winter,2024,1,False,kaggle_shopping
349897,Blouse,Uniqlo,Men's Fashion,38.0,0.0,38.0,1,38.0,Summer,2024,8,False,kaggle_shopping
349998,Jeans,Zara,Men's Fashion,60.0,0.0,60.0,1,60.0,Winter,2024,1,False,kaggle_shopping
350099,Pants,Zara,Men's Fashion,55.0,0.0,55.0,1,55.0,Winter,2024,1,False,kaggle_shopping
350100,Sunglasses,Michael Kors,Accessories,51.0,0.0,51.0,1,51.0,Fall,2024,9,False,kaggle_shopping
350201,Backpack,Michael Kors,Accessories,71.0,0.0,71.0,1,71.0,Winter,2024,1,False,kaggle_shopping
350302,Hoodie,Gap,Men's Fashion,61.0,0.0,61.0,1,61.0,Spring,2024,3,False,kaggle_shopping
350403,Boots,Converse,Footwear,65.0,0.0,65.0,1,65.0,Summer,2024,8,False,kaggle_shopping
350504,Gloves,Michael Kors,Accessories,34.0,0.0,34.0,1,34.0,Fall,2024,9,False,kaggle_shopping
350605,Blouse,Uniqlo,Men's Fashion,87.0,0.0,87.0,1,87.0,Summer,2024,8,False,kaggle_shopping
350706,Sweater,H&M,Men's Fashion,79.0,0.0,79.0,1,79.0,Spring,2024,3,False,kaggle_shopping
350807,Dress,Uniqlo,Men's Fashion,46.0,0.0,46.0,1,46.0,Spring,2024,3,False,kaggle_shopping
350908,Socks,Zara,Men's Fashion,72.0,0.0,72.0,1,72.0,Summer,2024,8,False,kaggle_shopping
351009,Shirt,H&M,Men's Fashion,93.0,0.0,93.0,1,93.0,Summer,2024,8,False,kaggle_shopping
351110,Sandals,Nike,Footwear,76.0,0.0,76.0,1,76.0,Summer,2024,8,False,kaggle_shopping
351211,Shoes,Converse,Footwear,56.0,0.0,56.0,1,56.0,Winter,2024,1,False,kaggle_shopping
351312,Sandals,Puma,Footwear,83.0,0.0,83.0,1,83.0,Fall,2024,9,False,kaggle_shopping
351413,Gloves,Kate Spade,Accessories,90.0,0.0,90.0,1,90.0,Winter,2024,1,False,kaggle_shopping
351514,Boots,Puma,Footwear,94.0,0.0,94.0,1,94.0,Spring,2024,3,False,kaggle_shopping
351615,Blouse,Uniqlo,Men's Fashion,68.0,0.0,68.0,1,68.0,Fall,2024,9,False,kaggle_shopping
351716,Sandals,Converse,Footwear,53.0,0.0,53.0,1,53.0,Spring,2024,3,False,kaggle_shopping
351817,Coat,Canada Goose,Women's Fashion,35.0,0.0,35.0,1,35.0,Summer,2024,8,False,kaggle_shopping
351918,Jacket,Canada Goose,Women's Fashion,30.0,0.0,30.0,1,30.0,Summer,2024,8,False,kaggle_shopping
352019,Jewelry,Kate Spade,Accessories,26.0,0.0,26.0,1,26.0,Winter,2024,1,False,kaggle_shopping
352120,Hat,Fossil,Accessories,60.0,0.0,60.0,1,60.0,Winter,2024,1,False,kaggle_shopping
352221,Shoes,Converse,Footwear,30.0,0.0,30.0,1,30.0,Summer,2024,8,False,kaggle_shopping
352322,Coat,North Face,Women's Fashion,91.0,0.0,91.0,1,91.0,Winter,2024,1,False,kaggle_shopping
352423,Boots,Adidas,Footwear,71.0,0.0,71.0,1,71.0,Spring,2024,3,False,kaggle_shopping
352524,Scarf,Fossil,Accessories,64.0,0.0,64.0,1,64.0,Summer,2024,8,False,kaggle_shopping
352625,Hat,Coach,Accessories,54.0,0.0,54.0,1,54.0,Summer,2024,8,False,kaggle_shopping
352726,Socks,H&M,Men's Fashion,35.0,0.0,35.0,1,35.0,Fall,2024,9,False,kaggle_shopping
352827,T-shirt,Uniqlo,Men's Fashion,38.0,0.0,38.0,1,38.0,Winter,2024,1,False,kaggle_shopping
352928,Jewelry,Coach,Accessories,69.0,0.0,69.0,1,69.0,Fall,2024,9,False,kaggle_shopping
353029,Skirt,Uniqlo,Men's Fashion,96.0,0.0,96.0,1,96.0,Winter,2024,1,False,kaggle_shopping
353130,Socks,Uniqlo,Men's Fashion,73.0,0.0,73.0,1,73.0,Winter,2024,1,False,kaggle_shopping
353231,Belt,Kate Spade,Accessories,49.0,0.0,49.0,1,49.0,Summer,2024,8,False,kaggle_shopping
353332,Boots,Nike,Footwear,44.0,0.0,44.0,1,44.0,Summer,2024,8,False,kaggle_shopping
353433,Socks,Zara,Men's Fashion,93.0,0.0,93.0,1,93.0,Spring,2024,3,False,kaggle_shopping
353534,Pants,H&M,Men's Fashion,72.0,0.0,72.0,1,72.0,Summer,2024,8,False,kaggle_shopping
353635,Socks,Zara,Men's Fashion,91.0,0.0,91.0,1,91.0,Summer,2024,8,False,kaggle_shopping
353736,Belt,Michael Kors,Accessories,83.0,0.0,83.0,1,83.0,Winter,2024,1,False,kaggle_shopping
353837,Jacket,Canada Goose,Women's Fashion,62.0,0.0,62.0,1,62.0,Winter,2024,1,False,kaggle_shopping
353938,Shirt,Uniqlo,Men's Fashion,71.0,0.0,71.0,1,71.0,Fall,2024,9,False,kaggle_shopping
354039,Gloves,Kate Spade,Accessories,93.0,0.0,93.0,1,93.0,Summer,2024,8,False,kaggle_shopping
354140,Handbag,Fossil,Accessories,63.0,0.0,63.0,1,63.0,Fall,2024,9,False,kaggle_shopping
354241,Sweater,Gap,Men's Fashion,96.0,0.0,96.0,1,96.0,Fall,2024,9,False,kaggle_shopping
354342,Skirt,Uniqlo,Men's Fashion,78.0,0.0,78.0,1,78.0,Spring,2024,3,False,kaggle_shopping
354443,Dress,Uniqlo,Men's Fashion,24.0,0.0,24.0,1,24.0,Summer,2024,8,False,kaggle_shopping
354544,Pants,H&M,Men's Fashion,63.0,0.0,63.0,1,63.0,Summer,2024,8,False,kaggle_shopping
354645,Hat,Michael Kors,Accessories,58.0,0.0,58.0,1,58.0,Fall,2024,9,False,kaggle_shopping
354746,Boots,New Balance,Footwear,55.0,0.0,55.0,1,55.0,Spring,2024,3,False,kaggle_shopping
354847,Sandals,Puma,Footwear,58.0,0.0,58.0,1,58.0,Fall,2024,9,False,kaggle_shopping
354948,Coat,Columbia,Women's Fashion,28.0,0.0,28.0,1,28.0,Winter,2024,1,False,kaggle_shopping
355049,Blouse,Gap,Men's Fashion,37.0,0.0,37.0,1,37.0,Spring,2024,3,False,kaggle_shopping
355150,Shorts,H&M,Men's Fashion,78.0,0.0,78.0,1,78.0,Spring,2024,3,False,kaggle_shopping
355251,Blouse,Uniqlo,Men's Fashion,73.0,0.0,73.0,1,73.0,Fall,2024,9,False,kaggle_shopping
355352,Jacket,Patagonia,Women's Fashion,20.0,0.0,20.0,1,20.0,Spring,2024,3,False,kaggle_shopping
355453,Shirt,Zara,Men's Fashion,60.0,0.0,60.0,1,60.0,Winter,2024,1,False,kaggle_shopping
355554,Handbag,Fossil,Accessories,71.0,0.0,71.0,1,71.0,Fall,2024,9,False,kaggle_shopping
355655,T-shirt,Zara,Men's Fashion,89.0,0.0,89.0,1,89.0,Fall,2024,9,False,kaggle_shopping
355756,Hoodie,Forever 21,Men's Fashion,53.0,0.0,53.0,1,53.0,Fall,2024,9,False,kaggle_shopping
355857,Jewelry,Fossil,Accessories,87.0,0.0,87.0,1,87.0,Summer,2024,8,False,kaggle_shopping
355958,Jewelry,Michael Kors,Accessories,37.0,0.0,37.0,1,37.0,Spring,2024,3,False,kaggle_shopping
356059,Hoodie,Gap,Men's Fashion,37.0,0.0,37.0,1,37.0,Fall,2024,9,False,kaggle_shopping
356160,Scarf,Coach,Accessories,78.0,0.0,78.0,1,78.0,Spring,2024,3,False,kaggle_shopping
356261,Shoes,Nike,Footwear,23.0,0.0,23.0,1,23.0,Spring,2024,3,False,kaggle_shopping
356362,Jeans,Gap,Men's Fashion,73.0,0.0,73.0,1,73.0,Spring,2024,3,False,kaggle_shopping
356463,Jewelry,Kate Spade,Accessories,27.0,0.0,27.0,1,27.0,Fall,2024,9,False,kaggle_shopping
356564,Coat,Columbia,Women's Fashion,59.0,0.0,59.0,1,59.0,Winter,2024,1,False,kaggle_shopping
356665,Backpack,Fossil,Accessories,53.0,0.0,53.0,1,53.0,Spring,2024,3,False,kaggle_shopping
356766,Socks,Uniqlo,Men's Fashion,42.0,0.0,42.0,1,42.0,Summer,2024,8,False,kaggle_shopping
356867,Scarf,Coach,Accessories,45.0,0.0,45.0,1,45.0,Fall,2024,9,False,kaggle_shopping
356968,Sunglasses,Kate Spade,Accessories,89.0,0.0,89.0,1,89.0,Winter,2024,1,False,kaggle_shopping
357069,Socks,Forever 21,Men's Fashion,85.0,0.0,85.0,1,85.0,Fall,2024,9,False,kaggle_shopping
357170,Coat,Canada Goose,Women's Fashion,69.0,0.0,69.0,1,69.0,Summer,2024,8,False,kaggle_shopping
357271,Sandals,Puma,Footwear,66.0,0.0,66.0,1,66.0,Spring,2024,3,False,kaggle_shopping
357372,Blouse,Forever 21,Men's Fashion,42.0,0.0,42.0,1,42.0,Summer,2024,8,False,kaggle_shopping
357473,Dress,H&M,Men's Fashion,40.0,0.0,40.0,1,40.0,Spring,2024,3,False,kaggle_shopping
357574,Pants,Uniqlo,Men's Fashion,82.0,0.0,82.0,1,82.0,Winter,2024,1,False,kaggle_shopping
357675,Sneakers,New Balance,Footwear,88.0,0.0,88.0,1,88.0,Spring,2024,3,False,kaggle_shopping
357776,Boots,Adidas,Footwear,99.0,0.0,99.0,1,99.0,Summer,2024,8,False,kaggle_shopping
357877,Handbag,Fossil,Accessories,85.0,0.0,85.0,1,85.0,Spring,2024,3,False,kaggle_shopping
357978,Handbag,Coach,Accessories,57.0,0.0,57.0,1,57.0,Fall,2024,9,False,kaggle_shopping
358079,Sweater,Uniqlo,Men's Fashion,56.0,0.0,56.0,1,56.0,Summer,2024,8,False,kaggle_shopping
358180,Sandals,Nike,Footwear,79.0,0.0,79.0,1,79.0,Winter,2024,1,False,kaggle_shopping
358281,Socks,Forever 21,Men's Fashion,67.0,0.0,67.0,1,67.0,Summer,2024,8,False,kaggle_shopping
358382,Gloves,Coach,Accessories,61.0,0.0,61.0,1,61.0,Winter,2024,1,False,kaggle_shopping
358483,Hoodie,Uniqlo,Men's Fashion,37.0,0.0,37.0,1,37.0,Winter,2024,1,False,kaggle_shopping
358584,Dress,H&M,Men's Fashion,75.0,0.0,75.0,1,75.0,Fall,2024,9,False,kaggle_shopping
358685,Shirt,Gap,Men's Fashion,21.0,0.0,21.0,1,21.0,Winter,2024,1,False,kaggle_shopping
358786,Shorts,H&M,Men's Fashion,89.0,0.0,89.0,1,89.0,Winter,2024,1,False,kaggle_shopping
358887,Sandals,Puma,Footwear,24.0,0.0,24.0,1,24.0,Fall,2024,9,False,kaggle_shopping
358988,Sweater,Gap,Men's Fashion,27.0,0.0,27.0,1,27.0,Spring,2024,3,False,kaggle_shopping
359089,Dress,Uniqlo,Men's Fashion,26.0,0.0,26.0,1,26.0,Summer,2024,8,False,kaggle_shopping
359190,Boots,Converse,Footwear,82.0,0.0,82.0,1,82.0,Spring,2024,3,False,kaggle_shopping
359291,Pants,Gap,Men's Fashion,28.0,0.0,28.0,1,28.0,Winter,2024,1,False,kaggle_shopping
359392,Gloves,Kate Spade,Accessories,65.0,0.0,65.0,1,65.0,Fall,2024,9,False,kaggle_shopping
359493,Pants,Gap,Men's Fashion,82.0,0.0,82.0,1,82.0,Winter,2024,1,False,kaggle_shopping
359594,Scarf,Kate Spade,Accessories,38.0,0.0,38.0,1,38.0,Winter,2024,1,False,kaggle_shopping
359695,Shorts,Gap,Men's Fashion,33.0,0.0,33.0,1,33.0,Spring,2024,3,False,kaggle_shopping
359796,Shoes,Nike,Footwear,38.0,0.0,38.0,1,38.0,Summer,2024,8,False,kaggle_shopping
359897,Handbag,Coach,Accessories,48.0,0.0,48.0,1,48.0,Spring,2024,3,False,kaggle_shopping
359998,Sandals,Nike,Footwear,35.0,0.0,35.0,1,35.0,Summer,2024,8,False,kaggle_shopping
360099,Socks,Gap,Men's Fashion,29.0,0.0,29.0,1,29.0,Fall,2024,9,False,kaggle_shopping
360100,Shirt,Uniqlo,Men's Fashion,48.0,0.0,48.0,1,48.0,Fall,2024,9,False,kaggle_shopping
360201,Shoes,Converse,Footwear,87.0,0.0,87.0,1,87.0,Fall,2024,9,False,kaggle_shopping
360302,Backpack,Michael Kors,Accessories,62.0,0.0,62.0,1,62.0,Fall,2024,9,False,kaggle_shopping
360403,Shirt,Forever 21,Men's Fashion,96.0,0.0,96.0,1,96.0,Spring,2024,3,False,kaggle_shopping
360504,Handbag,Kate Spade,Accessories,41.0,0.0,41.0,1,41.0,Fall,2024,9,False,kaggle_shopping
360605,Jewelry,Coach,Accessories,42.0,0.0,42.0,1,42.0,Winter,2024,1,False,kaggle_shopping
360706,Shirt,Gap,Men's Fashion,57.0,0.0,57.0,1,57.0,Winter,2024,1,False,kaggle_shopping
360807,Handbag,Fossil,Accessories,65.0,0.0,65.0,1,65.0,Spring,2024,3,False,kaggle_shopping
360908,Pants,Gap,Men's Fashion,54.0,0.0,54.0,1,54.0,Fall,2024,9,False,kaggle_shopping
361009,T-shirt,H&M,Men's Fashion,22.0,0.0,22.0,1,22.0,Winter,2024,1,False,kaggle_shopping
361110,Sneakers,Adidas,Footwear,96.0,0.0,96.0,1,96.0,Fall,2024,9,False,kaggle_shopping
361211,Jewelry,Fossil,Accessories,81.0,0.0,81.0,1,81.0,Summer,2024,8,False,kaggle_shopping
361312,Shirt,Forever 21,Men's Fashion,46.0,0.0,46.0,1,46.0,Fall,2024,9,False,kaggle_shopping
361413,Blouse,H&M,Men's Fashion,74.0,0.0,74.0,1,74.0,Spring,2024,3,False,kaggle_shopping
361514,Sneakers,Adidas,Footwear,50.0,0.0,50.0,1,50.0,Winter,2024,1,False,kaggle_shopping
361615,Dress,Gap,Men's Fashion,80.0,0.0,80.0,1,80.0,Winter,2024,1,False,kaggle_shopping
361716,Boots,Nike,Footwear,56.0,0.0,56.0,1,56.0,Summer,2024,8,False,kaggle_shopping
361817,Skirt,Uniqlo,Men's Fashion,69.0,0.0,69.0,1,69.0,Winter,2024,1,False,kaggle_shopping
361918,Shirt,Uniqlo,Men's Fashion,97.0,0.0,97.0,1,97.0,Spring,2024,3,False,kaggle_shopping
362019,Shorts,Zara,Men's Fashion,66.0,0.0,66.0,1,66.0,Winter,2024,1,False,kaggle_shopping
362120,Hat,Coach,Accessories,70.0,0.0,70.0,1,70.0,Spring,2024,3,False,kaggle_shopping
362221,Shoes,Puma,Footwear,50.0,0.0,50.0,1,50.0,Winter,2024,1,False,kaggle_shopping
362322,Pants,Gap,Men's Fashion,85.0,0.0,85.0,1,85.0,Spring,2024,3,False,kaggle_shopping
362423,Backpack,Michael Kors,Accessories,59.0,0.0,59.0,1,59.0,Summer,2024,8,False,kaggle_shopping
362524,Pants,Forever 21,Men's Fashion,74.0,0.0,74.0,1,74.0,Summer,2024,8,False,kaggle_shopping
362625,Sunglasses,Kate Spade,Accessories,38.0,0.0,38.0,1,38.0,Winter,2024,1,False,kaggle_shopping
362726,Sweater,H&M,Men's Fashion,99.0,0.0,99.0,1,99.0,Spring,2024,3,False,kaggle_shopping
362827,Blouse,Forever 21,Men's Fashion,97.0,0.0,97.0,1,97.0,Spring,2024,3,False,kaggle_shopping
362928,Scarf,Kate Spade,Accessories,67.0,0.0,67.0,1,67.0,Summer,2024,8,False,kaggle_shopping
363029,T-shirt,Zara,Men's Fashion,20.0,0.0,20.0,1,20.0,Winter,2024,1,False,kaggle_shopping
363130,Sunglasses,Coach,Accessories,45.0,0.0,45.0,1,45.0,Spring,2024,3,False,kaggle_shopping
363231,Shoes,New Balance,Footwear,52.0,0.0,52.0,1,52.0,Winter,2024,1,False,kaggle_shopping
363332,Pants,Zara,Men's Fashion,68.0,0.0,68.0,1,68.0,Fall,2024,9,False,kaggle_shopping
363433,Sneakers,Adidas,Footwear,98.0,0.0,98.0,1,98.0,Fall,2024,9,False,kaggle_shopping
363534,Shoes,Nike,Footwear,83.0,0.0,83.0,1,83.0,Fall,2024,9,False,kaggle_shopping
363635,Shorts,Uniqlo,Men's Fashion,51.0,0.0,51.0,1,51.0,Summer,2024,8,False,kaggle_shopping
363736,Handbag,Michael Kors,Accessories,21.0,0.0,21.0,1,21.0,Spring,2024,3,False,kaggle_shopping
363837,Handbag,Kate Spade,Accessories,92.0,0.0,92.0,1,92.0,Spring,2024,3,False,kaggle_shopping
363938,Shoes,Nike,Footwear,63.0,0.0,63.0,1,63.0,Spring,2024,3,False,kaggle_shopping
364039,Jewelry,Michael Kors,Accessories,56.0,0.0,56.0,1,56.0,Spring,2024,3,False,kaggle_shopping
364140,Shorts,H&M,Men's Fashion,95.0,0.0,95.0,1,95.0,Spring,2024,3,False,kaggle_shopping
364241,Blouse,Uniqlo,Men's Fashion,66.0,0.0,66.0,1,66.0,Winter,2024,1,False,kaggle_shopping
364342,Coat,Columbia,Women's Fashion,28.0,0.0,28.0,1,28.0,Spring,2024,3,False,kaggle_shopping
364443,Hat,Michael Kors,Accessories,83.0,0.0,83.0,1,83.0,Winter,2024,1,False,kaggle_shopping
364544,Socks,Uniqlo,Men's Fashion,55.0,0.0,55.0,1,55.0,Fall,2024,9,False,kaggle_shopping
364645,Sandals,New Balance,Footwear,28.0,0.0,28.0,1,28.0,Spring,2024,3,False,kaggle_shopping
364746,Scarf,Coach,Accessories,79.0,0.0,79.0,1,79.0,Summer,2024,8,False,kaggle_shopping
364847,Scarf,Michael Kors,Accessories,31.0,0.0,31.0,1,31.0,Summer,2024,8,False,kaggle_shopping
364948,Blouse,H&M,Men's Fashion,37.0,0.0,37.0,1,37.0,Fall,2024,9,False,kaggle_shopping
365049,T-shirt,Zara,Men's Fashion,34.0,0.0,34.0,1,34.0,Summer,2024,8,False,kaggle_shopping
365150,Shoes,Converse,Footwear,74.0,0.0,74.0,1,74.0,Winter,2024,1,False,kaggle_shopping
365251,Gloves,Fossil,Accessories,31.0,0.0,31.0,1,31.0,Spring,2024,3,False,kaggle_shopping
365352,Sunglasses,Kate Spade,Accessories,66.0,0.0,66.0,1,66.0,Winter,2024,1,False,kaggle_shopping
365453,Shoes,Adidas,Footwear,99.0,0.0,99.0,1,99.0,Spring,2024,3,False,kaggle_shopping
365554,Dress,H&M,Men's Fashion,55.0,0.0,55.0,1,55.0,Spring,2024,3,False,kaggle_shopping
365655,Blouse,Gap,Men's Fashion,23.0,0.0,23.0,1,23.0,Spring,2024,3,False,kaggle_shopping
365756,Sweater,Uniqlo,Men's Fashion,88.0,0.0,88.0,1,88.0,Fall,2024,9,False,kaggle_shopping
365857,Jacket,Columbia,Women's Fashion,26.0,0.0,26.0,1,26.0,Summer,2024,8,False,kaggle_shopping
365958,Backpack,Coach,Accessories,94.0,0.0,94.0,1,94.0,Summer,2024,8,False,kaggle_shopping
366059,Shorts,Zara,Men's Fashion,25.0,0.0,25.0,1,25.0,Fall,2024,9,False,kaggle_shopping
366160,Socks,Uniqlo,Men's Fashion,96.0,0.0,96.0,1,96.0,Fall,2024,9,False,kaggle_shopping
366261,Sneakers,New Balance,Footwear,29.0,0.0,29.0,1,29.0,Spring,2024,3,False,kaggle_shopping
366362,Sneakers,Adidas,Footwear,36.0,0.0,36.0,1,36.0,Winter,2024,1,False,kaggle_shopping
366463,Blouse,Zara,Men's Fashion,90.0,0.0,90.0,1,90.0,Summer,2024,8,False,kaggle_shopping
366564,Gloves,Kate Spade,Accessories,38.0,0.0,38.0,1,38.0,Summer,2024,8,False,kaggle_shopping
366665,Handbag,Kate Spade,Accessories,52.0,0.0,52.0,1,52.0,Spring,2024,3,False,kaggle_shopping
366766,Jeans,Uniqlo,Men's Fashion,88.0,0.0,88.0,1,88.0,Spring,2024,3,False,kaggle_shopping
366867,Scarf,Coach,Accessories,56.0,0.0,56.0,1,56.0,Summer,2024,8,False,kaggle_shopping
366968,Sandals,Converse,Footwear,71.0,0.0,71.0,1,71.0,Spring,2024,3,False,kaggle_shopping
367069,Sandals,Puma,Footwear,94.0,0.0,94.0,1,94.0,Fall,2024,9,False,kaggle_shopping
367170,Dress,Uniqlo,Men's Fashion,97.0,0.0,97.0,1,97.0,Winter,2024,1,False,kaggle_shopping
367271,Skirt,Zara,Men's Fashion,27.0,0.0,27.0,1,27.0,Summer,2024,8,False,kaggle_shopping
367372,Shorts,Forever 21,Men's Fashion,28.0,0.0,28.0,1,28.0,Spring,2024,3,False,kaggle_shopping
367473,Jeans,Gap,Men's Fashion,67.0,0.0,67.0,1,67.0,Fall,2024,9,False,kaggle_shopping
367574,Socks,Forever 21,Men's Fashion,70.0,0.0,70.0,1,70.0,Fall,2024,9,False,kaggle_shopping
367675,Coat,North Face,Women's Fashion,95.0,0.0,95.0,1,95.0,Fall,2024,9,False,kaggle_shopping
367776,Boots,Nike,Footwear,24.0,0.0,24.0,1,24.0,Spring,2024,3,False,kaggle_shopping
367877,Belt,Fossil,Accessories,35.0,0.0,35.0,1,35.0,Winter,2024,1,False,kaggle_shopping
367978,Shoes,New Balance,Footwear,22.0,0.0,22.0,1,22.0,Winter,2024,1,False,kaggle_shopping
368079,Scarf,Michael Kors,Accessories,66.0,0.0,66.0,1,66.0,Fall,2024,9,False,kaggle_shopping
368180,Blouse,Gap,Men's Fashion,83.0,0.0,83.0,1,83.0,Summer,2024,8,False,kaggle_shopping
368281,Dress,H&M,Men's Fashion,95.0,0.0,95.0,1,95.0,Fall,2024,9,False,kaggle_shopping
368382,Shorts,Forever 21,Men's Fashion,41.0,0.0,41.0,1,41.0,Summer,2024,8,False,kaggle_shopping
368483,Blouse,Forever 21,Men's Fashion,77.0,0.0,77.0,1,77.0,Summer,2024,8,False,kaggle_shopping
368584,Sneakers,Nike,Footwear,52.0,0.0,52.0,1,52.0,Fall,2024,9,False,kaggle_shopping
368685,Gloves,Fossil,Accessories,41.0,0.0,41.0,1,41.0,Winter,2024,1,False,kaggle_shopping
368786,Hoodie,Forever 21,Men's Fashion,28.0,0.0,28.0,1,28.0,Winter,2024,1,False,kaggle_shopping
368887,Sweater,Zara,Men's Fashion,90.0,0.0,90.0,1,90.0,Summer,2024,8,False,kaggle_shopping
368988,Sunglasses,Coach,Accessories,55.0,0.0,55.0,1,55.0,Spring,2024,3,False,kaggle_shopping
369089,Belt,Michael Kors,Accessories,73.0,0.0,73.0,1,73.0,Spring,2024,3,False,kaggle_shopping
369190,Dress,Zara,Men's Fashion,87.0,0.0,87.0,1,87.0,Fall,2024,9,False,kaggle_shopping
369291,Jacket,Columbia,Women's Fashion,89.0,0.0,89.0,1,89.0,Winter,2024,1,False,kaggle_shopping
369392,Boots,Nike,Footwear,82.0,0.0,82.0,1,82.0,Spring,2024,3,False,kaggle_shopping
369493,Sandals,Adidas,Footwear,80.0,0.0,80.0,1,80.0,Spring,2024,3,False,kaggle_shopping
369594,Scarf,Coach,Accessories,87.0,0.0,87.0,1,87.0,Summer,2024,8,False,kaggle_shopping
369695,Blouse,Uniqlo,Men's Fashion,41.0,0.0,41.0,1,41.0,Spring,2024,3,False,kaggle_shopping
369796,Hoodie,Forever 21,Men's Fashion,83.0,0.0,83.0,1,83.0,Spring,2024,3,False,kaggle_shopping
369897,Sunglasses,Michael Kors,Accessories,71.0,0.0,71.0,1,71.0,Summer,2024,8,False,kaggle_shopping
369998,Hoodie,Forever 21,Men's Fashion,76.0,0.0,76.0,1,76.0,Spring,2024,3,False,kaggle_shopping
370099,Scarf,Coach,Accessories,34.0,0.0,34.0,1,34.0,Spring,2024,3,False,kaggle_shopping
370100,Dress,H&M,Men's Fashion,81.0,0.0,81.0,1,81.0,Spring,2024,3,False,kaggle_shopping
370201,T-shirt,H&M,Men's Fashion,47.0,0.0,47.0,1,47.0,Summer,2024,8,False,kaggle_shopping
370302,Skirt,H&M,Men's Fashion,36.0,0.0,36.0,1,36.0,Summer,2024,8,False,kaggle_shopping
370403,Jeans,Uniqlo,Men's Fashion,51.0,0.0,51.0,1,51.0,Spring,2024,3,False,kaggle_shopping
370504,Hoodie,Uniqlo,Men's Fashion,86.0,0.0,86.0,1,86.0,Fall,2024,9,False,kaggle_shopping
370605,Jeans,Zara,Men's Fashion,41.0,0.0,41.0,1,41.0,Fall,2024,9,False,kaggle_shopping
370706,Sandals,Adidas,Footwear,90.0,0.0,90.0,1,90.0,Fall,2024,9,False,kaggle_shopping
370807,Hat,Fossil,Accessories,93.0,0.0,93.0,1,93.0,Fall,2024,9,False,kaggle_shopping
370908,Gloves,Fossil,Accessories,56.0,0.0,56.0,1,56.0,Fall,2024,9,False,kaggle_shopping
371009,Socks,H&M,Men's Fashion,39.0,0.0,39.0,1,39.0,Summer,2024,8,False,kaggle_shopping
371110,Jacket,Canada Goose,Women's Fashion,86.0,0.0,86.0,1,86.0,Fall,2024,9,False,kaggle_shopping
371211,T-shirt,Gap,Men's Fashion,82.0,0.0,82.0,1,82.0,Spring,2024,3,False,kaggle_shopping
371312,Sandals,Converse,Footwear,29.0,0.0,29.0,1,29.0,Summer,2024,8,False,kaggle_shopping
371413,Hat,Michael Kors,Accessories,27.0,0.0,27.0,1,27.0,Fall,2024,9,False,kaggle_shopping
371514,Gloves,Kate Spade,Accessories,25.0,0.0,25.0,1,25.0,Spring,2024,3,False,kaggle_shopping
371615,Dress,H&M,Men's Fashion,31.0,0.0,31.0,1,31.0,Winter,2024,1,False,kaggle_shopping
371716,Hoodie,H&M,Men's Fashion,23.0,0.0,23.0,1,23.0,Winter,2024,1,False,kaggle_shopping
371817,Belt,Kate Spade,Accessories,47.0,0.0,47.0,1,47.0,Fall,2024,9,False,kaggle_shopping
371918,Gloves,Fossil,Accessories,67.0,0.0,67.0,1,67.0,Fall,2024,9,False,kaggle_shopping
372019,Scarf,Michael Kors,Accessories,75.0,0.0,75.0,1,75.0,Winter,2024,1,False,kaggle_shopping
372120,Sandals,Adidas,Footwear,82.0,0.0,82.0,1,82.0,Summer,2024,8,False,kaggle_shopping
372221,Sneakers,Puma,Footwear,32.0,0.0,32.0,1,32.0,Summer,2024,8,False,kaggle_shopping
372322,Dress,Gap,Men's Fashion,41.0,0.0,41.0,1,41.0,Fall,2024,9,False,kaggle_shopping
372423,Jewelry,Coach,Accessories,89.0,0.0,89.0,1,89.0,Winter,2024,1,False,kaggle_shopping
372524,Hat,Michael Kors,Accessories,82.0,0.0,82.0,1,82.0,Fall,2024,9,False,kaggle_shopping
372625,Scarf,Michael Kors,Accessories,99.0,0.0,99.0,1,99.0,Winter,2024,1,False,kaggle_shopping
372726,Blouse,Forever 21,Men's Fashion,98.0,0.0,98.0,1,98.0,Fall,2024,9,False,kaggle_shopping
372827,Belt,Coach,Accessories,54.0,0.0,54.0,1,54.0,Winter,2024,1,False,kaggle_shopping
372928,Blouse,Zara,Men's Fashion,88.0,0.0,88.0,1,88.0,Summer,2024,8,False,kaggle_shopping
373029,T-shirt,Uniqlo,Men's Fashion,43.0,0.0,43.0,1,43.0,Summer,2024,8,False,kaggle_shopping
373130,Hat,Kate Spade,Accessories,73.0,0.0,73.0,1,73.0,Winter,2024,1,False,kaggle_shopping
373231,Hat,Kate Spade,Accessories,50.0,0.0,50.0,1,50.0,Fall,2024,9,False,kaggle_shopping
373332,Sneakers,Converse,Footwear,73.0,0.0,73.0,1,73.0,Spring,2024,3,False,kaggle_shopping
373433,Gloves,Fossil,Accessories,51.0,0.0,51.0,1,51.0,Spring,2024,3,False,kaggle_shopping
373534,Socks,Forever 21,Men's Fashion,22.0,0.0,22.0,1,22.0,Winter,2024,1,False,kaggle_shopping
373635,Sandals,Puma,Footwear,32.0,0.0,32.0,1,32.0,Fall,2024,9,False,kaggle_shopping
373736,Sandals,Converse,Footwear,38.0,0.0,38.0,1,38.0,Summer,2024,8,False,kaggle_shopping
373837,Boots,Puma,Footwear,66.0,0.0,66.0,1,66.0,Winter,2024,1,False,kaggle_shopping
373938,Backpack,Michael Kors,Accessories,20.0,0.0,20.0,1,20.0,Spring,2024,3,False,kaggle_shopping
374039,Coat,Patagonia,Women's Fashion,44.0,0.0,44.0,1,44.0,Summer,2024,8,False,kaggle_shopping
374140,Sunglasses,Fossil,Accessories,31.0,0.0,31.0,1,31.0,Spring,2024,3,False,kaggle_shopping
374241,Jacket,North Face,Women's Fashion,45.0,0.0,45.0,1,45.0,Fall,2024,9,False,kaggle_shopping
374342,Dress,Gap,Men's Fashion,71.0,0.0,71.0,1,71.0,Summer,2024,8,False,kaggle_shopping
374443,Scarf,Michael Kors,Accessories,96.0,0.0,96.0,1,96.0,Fall,2024,9,False,kaggle_shopping
374544,Blouse,Forever 21,Men's Fashion,32.0,0.0,32.0,1,32.0,Winter,2024,1,False,kaggle_shopping
374645,Backpack,Coach,Accessories,90.0,0.0,90.0,1,90.0,Summer,2024,8,False,kaggle_shopping
374746,Jewelry,Fossil,Accessories,68.0,0.0,68.0,1,68.0,Spring,2024,3,False,kaggle_shopping
374847,Shorts,Uniqlo,Men's Fashion,45.0,0.0,45.0,1,45.0,Winter,2024,1,False,kaggle_shopping
374948,Skirt,Forever 21,Men's Fashion,67.0,0.0,67.0,1,67.0,Winter,2024,1,False,kaggle_shopping
375049,Skirt,Gap,Men's Fashion,57.0,0.0,57.0,1,57.0,Fall,2024,9,False,kaggle_shopping
375150,Jeans,Forever 21,Men's Fashion,60.0,0.0,60.0,1,60.0,Summer,2024,8,False,kaggle_shopping
375251,Handbag,Fossil,Accessories,32.0,0.0,32.0,1,32.0,Spring,2024,3,False,kaggle_shopping
375352,Handbag,Coach,Accessories,29.0,0.0,29.0,1,29.0,Fall,2024,9,False,kaggle_shopping
375453,Coat,Canada Goose,Women's Fashion,20.0,0.0,20.0,1,20.0,Spring,2024,3,False,kaggle_shopping
375554,Jewelry,Coach,Accessories,98.0,0.0,98.0,1,98.0,Winter,2024,1,False,kaggle_shopping
375655,Sweater,Forever 21,Men's Fashion,27.0,0.0,27.0,1,27.0,Fall,2024,9,False,kaggle_shopping
375756,Jacket,Canada Goose,Women's Fashion,67.0,0.0,67.0,1,67.0,Spring,2024,3,False,kaggle_shopping
375857,Shoes,Adidas,Footwear,82.0,0.0,82.0,1,82.0,Winter,2024,1,False,kaggle_shopping
375958,T-shirt,Gap,Men's Fashion,72.0,0.0,72.0,1,72.0,Fall,2024,9,False,kaggle_shopping
376059,Sandals,Nike,Footwear,77.0,0.0,77.0,1,77.0,Fall,2024,9,False,kaggle_shopping
376160,Shoes,Puma,Footwear,74.0,0.0,74.0,1,74.0,Winter,2024,1,False,kaggle_shopping
376261,Sandals,Adidas,Footwear,39.0,0.0,39.0,1,39.0,Winter,2024,1,False,kaggle_shopping
376362,Shorts,Forever 21,Men's Fashion,80.0,0.0,80.0,1,80.0,Spring,2024,3,False,kaggle_shopping
376463,Backpack,Fossil,Accessories,59.0,0.0,59.0,1,59.0,Summer,2024,8,False,kaggle_shopping
376564,Jacket,North Face,Women's Fashion,68.0,0.0,68.0,1,68.0,Fall,2024,9,False,kaggle_shopping
376665,Socks,Uniqlo,Men's Fashion,77.0,0.0,77.0,1,77.0,Fall,2024,9,False,kaggle_shopping
376766,Jewelry,Michael Kors,Accessories,50.0,0.0,50.0,1,50.0,Winter,2024,1,False,kaggle_shopping
376867,Pants,Forever 21,Men's Fashion,45.0,0.0,45.0,1,45.0,Fall,2024,9,False,kaggle_shopping
376968,Blouse,Forever 21,Men's Fashion,71.0,0.0,71.0,1,71.0,Summer,2024,8,False,kaggle_shopping
377069,Socks,Uniqlo,Men's Fashion,52.0,0.0,52.0,1,52.0,Fall,2024,9,False,kaggle_shopping
377170,Shoes,Puma,Footwear,50.0,0.0,50.0,1,50.0,Winter,2024,1,False,kaggle_shopping
377271,Handbag,Fossil,Accessories,66.0,0.0,66.0,1,66.0,Summer,2024,8,False,kaggle_shopping
377372,Sandals,New Balance,Footwear,81.0,0.0,81.0,1,81.0,Fall,2024,9,False,kaggle_shopping
377473,Socks,Forever 21,Men's Fashion,28.0,0.0,28.0,1,28.0,Summer,2024,8,False,kaggle_shopping
377574,Handbag,Fossil,Accessories,65.0,0.0,65.0,1,65.0,Winter,2024,1,False,kaggle_shopping
377675,Hat,Michael Kors,Accessories,80.0,0.0,80.0,1,80.0,Winter,2024,1,False,kaggle_shopping
377776,Jewelry,Fossil,Accessories,94.0,0.0,94.0,1,94.0,Spring,2024,3,False,kaggle_shopping
377877,Backpack,Coach,Accessories,30.0,0.0,30.0,1,30.0,Fall,2024,9,False,kaggle_shopping
377978,Shirt,Uniqlo,Men's Fashion,45.0,0.0,45.0,1,45.0,Fall,2024,9,False,kaggle_shopping
378079,Coat,Patagonia,Women's Fashion,91.0,0.0,91.0,1,91.0,Summer,2024,8,False,kaggle_shopping
378180,Sunglasses,Fossil,Accessories,36.0,0.0,36.0,1,36.0,Winter,2024,1,False,kaggle_shopping
378281,Gloves,Fossil,Accessories,73.0,0.0,73.0,1,73.0,Fall,2024,9,False,kaggle_shopping
378382,Shirt,Uniqlo,Men's Fashion,60.0,0.0,60.0,1,60.0,Fall,2024,9,False,kaggle_shopping
378483,Socks,H&M,Men's Fashion,77.0,0.0,77.0,1,77.0,Winter,2024,1,False,kaggle_shopping
378584,Skirt,Forever 21,Men's Fashion,86.0,0.0,86.0,1,86.0,Spring,2024,3,False,kaggle_shopping
378685,Shorts,H&M,Men's Fashion,42.0,0.0,42.0,1,42.0,Summer,2024,8,False,kaggle_shopping
378786,Sandals,New Balance,Footwear,70.0,0.0,70.0,1,70.0,Spring,2024,3,False,kaggle_shopping
378887,Shirt,Zara,Men's Fashion,44.0,0.0,44.0,1,44.0,Summer,2024,8,False,kaggle_shopping
378988,Sunglasses,Michael Kors,Accessories,91.0,0.0,91.0,1,91.0,Spring,2024,3,False,kaggle_shopping
379089,Jewelry,Coach,Accessories,30.0,0.0,30.0,1,30.0,Fall,2024,9,False,kaggle_shopping
379190,Blouse,Zara,Men's Fashion,23.0,0.0,23.0,1,23.0,Fall,2024,9,False,kaggle_shopping
379291,Sandals,Converse,Footwear,21.0,0.0,21.0,1,21.0,Summer,2024,8,False,kaggle_shopping
379392,Coat,Patagonia,Women's Fashion,34.0,0.0,34.0,1,34.0,Spring,2024,3,False,kaggle_shopping
379493,Blouse,Zara,Men's Fashion,46.0,0.0,46.0,1,46.0,Summer,2024,8,False,kaggle_shopping
379594,Sweater,H&M,Men's Fashion,41.0,0.0,41.0,1,41.0,Winter,2024,1,False,kaggle_shopping
379695,Skirt,Uniqlo,Men's Fashion,33.0,0.0,33.0,1,33.0,Fall,2024,9,False,kaggle_shopping
379796,Blouse,Uniqlo,Men's Fashion,48.0,0.0,48.0,1,48.0,Fall,2024,9,False,kaggle_shopping
379897,Hoodie,Zara,Men's Fashion,66.0,0.0,66.0,1,66.0,Winter,2024,1,False,kaggle_shopping
379998,Skirt,Forever 21,Men's Fashion,54.0,0.0,54.0,1,54.0,Spring,2024,3,False,kaggle_shopping
380099,Backpack,Fossil,Accessories,55.0,0.0,55.0,1,55.0,Fall,2024,9,False,kaggle_shopping
380100,Handbag,Kate Spade,Accessories,84.0,0.0,84.0,1,84.0,Summer,2024,8,False,kaggle_shopping
380201,Sandals,Nike,Footwear,66.0,0.0,66.0,1,66.0,Spring,2024,3,False,kaggle_shopping
380302,Shoes,Adidas,Footwear,65.0,0.0,65.0,1,65.0,Spring,2024,3,False,kaggle_shopping
380403,Sandals,Converse,Footwear,83.0,0.0,83.0,1,83.0,Fall,2024,9,False,kaggle_shopping
380504,Sunglasses,Kate Spade,Accessories,61.0,0.0,61.0,1,61.0,Winter,2024,1,False,kaggle_shopping
380605,Skirt,H&M,Men's Fashion,65.0,0.0,65.0,1,65.0,Summer,2024,8,False,kaggle_shopping
380706,Sandals,Adidas,Footwear,55.0,0.0,55.0,1,55.0,Spring,2024,3,False,kaggle_shopping
380807,Gloves,Kate Spade,Accessories,79.0,0.0,79.0,1,79.0,Fall,2024,9,False,kaggle_shopping
380908,Hoodie,Forever 21,Men's Fashion,96.0,0.0,96.0,1,96.0,Fall,2024,9,False,kaggle_shopping
381009,Socks,Zara,Men's Fashion,43.0,0.0,43.0,1,43.0,Fall,2024,9,False,kaggle_shopping
381110,Jewelry,Fossil,Accessories,40.0,0.0,40.0,1,40.0,Summer,2024,8,False,kaggle_shopping
381211,Hat,Fossil,Accessories,62.0,0.0,62.0,1,62.0,Fall,2024,9,False,kaggle_shopping
381312,Blouse,Uniqlo,Men's Fashion,72.0,0.0,72.0,1,72.0,Spring,2024,3,False,kaggle_shopping
381413,Shoes,New Balance,Footwear,87.0,0.0,87.0,1,87.0,Spring,2024,3,False,kaggle_shopping
381514,Hat,Michael Kors,Accessories,31.0,0.0,31.0,1,31.0,Winter,2024,1,False,kaggle_shopping
381615,Sunglasses,Kate Spade,Accessories,34.0,0.0,34.0,1,34.0,Fall,2024,9,False,kaggle_shopping
381716,Shirt,Gap,Men's Fashion,53.0,0.0,53.0,1,53.0,Fall,2024,9,False,kaggle_shopping
381817,T-shirt,Uniqlo,Men's Fashion,85.0,0.0,85.0,1,85.0,Summer,2024,8,False,kaggle_shopping
381918,Pants,Zara,Men's Fashion,50.0,0.0,50.0,1,50.0,Fall,2024,9,False,kaggle_shopping
382019,Pants,Gap,Men's Fashion,91.0,0.0,91.0,1,91.0,Summer,2024,8,False,kaggle_shopping
382120,Hat,Coach,Accessories,56.0,0.0,56.0,1,56.0,Fall,2024,9,False,kaggle_shopping
382221,Coat,Patagonia,Women's Fashion,60.0,0.0,60.0,1,60.0,Fall,2024,9,False,kaggle_shopping
382322,Jacket,Canada Goose,Women's Fashion,34.0,0.0,34.0,1,34.0,Fall,2024,9,False,kaggle_shopping
382423,Sandals,New Balance,Footwear,30.0,0.0,30.0,1,30.0,Spring,2024,3,False,kaggle_shopping
382524,Gloves,Michael Kors,Accessories,71.0,0.0,71.0,1,71.0,Winter,2024,1,False,kaggle_shopping
382625,Dress,Forever 21,Men's Fashion,100.0,0.0,100.0,1,100.0,Winter,2024,1,False,kaggle_shopping
382726,Belt,Fossil,Accessories,85.0,0.0,85.0,1,85.0,Fall,2024,9,False,kaggle_shopping
382827,Socks,Forever 21,Men's Fashion,83.0,0.0,83.0,1,83.0,Summer,2024,8,False,kaggle_shopping
382928,Jacket,Patagonia,Women's Fashion,31.0,0.0,31.0,1,31.0,Winter,2024,1,False,kaggle_shopping
383029,Boots,Converse,Footwear,82.0,0.0,82.0,1,82.0,Spring,2024,3,False,kaggle_shopping
383130,Shirt,Gap,Men's Fashion,79.0,0.0,79.0,1,79.0,Summer,2024,8,False,kaggle_shopping
383231,Hat,Michael Kors,Accessories,62.0,0.0,62.0,1,62.0,Spring,2024,3,False,kaggle_shopping
383332,Shoes,Nike,Footwear,92.0,0.0,92.0,1,92.0,Spring,2024,3,False,kaggle_shopping
383433,Socks,Zara,Men's Fashion,58.0,0.0,58.0,1,58.0,Fall,2024,9,False,kaggle_shopping
383534,Hoodie,Forever 21,Men's Fashion,88.0,0.0,88.0,1,88.0,Spring,2024,3,False,kaggle_shopping
383635,Sandals,Adidas,Footwear,44.0,0.0,44.0,1,44.0,Spring,2024,3,False,kaggle_shopping
383736,Jeans,Zara,Men's Fashion,56.0,0.0,56.0,1,56.0,Spring,2024,3,False,kaggle_shopping
383837,Jewelry,Michael Kors,Accessories,23.0,0.0,23.0,1,23.0,Winter,2024,1,False,kaggle_shopping
383938,Shorts,Gap,Men's Fashion,45.0,0.0,45.0,1,45.0,Spring,2024,3,False,kaggle_shopping
384039,Sunglasses,Fossil,Accessories,31.0,0.0,31.0,1,31.0,Fall,2024,9,False,kaggle_shopping
384140,Pants,Gap,Men's Fashion,96.0,0.0,96.0,1,96.0,Summer,2024,8,False,kaggle_shopping
384241,Shirt,Forever 21,Men's Fashion,96.0,0.0,96.0,1,96.0,Spring,2024,3,False,kaggle_shopping
384342,Shirt,Gap,Men's Fashion,80.0,0.0,80.0,1,80.0,Fall,2024,9,False,kaggle_shopping
384443,Pants,Gap,Men's Fashion,28.0,0.0,28.0,1,28.0,Fall,2024,9,False,kaggle_shopping
384544,Hoodie,Uniqlo,Men's Fashion,51.0,0.0,51.0,1,51.0,Summer,2024,8,False,kaggle_shopping
384645,Socks,Gap,Men's Fashion,41.0,0.0,41.0,1,41.0,Spring,2024,3,False,kaggle_shopping
384746,Coat,Canada Goose,Women's Fashion,99.0,0.0,99.0,1,99.0,Summer,2024,8,False,kaggle_shopping
384847,Sweater,Zara,Men's Fashion,53.0,0.0,53.0,1,53.0,Spring,2024,3,False,kaggle_shopping
384948,Backpack,Kate Spade,Accessories,25.0,0.0,25.0,1,25.0,Fall,2024,9,False,kaggle_shopping
385049,Blouse,Uniqlo,Men's Fashion,95.0,0.0,95.0,1,95.0,Winter,2024,1,False,kaggle_shopping
385150,Hoodie,Zara,Men's Fashion,88.0,0.0,88.0,1,88.0,Fall,2024,9,False,kaggle_shopping
385251,Jewelry,Kate Spade,Accessories,97.0,0.0,97.0,1,97.0,Fall,2024,9,False,kaggle_shopping
385352,Coat,Canada Goose,Women's Fashion,81.0,0.0,81.0,1,81.0,Winter,2024,1,False,kaggle_shopping
385453,Sunglasses,Kate Spade,Accessories,26.0,0.0,26.0,1,26.0,Winter,2024,1,False,kaggle_shopping
385554,Shoes,Nike,Footwear,41.0,0.0,41.0,1,41.0,Summer,2024,8,False,kaggle_shopping
385655,Skirt,Forever 21,Men's Fashion,93.0,0.0,93.0,1,93.0,Fall,2024,9,False,kaggle_shopping
385756,Skirt,Forever 21,Men's Fashion,69.0,0.0,69.0,1,69.0,Spring,2024,3,False,kaggle_shopping
385857,Skirt,Gap,Men's Fashion,44.0,0.0,44.0,1,44.0,Fall,2024,9,False,kaggle_shopping
385958,Sandals,Converse,Footwear,54.0,0.0,54.0,1,54.0,Spring,2024,3,False,kaggle_shopping
386059,Sneakers,Converse,Footwear,61.0,0.0,61.0,1,61.0,Spring,2024,3,False,kaggle_shopping
386160,Socks,Forever 21,Men's Fashion,80.0,0.0,80.0,1,80.0,Fall,2024,9,False,kaggle_shopping
386261,Backpack,Coach,Accessories,30.0,0.0,30.0,1,30.0,Summer,2024,8,False,kaggle_shopping
386362,Shorts,H&M,Men's Fashion,94.0,0.0,94.0,1,94.0,Fall,2024,9,False,kaggle_shopping
386463,Shirt,Forever 21,Men's Fashion,24.0,0.0,24.0,1,24.0,Winter,2024,1,False,kaggle_shopping
386564,Socks,Zara,Men's Fashion,21.0,0.0,21.0,1,21.0,Fall,2024,9,False,kaggle_shopping
386665,Jewelry,Fossil,Accessories,52.0,0.0,52.0,1,52.0,Summer,2024,8,False,kaggle_shopping
386766,Handbag,Michael Kors,Accessories,59.0,0.0,59.0,1,59.0,Fall,2024,9,False,kaggle_shopping
386867,Shorts,H&M,Men's Fashion,51.0,0.0,51.0,1,51.0,Summer,2024,8,False,kaggle_shopping
386968,Sweater,Zara,Men's Fashion,35.0,0.0,35.0,1,35.0,Winter,2024,1,False,kaggle_shopping
387069,Gloves,Kate Spade,Accessories,87.0,0.0,87.0,1,87.0,Summer,2024,8,False,kaggle_shopping
387170,Pants,Zara,Men's Fashion,42.0,0.0,42.0,1,42.0,Summer,2024,8,False,kaggle_shopping
387271,T-shirt,Uniqlo,Men's Fashion,86.0,0.0,86.0,1,86.0,Winter,2024,1,False,kaggle_shopping
387372,Pants,Forever 21,Men's Fashion,26.0,0.0,26.0,1,26.0,Fall,2024,9,False,kaggle_shopping
387473,Sweater,Zara,Men's Fashion,60.0,0.0,60.0,1,60.0,Summer,2024,8,False,kaggle_shopping
387574,Gloves,Coach,Accessories,83.0,0.0,83.0,1,83.0,Winter,2024,1,False,kaggle_shopping
387675,Belt,Michael Kors,Accessories,63.0,0.0,63.0,1,63.0,Spring,2024,3,False,kaggle_shopping
387776,Sneakers,Puma,Footwear,25.0,0.0,25.0,1,25.0,Spring,2024,3,False,kaggle_shopping
387877,Shorts,Zara,Men's Fashion,65.0,0.0,65.0,1,65.0,Fall,2024,9,False,kaggle_shopping
387978,Sneakers,Nike,Footwear,60.0,0.0,60.0,1,60.0,Fall,2024,9,False,kaggle_shopping
388079,Jeans,H&M,Men's Fashion,75.0,0.0,75.0,1,75.0,Spring,2024,3,False,kaggle_shopping
388180,Sneakers,New Balance,Footwear,57.0,0.0,57.0,1,57.0,Fall,2024,9,False,kaggle_shopping
388281,Boots,Puma,Footwear,99.0,0.0,99.0,1,99.0,Winter,2024,1,False,kaggle_shopping
388382,Jacket,Patagonia,Women's Fashion,45.0,0.0,45.0,1,45.0,Spring,2024,3,False,kaggle_shopping
388483,Gloves,Kate Spade,Accessories,66.0,0.0,66.0,1,66.0,Summer,2024,8,False,kaggle_shopping
388584,Socks,Uniqlo,Men's Fashion,53.0,0.0,53.0,1,53.0,Winter,2024,1,False,kaggle_shopping
388685,Jeans,Zara,Men's Fashion,94.0,0.0,94.0,1,94.0,Winter,2024,1,False,kaggle_shopping
388786,Boots,Puma,Footwear,47.0,0.0,47.0,1,47.0,Fall,2024,9,False,kaggle_shopping
388887,Blouse,Forever 21,Men's Fashion,80.0,0.0,80.0,1,80.0,Fall,2024,9,False,kaggle_shopping
388988,Hat,Kate Spade,Accessories,65.0,0.0,65.0,1,65.0,Spring,2024,3,False,kaggle_shopping
389089,Shirt,Uniqlo,Men's Fashion,75.0,0.0,75.0,1,75.0,Summer,2024,8,False,kaggle_shopping
389190,Handbag,Michael Kors,Accessories,45.0,0.0,45.0,1,45.0,Summer,2024,8,False,kaggle_shopping
389291,Sunglasses,Coach,Accessories,51.0,0.0,51.0,1,51.0,Spring,2024,3,False,kaggle_shopping
389392,Scarf,Fossil,Accessories,58.0,0.0,58.0,1,58.0,Summer,2024,8,False,kaggle_shopping
389493,Sunglasses,Michael Kors,Accessories,20.0,0.0,20.0,1,20.0,Fall,2024,9,False,kaggle_shopping
389594,Scarf,Coach,Accessories,82.0,0.0,82.0,1,82.0,Summer,2024,8,False,kaggle_shopping
389695,Gloves,Kate Spade,Accessories,92.0,0.0,92.0,1,92.0,Spring,2024,3,False,kaggle_shopping
389796,Shorts,Gap,Men's Fashion,81.0,0.0,81.0,1,81.0,Fall,2024,9,False,kaggle_shopping
389897,Sunglasses,Kate Spade,Accessories,44.0,0.0,44.0,1,44.0,Summer,2024,8,False,kaggle_shopping
389998,Jewelry,Fossil,Accessories,72.0,0.0,72.0,1,72.0,Winter,2024,1,False,kaggle_shopping
390099,Jacket,Patagonia,Women's Fashion,26.0,0.0,26.0,1,26.0,Winter,2024,1,False,kaggle_shopping
390100,Sweater,Forever 21,Men's Fashion,26.0,0.0,26.0,1,26.0,Fall,2024,9,False,kaggle_shopping
390201,Blouse,H&M,Men's Fashion,84.0,0.0,84.0,1,84.0,Spring,2024,3,False,kaggle_shopping
390302,Scarf,Kate Spade,Accessories,72.0,0.0,72.0,1,72.0,Spring,2024,3,False,kaggle_shopping
390403,Handbag,Coach,Accessories,55.0,0.0,55.0,1,55.0,Spring,2024,3,False,kaggle_shopping
390504,Hat,Fossil,Accessories,77.0,0.0,77.0,1,77.0,Fall,2024,9,False,kaggle_shopping
390605,Scarf,Kate Spade,Accessories,57.0,0.0,57.0,1,57.0,Fall,2024,9,False,kaggle_shopping
390706,Boots,New Balance,Footwear,71.0,0.0,71.0,1,71.0,Spring,2024,3,False,kaggle_shopping
390807,Blouse,Gap,Men's Fashion,39.0,0.0,39.0,1,39.0,Spring,2024,3,False,kaggle_shopping
390908,Socks,Uniqlo,Men's Fashion,28.0,0.0,28.0,1,28.0,Winter,2024,1,False,kaggle_shopping
391009,Shoes,Adidas,Footwear,33.0,0.0,33.0,1,33.0,Winter,2024,1,False,kaggle_shopping
391110,Skirt,Uniqlo,Men's Fashion,79.0,0.0,79.0,1,79.0,Fall,2024,9,False,kaggle_shopping
391211,Belt,Kate Spade,Accessories,30.0,0.0,30.0,1,30.0,Winter,2024,1,False,kaggle_shopping
391312,Skirt,Gap,Men's Fashion,75.0,0.0,75.0,1,75.0,Spring,2024,3,False,kaggle_shopping
391413,Pants,Uniqlo,Men's Fashion,89.0,0.0,89.0,1,89.0,Summer,2024,8,False,kaggle_shopping
391514,Dress,Forever 21,Men's Fashion,95.0,0.0,95.0,1,95.0,Winter,2024,1,False,kaggle_shopping
391615,Hat,Coach,Accessories,44.0,0.0,44.0,1,44.0,Fall,2024,9,False,kaggle_shopping
391716,Coat,Patagonia,Women's Fashion,86.0,0.0,86.0,1,86.0,Summer,2024,8,False,kaggle_shopping
391817,Scarf,Coach,Accessories,91.0,0.0,91.0,1,91.0,Fall,2024,9,False,kaggle_shopping
391918,Sneakers,Puma,Footwear,41.0,0.0,41.0,1,41.0,Winter,2024,1,False,kaggle_shopping
392019,Pants,Gap,Men's Fashion,99.0,0.0,99.0,1,99.0,Spring,2024,3,False,kaggle_shopping
392120,Belt,Kate Spade,Accessories,65.0,0.0,65.0,1,65.0,Winter,2024,1,False,kaggle_shopping
392221,Sneakers,Nike,Footwear,48.0,0.0,48.0,1,48.0,Summer,2024,8,False,kaggle_shopping
392322,Hat,Coach,Accessories,41.0,0.0,41.0,1,41.0,Spring,2024,3,False,kaggle_shopping
392423,Shirt,Uniqlo,Men's Fashion,42.0,0.0,42.0,1,42.0,Summer,2024,8,False,kaggle_shopping
392524,Shorts,Gap,Men's Fashion,26.0,0.0,26.0,1,26.0,Summer,2024,8,False,kaggle_shopping
392625,Shorts,Uniqlo,Men's Fashion,35.0,0.0,35.0,1,35.0,Fall,2024,9,False,kaggle_shopping
392726,Jacket,Patagonia,Women's Fashion,31.0,0.0,31.0,1,31.0,Summer,2024,8,False,kaggle_shopping
392827,Jewelry,Fossil,Accessories,73.0,0.0,73.0,1,73.0,Summer,2024,8,False,kaggle_shopping
392928,Blouse,Gap,Men's Fashion,82.0,0.0,82.0,1,82.0,Spring,2024,3,False,kaggle_shopping
393029,Pants,H&M,Men's Fashion,32.0,0.0,32.0,1,32.0,Spring,2024,3,False,kaggle_shopping
393130,Hat,Kate Spade,Accessories,27.0,0.0,27.0,1,27.0,Summer,2024,8,False,kaggle_shopping
393231,Backpack,Kate Spade,Accessories,86.0,0.0,86.0,1,86.0,Spring,2024,3,False,kaggle_shopping
393332,Boots,Puma,Footwear,38.0,0.0,38.0,1,38.0,Winter,2024,1,False,kaggle_shopping
393433,Jacket,North Face,Women's Fashion,93.0,0.0,93.0,1,93.0,Summer,2024,8,False,kaggle_shopping
393534,Hoodie,Gap,Men's Fashion,59.0,0.0,59.0,1,59.0,Winter,2024,1,False,kaggle_shopping
393635,Sandals,Puma,Footwear,58.0,0.0,58.0,1,58.0,Winter,2024,1,False,kaggle_shopping
393736,Skirt,Uniqlo,Men's Fashion,84.0,0.0,84.0,1,84.0,Spring,2024,3,False,kaggle_shopping
393837,Hoodie,Forever 21,Men's Fashion,100.0,0.0,100.0,1,100.0,Spring,2024,3,False,kaggle_shopping
393938,Dress,Forever 21,Men's Fashion,25.0,0.0,25.0,1,25.0,Summer,2024,8,False,kaggle_shopping
394039,Sandals,New Balance,Footwear,29.0,0.0,29.0,1,29.0,Spring,2024,3,False,kaggle_shopping
394140,Jeans,Forever 21,Men's Fashion,42.0,0.0,42.0,1,42.0,Spring,2024,3,False,kaggle_shopping
394241,Jeans,Forever 21,Men's Fashion,57.0,0.0,57.0,1,57.0,Fall,2024,9,False,kaggle_shopping
394342,Jacket,Patagonia,Women's Fashion,84.0,0.0,84.0,1,84.0,Winter,2024,1,False,kaggle_shopping
394443,Hat,Coach,Accessories,71.0,0.0,71.0,1,71.0,Winter,2024,1,False,kaggle_shopping
394544,Shorts,Gap,Men's Fashion,87.0,0.0,87.0,1,87.0,Fall,2024,9,False,kaggle_shopping
394645,Sweater,Forever 21,Men's Fashion,52.0,0.0,52.0,1,52.0,Winter,2024,1,False,kaggle_shopping
394746,Blouse,Zara,Men's Fashion,58.0,0.0,58.0,1,58.0,Summer,2024,8,False,kaggle_shopping
394847,Sweater,H&M,Men's Fashion,34.0,0.0,34.0,1,34.0,Fall,2024,9,False,kaggle_shopping
394948,Jewelry,Fossil,Accessories,60.0,0.0,60.0,1,60.0,Winter,2024,1,False,kaggle_shopping
395049,Hoodie,Gap,Men's Fashion,68.0,0.0,68.0,1,68.0,Winter,2024,1,False,kaggle_shopping
395150,Jewelry,Coach,Accessories,74.0,0.0,74.0,1,74.0,Summer,2024,8,False,kaggle_shopping
395251,Scarf,Coach,Accessories,83.0,0.0,83.0,1,83.0,Summer,2024,8,False,kaggle_shopping
395352,Hat,Coach,Accessories,79.0,0.0,79.0,1,79.0,Fall,2024,9,False,kaggle_shopping
395453,Sunglasses,Coach,Accessories,76.0,0.0,76.0,1,76.0,Fall,2024,9,False,kaggle_shopping
395554,T-shirt,H&M,Men's Fashion,20.0,0.0,20.0,1,20.0,Spring,2024,3,False,kaggle_shopping
395655,Shirt,H&M,Men's Fashion,61.0,0.0,61.0,1,61.0,Summer,2024,8,False,kaggle_shopping
395756,Sandals,New Balance,Footwear,78.0,0.0,78.0,1,78.0,Summer,2024,8,False,kaggle_shopping
395857,Hat,Kate Spade,Accessories,21.0,0.0,21.0,1,21.0,Summer,2024,8,False,kaggle_shopping
395958,T-shirt,Forever 21,Men's Fashion,77.0,0.0,77.0,1,77.0,Winter,2024,1,False,kaggle_shopping
396059,Shorts,Forever 21,Men's Fashion,88.0,0.0,88.0,1,88.0,Fall,2024,9,False,kaggle_shopping
396160,Sunglasses,Coach,Accessories,64.0,0.0,64.0,1,64.0,Summer,2024,8,False,kaggle_shopping
396261,Jacket,Columbia,Women's Fashion,57.0,0.0,57.0,1,57.0,Spring,2024,3,False,kaggle_shopping
396362,Shirt,Forever 21,Men's Fashion,49.0,0.0,49.0,1,49.0,Winter,2024,1,False,kaggle_shopping
396463,Scarf,Coach,Accessories,35.0,0.0,35.0,1,35.0,Summer,2024,8,False,kaggle_shopping
396564,T-shirt,H&M,Men's Fashion,99.0,0.0,99.0,1,99.0,Winter,2024,1,False,kaggle_shopping
396665,Shorts,H&M,Men's Fashion,42.0,0.0,42.0,1,42.0,Spring,2024,3,False,kaggle_shopping
396766,Hat,Michael Kors,Accessories,32.0,0.0,32.0,1,32.0,Winter,2024,1,False,kaggle_shopping
396867,Jacket,Columbia,Women's Fashion,21.0,0.0,21.0,1,21.0,Summer,2024,8,False,kaggle_shopping
396968,Dress,Gap,Men's Fashion,29.0,0.0,29.0,1,29.0,Winter,2024,1,False,kaggle_shopping
397069,Coat,North Face,Women's Fashion,64.0,0.0,64.0,1,64.0,Spring,2024,3,False,kaggle_shopping
397170,Sandals,Nike,Footwear,46.0,0.0,46.0,1,46.0,Fall,2024,9,False,kaggle_shopping
397271,T-shirt,Gap,Men's Fashion,97.0,0.0,97.0,1,97.0,Fall,2024,9,False,kaggle_shopping
397372,Jacket,North Face,Women's Fashion,94.0,0.0,94.0,1,94.0,Spring,2024,3,False,kaggle_shopping
397473,Sandals,Converse,Footwear,43.0,0.0,43.0,1,43.0,Summer,2024,8,False,kaggle_shopping
397574,Sweater,Forever 21,Men's Fashion,54.0,0.0,54.0,1,54.0,Summer,2024,8,False,kaggle_shopping
397675,Hat,Michael Kors,Accessories,51.0,0.0,51.0,1,51.0,Winter,2024,1,False,kaggle_shopping
397776,Shoes,Adidas,Footwear,85.0,0.0,85.0,1,85.0,Fall,2024,9,False,kaggle_shopping
397877,Hoodie,Forever 21,Men's Fashion,96.0,0.0,96.0,1,96.0,Spring,2024,3,False,kaggle_shopping
397978,Hat,Fossil,Accessories,42.0,0.0,42.0,1,42.0,Summer,2024,8,False,kaggle_shopping
398079,Skirt,Gap,Men's Fashion,63.0,0.0,63.0,1,63.0,Winter,2024,1,False,kaggle_shopping
398180,Shirt,Forever 21,Men's Fashion,20.0,0.0,20.0,1,20.0,Winter,2024,1,False,kaggle_shopping
398281,Scarf,Coach,Accessories,25.0,0.0,25.0,1,25.0,Spring,2024,3,False,kaggle_shopping
398382,Pants,H&M,Men's Fashion,95.0,0.0,95.0,1,95.0,Fall,2024,9,False,kaggle_shopping
398483,Hat,Michael Kors,Accessories,38.0,0.0,38.0,1,38.0,Fall,2024,9,False,kaggle_shopping
398584,Sandals,Converse,Footwear,29.0,0.0,29.0,1,29.0,Fall,2024,9,False,kaggle_shopping
398685,Socks,Zara,Men's Fashion,64.0,0.0,64.0,1,64.0,Winter,2024,1,False,kaggle_shopping
398786,Jewelry,Kate Spade,Accessories,92.0,0.0,92.0,1,92.0,Summer,2024,8,False,kaggle_shopping
398887,Shirt,H&M,Men's Fashion,34.0,0.0,34.0,1,34.0,Spring,2024,3,False,kaggle_shopping
398988,Sneakers,Nike,Footwear,69.0,0.0,69.0,1,69.0,Spring,2024,3,False,kaggle_shopping
399089,Dress,H&M,Men's Fashion,65.0,0.0,65.0,1,65.0,Spring,2024,3,False,kaggle_shopping
399190,Shirt,Gap,Men's Fashion,81.0,0.0,81.0,1,81.0,Winter,2024,1,False,kaggle_shopping
399291,Dress,H&M,Men's Fashion,30.0,0.0,30.0,1,30.0,Winter,2024,1,False,kaggle_shopping
399392,Jewelry,Michael Kors,Accessories,86.0,0.0,86.0,1,86.0,Summer,2024,8,False,kaggle_shopping
399493,Hat,Kate Spade,Accessories,64.0,0.0,64.0,1,64.0,Fall,2024,9,False,kaggle_shopping
399594,Skirt,H&M,Men's Fashion,78.0,0.0,78.0,1,78.0,Spring,2024,3,False,kaggle_shopping
399695,Hoodie,Zara,Men's Fashion,28.0,0.0,28.0,1,28.0,Summer,2024,8,False,kaggle_shopping
399796,Backpack,Michael Kors,Accessories,49.0,0.0,49.0,1,49.0,Spring,2024,3,False,kaggle_shopping
399897,Belt,Kate Spade,Accessories,33.0,0.0,33.0,1,33.0,Spring,2024,3,False,kaggle_shopping
399998,Shoes,New Balance,Footwear,77.0,0.0,77.0,1,77.0,Summer,2024,8,False,kaggle_shopping
400099,Handbag,Michael Kors,Accessories,81.0,0.0,81.0,1,81.0,Spring,2024,3,False,kaggle_shopping
