product_id,product_name,brand,category,base_price,discount_percent,final_price,quantity_sold,revenue,season,sale_year,sale_month,is_promotional_period,source_file
10100,Blouse,Zara,Men's Fashion,53.0,22.81751736529199,40.90671579639524,1,40.90671579639524,Winter,2024,1,True,kaggle_shopping
10201,Sweater,Gap,Men's Fashion,64.0,16.04106719259336,53.73371699674025,1,53.73371699674025,Winter,2024,1,True,kaggle_shopping
10302,Jeans,Uniqlo,Men's Fashion,73.0,27.95105590231008,52.59572919131364,1,52.59572919131364,Spring,2024,5,True,kaggle_shopping
10403,Sandals,Puma,Footwear,90.0,22.39665796397554,69.84300783242202,1,69.84300783242202,Spring,2024,5,True,kaggle_shopping
10504,Blouse,Uniqlo,Men's Fashion,49.0,27.58523448117431,35.48323510422458,1,35.48323510422458,Spring,2024,5,True,kaggle_shopping
10605,Sneakers,Adidas,Footwear,20.0,15.877994392179104,16.82440112156418,1,16.82440112156418,Summer,2024,6,True,kaggle_shopping
10706,Shirt,Gap,Men's Fashion,85.0,26.119635764533093,62.79830960014687,1,62.79830960014687,Fall,2024,9,True,kaggle_shopping
10807,Shorts,Uniqlo,Men's Fashion,34.0,19.47998846818681,27.37680392081648,1,27.37680392081648,Winter,2024,1,True,kaggle_shopping
10908,Coat,Canada Goose,Women's Fashion,97.0,20.08597622357751,77.51660306312982,1,77.51660306312982,Summer,2024,6,True,kaggle_shopping
11009,Handbag,Coach,Accessories,31.0,17.898820141918144,25.451365756005373,1,25.451365756005373,Spring,2024,5,True,kaggle_shopping
11110,Shoes,Adidas,Footwear,34.0,16.321533869945473,28.45067848421854,1,28.45067848421854,Fall,2024,9,True,kaggle_shopping
11211,Shorts,Uniqlo,Men's Fashion,68.0,24.820076104568287,51.122348248893566,1,51.122348248893566,Winter,2024,1,True,kaggle_shopping
11312,Coat,Canada Goose,Women's Fashion,72.0,18.67695270765704,58.55259405048693,1,58.55259405048693,Winter,2024,1,True,kaggle_shopping
11413,Dress,Forever 21,Men's Fashion,51.0,26.80664219902851,37.32861247849546,1,37.32861247849546,Spring,2024,5,True,kaggle_shopping
11514,Coat,Canada Goose,Women's Fashion,53.0,15.94286138476804,44.55028346607294,1,44.55028346607294,Winter,2024,1,True,kaggle_shopping
11615,Skirt,Zara,Men's Fashion,81.0,23.02514799558567,62.34963012357561,1,62.34963012357561,Winter,2024,1,True,kaggle_shopping
11716,Sunglasses,Coach,Accessories,36.0,18.52073482269429,29.332535463830055,1,29.332535463830055,Spring,2024,5,True,kaggle_shopping
11817,Dress,Zara,Men's Fashion,38.0,24.66470437487859,28.627412337546136,1,28.627412337546136,Winter,2024,1,True,kaggle_shopping
11918,Sweater,Zara,Men's Fashion,48.0,22.062926003503247,37.40979551831844,1,37.40979551831844,Summer,2024,6,True,kaggle_shopping
12019,Pants,Forever 21,Men's Fashion,90.0,20.700753740244984,71.36932163377952,1,71.36932163377952,Summer,2024,6,True,kaggle_shopping
12120,Pants,Uniqlo,Men's Fashion,51.0,17.815711671844614,41.91398704735925,1,41.91398704735925,Winter,2024,1,True,kaggle_shopping
12221,Pants,Uniqlo,Men's Fashion,62.0,21.934716030657455,48.40047606099238,1,48.40047606099238,Winter,2024,1,True,kaggle_shopping
12322,Pants,H&M,Men's Fashion,37.0,16.75050228113998,30.80231415597821,1,30.80231415597821,Summer,2024,6,True,kaggle_shopping
12423,Pants,Zara,Men's Fashion,88.0,18.460006346683606,71.75519441491842,1,71.75519441491842,Winter,2024,1,True,kaggle_shopping
12524,Jacket,Columbia,Women's Fashion,22.0,17.466793797682534,18.157305364509842,1,18.157305364509842,Fall,2024,9,True,kaggle_shopping
12625,Hoodie,Forever 21,Men's Fashion,25.0,16.934443592362996,20.76638910190925,1,20.76638910190925,Summer,2024,6,True,kaggle_shopping
12726,Jewelry,Michael Kors,Accessories,20.0,16.76848865997609,16.64630226800478,1,16.64630226800478,Spring,2024,5,True,kaggle_shopping
12827,Shorts,Uniqlo,Men's Fashion,56.0,18.473955748237245,45.65458478098714,1,45.65458478098714,Summer,2024,6,True,kaggle_shopping
12928,Handbag,Fossil,Accessories,94.0,16.95380890113846,78.06341963292985,1,78.06341963292985,Fall,2024,9,True,kaggle_shopping
13029,Dress,Zara,Men's Fashion,48.0,19.77779918043239,38.506656393392454,1,38.506656393392454,Fall,2024,9,True,kaggle_shopping
13130,Jewelry,Coach,Accessories,31.0,15.495213432149376,26.196483836033693,1,26.196483836033693,Winter,2024,1,True,kaggle_shopping
13231,Dress,Forever 21,Men's Fashion,79.0,20.813581745751275,62.55727042085649,1,62.55727042085649,Winter,2024,1,True,kaggle_shopping
13332,Jacket,Patagonia,Women's Fashion,67.0,20.796085283594394,53.06662285999176,1,53.06662285999176,Summer,2024,6,True,kaggle_shopping
13433,Pants,Zara,Men's Fashion,38.0,24.8236675968804,28.567006313185445,1,28.567006313185445,Summer,2024,6,True,kaggle_shopping
13534,T-shirt,H&M,Men's Fashion,91.0,22.949132680025105,70.11628926117716,1,70.11628926117716,Spring,2024,5,True,kaggle_shopping
13635,Blouse,Gap,Men's Fashion,33.0,19.962586783920244,26.41234636130632,1,26.41234636130632,Summer,2024,6,True,kaggle_shopping
13736,T-shirt,Forever 21,Men's Fashion,69.0,19.73764313343721,55.381026237928324,1,55.381026237928324,Winter,2024,1,True,kaggle_shopping
13837,Jeans,Forever 21,Men's Fashion,45.0,28.0245457769788,32.388954400359545,1,32.388954400359545,Summer,2024,6,True,kaggle_shopping
13938,Dress,Uniqlo,Men's Fashion,37.0,21.32489847007773,29.10978756607124,1,29.10978756607124,Winter,2024,1,True,kaggle_shopping
14039,Pants,Forever 21,Men's Fashion,60.0,25.83831952106297,44.49700828736222,1,44.49700828736222,Summer,2024,6,True,kaggle_shopping
14140,Handbag,Kate Spade,Accessories,76.0,26.09458190359073,56.16811775327105,1,56.16811775327105,Winter,2024,1,True,kaggle_shopping
14241,Scarf,Kate Spade,Accessories,39.0,22.239593630065094,30.326558484274614,1,30.326558484274614,Spring,2024,5,True,kaggle_shopping
14342,Coat,North Face,Women's Fashion,100.0,18.35254283954562,81.64745716045438,1,81.64745716045438,Spring,2024,5,True,kaggle_shopping
14443,Scarf,Coach,Accessories,69.0,29.67495044882677,48.52428419030952,1,48.52428419030952,Fall,2024,9,True,kaggle_shopping
14544,Hat,Coach,Accessories,53.0,29.13637988398767,37.55771866148653,1,37.55771866148653,Summer,2024,6,True,kaggle_shopping
14645,Socks,Forever 21,Men's Fashion,21.0,15.413079691796355,17.763253264722767,1,17.763253264722767,Fall,2024,9,True,kaggle_shopping
14746,Shirt,Gap,Men's Fashion,43.0,27.87725075726682,31.01278217437527,1,31.01278217437527,Summer,2024,6,True,kaggle_shopping
14847,Jewelry,Coach,Accessories,54.0,26.750479277595097,39.554741190098646,1,39.554741190098646,Winter,2024,1,True,kaggle_shopping
14948,Shirt,Uniqlo,Men's Fashion,55.0,28.012599970054186,39.5930700164702,1,39.5930700164702,Summer,2024,6,True,kaggle_shopping
15049,Hoodie,Gap,Men's Fashion,30.0,19.433268388674037,24.170019483397787,1,24.170019483397787,Spring,2024,5,True,kaggle_shopping
15150,Blouse,Uniqlo,Men's Fashion,28.0,21.83905765760037,21.8850638558719,1,21.8850638558719,Spring,2024,5,True,kaggle_shopping
15251,Skirt,Gap,Men's Fashion,59.0,25.446903605142083,43.986326872966174,1,43.986326872966174,Winter,2024,1,True,kaggle_shopping
15352,T-shirt,Zara,Men's Fashion,20.0,27.153684654831984,14.569263069033603,1,14.569263069033603,Summer,2024,6,True,kaggle_shopping
15453,Skirt,Zara,Men's Fashion,24.0,20.904076309877496,18.983021685629403,1,18.983021685629403,Winter,2024,1,True,kaggle_shopping
15554,Coat,Canada Goose,Women's Fashion,94.0,28.60719079094397,67.10924065651267,1,67.10924065651267,Summer,2024,6,True,kaggle_shopping
15655,Jacket,Canada Goose,Women's Fashion,28.0,24.839967855550825,21.044809000445767,1,21.044809000445767,Winter,2024,1,True,kaggle_shopping
15756,Backpack,Coach,Accessories,73.0,20.224058036443918,58.236437633395944,1,58.236437633395944,Summer,2024,6,True,kaggle_shopping
15857,Coat,North Face,Women's Fashion,64.0,15.495261418919315,54.08303269189164,1,54.08303269189164,Summer,2024,6,True,kaggle_shopping
15958,Hoodie,H&M,Men's Fashion,54.0,23.450322594478394,41.33682579898167,1,41.33682579898167,Summer,2024,6,True,kaggle_shopping
16059,Belt,Kate Spade,Accessories,79.0,23.44333595657963,60.47976459430209,1,60.47976459430209,Spring,2024,5,True,kaggle_shopping
16160,Sweater,Gap,Men's Fashion,37.0,23.061302356631348,28.4673181280464,1,28.4673181280464,Summer,2024,6,True,kaggle_shopping
16261,Scarf,Michael Kors,Accessories,68.0,22.631721289474683,52.610429523157215,1,52.610429523157215,Winter,2024,1,True,kaggle_shopping
16362,Sneakers,New Balance,Footwear,21.0,27.439450831922713,15.237715325296229,1,15.237715325296229,Spring,2024,5,True,kaggle_shopping
16463,Sunglasses,Michael Kors,Accessories,79.0,21.239229600687025,62.22100861545725,1,62.22100861545725,Winter,2024,1,True,kaggle_shopping
16564,Boots,Adidas,Footwear,83.0,24.94299458517991,62.29731449430067,1,62.29731449430067,Fall,2024,9,True,kaggle_shopping
16665,Backpack,Fossil,Accessories,36.0,15.58842813580073,30.388165871111738,1,30.388165871111738,Spring,2024,5,True,kaggle_shopping
16766,Blouse,H&M,Men's Fashion,94.0,20.390508002718175,74.83292247744491,1,74.83292247744491,Winter,2024,1,True,kaggle_shopping
16867,Coat,Columbia,Women's Fashion,33.0,29.337347176108473,23.318675431884202,1,23.318675431884202,Winter,2024,1,True,kaggle_shopping
16968,Handbag,Kate Spade,Accessories,46.0,28.141795557874197,33.05477404337787,1,33.05477404337787,Summer,2024,6,True,kaggle_shopping
17069,Belt,Michael Kors,Accessories,70.0,24.74540256665051,52.67821820334464,1,52.67821820334464,Summer,2024,6,True,kaggle_shopping
17170,Belt,Fossil,Accessories,29.0,16.63468604554293,24.17594104679255,1,24.17594104679255,Fall,2024,9,True,kaggle_shopping
17271,Dress,Forever 21,Men's Fashion,48.0,29.036274161525213,34.062588402467895,1,34.062588402467895,Summer,2024,6,True,kaggle_shopping
17372,Dress,Forever 21,Men's Fashion,26.0,29.88755816673722,18.22923487664832,1,18.22923487664832,Winter,2024,1,True,kaggle_shopping
17473,Pants,Forever 21,Men's Fashion,85.0,18.117566979321225,69.60006806757696,1,69.60006806757696,Spring,2024,5,True,kaggle_shopping
17574,Gloves,Kate Spade,Accessories,58.0,23.657790385152126,44.27848157661177,1,44.27848157661177,Spring,2024,5,True,kaggle_shopping
17675,Scarf,Fossil,Accessories,85.0,25.766472986650946,63.098497961346695,1,63.098497961346695,Summer,2024,6,True,kaggle_shopping
17776,Hat,Kate Spade,Accessories,43.0,21.235187140208037,33.868869529710544,1,33.868869529710544,Summer,2024,6,True,kaggle_shopping
17877,Dress,Zara,Men's Fashion,53.0,19.45758292851628,42.68748104788637,1,42.68748104788637,Summer,2024,6,True,kaggle_shopping
17978,Skirt,Forever 21,Men's Fashion,91.0,18.185627960168112,74.45107855624701,1,74.45107855624701,Spring,2024,5,True,kaggle_shopping
18079,Jacket,Patagonia,Women's Fashion,96.0,28.75926293325238,68.39110758407773,1,68.39110758407773,Winter,2024,1,True,kaggle_shopping
18180,Sandals,Converse,Footwear,72.0,15.680888303769319,60.709760421286084,1,60.709760421286084,Summer,2024,6,True,kaggle_shopping
18281,Shoes,Puma,Footwear,96.0,16.908463647916708,79.76787489799996,1,79.76787489799996,Summer,2024,6,True,kaggle_shopping
18382,Pants,Gap,Men's Fashion,28.0,22.921738125464657,21.581913324869898,1,21.581913324869898,Spring,2024,5,True,kaggle_shopping
18483,Dress,H&M,Men's Fashion,40.0,24.83604804764243,30.065580780943026,1,30.065580780943026,Summer,2024,6,True,kaggle_shopping
18584,Coat,Canada Goose,Women's Fashion,32.0,27.102629353641035,23.32715860683487,1,23.32715860683487,Spring,2024,5,True,kaggle_shopping
18685,Sunglasses,Fossil,Accessories,95.0,19.507741163746037,76.46764589444126,1,76.46764589444126,Winter,2024,1,True,kaggle_shopping
18786,Hoodie,Uniqlo,Men's Fashion,41.0,17.05350223012958,34.00806408564687,1,34.00806408564687,Spring,2024,5,True,kaggle_shopping
18887,Shoes,Adidas,Footwear,53.0,19.188493182646646,42.83009861319728,1,42.83009861319728,Fall,2024,9,True,kaggle_shopping
18988,T-shirt,Forever 21,Men's Fashion,47.0,29.363459736921335,33.199173923646974,1,33.199173923646974,Fall,2024,9,True,kaggle_shopping
19089,Jacket,North Face,Women's Fashion,83.0,17.135785442508258,68.77729808271815,1,68.77729808271815,Fall,2024,9,True,kaggle_shopping
19190,Hat,Coach,Accessories,48.0,18.751215038661787,38.99941678144234,1,38.99941678144234,Summer,2024,6,True,kaggle_shopping
19291,Scarf,Coach,Accessories,99.0,19.034942443268946,80.15540698116375,1,80.15540698116375,Winter,2024,1,True,kaggle_shopping
19392,Jacket,Columbia,Women's Fashion,87.0,22.86347357693007,67.10877798807084,1,67.10877798807084,Winter,2024,1,True,kaggle_shopping
19493,Sweater,Uniqlo,Men's Fashion,62.0,22.640279577122612,47.96302666218398,1,47.96302666218398,Fall,2024,9,True,kaggle_shopping
19594,Skirt,Gap,Men's Fashion,76.0,17.578312518170687,62.64048248619027,1,62.64048248619027,Spring,2024,5,True,kaggle_shopping
19695,Sneakers,Adidas,Footwear,100.0,27.583355668577774,72.41664433142223,1,72.41664433142223,Fall,2024,9,True,kaggle_shopping
19796,Gloves,Coach,Accessories,73.0,19.769641083826798,58.56816200880644,1,58.56816200880644,Spring,2024,5,True,kaggle_shopping
19897,Shoes,Converse,Footwear,92.0,19.961395400055807,73.63551623194866,1,73.63551623194866,Winter,2024,1,True,kaggle_shopping
19998,Jeans,Uniqlo,Men's Fashion,67.0,23.24275130070241,51.42735662852938,1,51.42735662852938,Spring,2024,5,True,kaggle_shopping
20099,Hoodie,Uniqlo,Men's Fashion,40.0,29.47005353582052,28.211978585671794,1,28.211978585671794,Summer,2024,6,True,kaggle_shopping
20100,Sunglasses,Michael Kors,Accessories,98.0,24.47911910392338,74.01046327815509,1,74.01046327815509,Fall,2024,9,True,kaggle_shopping
20201,Coat,Patagonia,Women's Fashion,85.0,23.849880482066197,64.72760159024374,1,64.72760159024374,Spring,2024,5,True,kaggle_shopping
20302,Socks,Uniqlo,Men's Fashion,67.0,22.892388180240612,51.66209991923879,1,51.66209991923879,Winter,2024,1,True,kaggle_shopping
20403,Boots,New Balance,Footwear,89.0,17.68654593429109,73.25897411848094,1,73.25897411848094,Winter,2024,1,True,kaggle_shopping
20504,Sunglasses,Coach,Accessories,24.0,18.213036668299818,19.628871199608042,1,19.628871199608042,Spring,2024,5,True,kaggle_shopping
20605,Backpack,Coach,Accessories,96.0,15.043251370098371,81.55847868470556,1,81.55847868470556,Fall,2024,9,True,kaggle_shopping
20706,Jacket,Canada Goose,Women's Fashion,35.0,22.114102339473185,27.260064181184386,1,27.260064181184386,Summer,2024,6,True,kaggle_shopping
20807,Sneakers,New Balance,Footwear,67.0,19.582056640495104,53.88002205086828,1,53.88002205086828,Winter,2024,1,True,kaggle_shopping
20908,Socks,Gap,Men's Fashion,79.0,16.56281121015129,65.91537914398049,1,65.91537914398049,Spring,2024,5,True,kaggle_shopping
21009,T-shirt,Uniqlo,Men's Fashion,85.0,24.441850750975703,64.22442686167065,1,64.22442686167065,Spring,2024,5,True,kaggle_shopping
21110,Backpack,Fossil,Accessories,26.0,26.798534174465967,19.032381114638852,1,19.032381114638852,Summer,2024,6,True,kaggle_shopping
21211,Belt,Michael Kors,Accessories,75.0,19.679779246109113,60.24016556541817,1,60.24016556541817,Summer,2024,6,True,kaggle_shopping
21312,Gloves,Kate Spade,Accessories,65.0,29.047835008112294,46.118907244727005,1,46.118907244727005,Spring,2024,5,True,kaggle_shopping
21413,Hat,Kate Spade,Accessories,54.0,15.472589396919478,45.644801725663484,1,45.644801725663484,Winter,2024,1,True,kaggle_shopping
21514,Coat,North Face,Women's Fashion,95.0,27.57683158724224,68.80200999211986,1,68.80200999211986,Summer,2024,6,True,kaggle_shopping
21615,Skirt,Forever 21,Men's Fashion,94.0,17.429498132747984,77.61627175521689,1,77.61627175521689,Spring,2024,5,True,kaggle_shopping
21716,Shoes,Adidas,Footwear,86.0,20.040815648958187,68.76489854189596,1,68.76489854189596,Spring,2024,5,True,kaggle_shopping
21817,Sandals,Puma,Footwear,32.0,20.362299956067652,25.48406401405835,1,25.48406401405835,Summer,2024,6,True,kaggle_shopping
21918,Sweater,Forever 21,Men's Fashion,45.0,28.761813267913894,32.057184029438744,1,32.057184029438744,Fall,2024,9,True,kaggle_shopping
22019,Coat,North Face,Women's Fashion,76.0,28.3993954882561,54.416459428925364,1,54.416459428925364,Fall,2024,9,True,kaggle_shopping
22120,Hat,Michael Kors,Accessories,84.0,23.16135602730104,64.54446093706713,1,64.54446093706713,Summer,2024,6,True,kaggle_shopping
22221,Shorts,H&M,Men's Fashion,72.0,24.781227786649875,54.157515993612094,1,54.157515993612094,Winter,2024,1,True,kaggle_shopping
22322,Backpack,Kate Spade,Accessories,40.0,18.478079851234376,32.60876805950625,1,32.60876805950625,Spring,2024,5,True,kaggle_shopping
22423,Sweater,Gap,Men's Fashion,89.0,16.414641727975148,74.39096886210211,1,74.39096886210211,Fall,2024,9,True,kaggle_shopping
22524,Sweater,Zara,Men's Fashion,86.0,24.672487113667813,64.78166108224569,1,64.78166108224569,Spring,2024,5,True,kaggle_shopping
22625,Shorts,Zara,Men's Fashion,54.0,27.117233019336417,39.35669416955834,1,39.35669416955834,Winter,2024,1,True,kaggle_shopping
22726,Shorts,H&M,Men's Fashion,36.0,19.928498244884047,28.82574063184174,1,28.82574063184174,Spring,2024,5,True,kaggle_shopping
22827,Sweater,Forever 21,Men's Fashion,89.0,24.682095073538672,67.03293538455058,1,67.03293538455058,Winter,2024,1,True,kaggle_shopping
22928,Scarf,Kate Spade,Accessories,32.0,27.564394595893603,23.179393729314047,1,23.179393729314047,Spring,2024,5,True,kaggle_shopping
23029,Dress,Zara,Men's Fashion,67.0,26.319592293125353,49.36587316360602,1,49.36587316360602,Summer,2024,6,True,kaggle_shopping
23130,Scarf,Fossil,Accessories,39.0,18.534823089920973,31.771418994930823,1,31.771418994930823,Fall,2024,9,True,kaggle_shopping
23231,Skirt,Uniqlo,Men's Fashion,29.0,29.385661742913236,20.478158094555162,1,20.478158094555162,Summer,2024,6,True,kaggle_shopping
23332,Backpack,Michael Kors,Accessories,58.0,29.08477762064995,41.130828980023026,1,41.130828980023026,Fall,2024,9,True,kaggle_shopping
23433,Sweater,Zara,Men's Fashion,65.0,17.609154249751093,53.55404973766179,1,53.55404973766179,Winter,2024,1,True,kaggle_shopping
23534,Hat,Kate Spade,Accessories,94.0,23.646665014179128,71.77213488667162,1,71.77213488667162,Fall,2024,9,True,kaggle_shopping
23635,Sandals,Adidas,Footwear,81.0,23.18543837373595,62.21979491727389,1,62.21979491727389,Fall,2024,9,True,kaggle_shopping
23736,Blouse,Uniqlo,Men's Fashion,86.0,26.844524820062322,62.9137086547464,1,62.9137086547464,Winter,2024,1,True,kaggle_shopping
23837,Sneakers,New Balance,Footwear,43.0,29.150399027221958,30.465328418294558,1,30.465328418294558,Spring,2024,5,True,kaggle_shopping
23938,Skirt,Zara,Men's Fashion,29.0,18.313895893400407,23.688970190913885,1,23.688970190913885,Winter,2024,1,True,kaggle_shopping
24039,Coat,North Face,Women's Fashion,95.0,15.477413043178254,80.29645760898066,1,80.29645760898066,Fall,2024,9,True,kaggle_shopping
24140,Shirt,Zara,Men's Fashion,28.0,19.992168413245672,22.402192844291214,1,22.402192844291214,Fall,2024,9,True,kaggle_shopping
24241,Gloves,Kate Spade,Accessories,46.0,27.785978990437727,33.21844966439864,1,33.21844966439864,Fall,2024,9,True,kaggle_shopping
24342,Jacket,Columbia,Women's Fashion,58.0,27.350342551168694,42.13680132032216,1,42.13680132032216,Fall,2024,9,True,kaggle_shopping
24443,Coat,North Face,Women's Fashion,48.0,20.559501950349507,38.13143906383224,1,38.13143906383224,Fall,2024,9,True,kaggle_shopping
24544,Shoes,Converse,Footwear,43.0,27.35946696743315,31.235429204003747,1,31.235429204003747,Fall,2024,9,True,kaggle_shopping
24645,Jewelry,Fossil,Accessories,95.0,28.08525244676884,68.31901017556959,1,68.31901017556959,Fall,2024,9,True,kaggle_shopping
24746,Skirt,Uniqlo,Men's Fashion,30.0,17.118532345049804,24.864440296485057,1,24.864440296485057,Fall,2024,9,True,kaggle_shopping
24847,Shoes,Nike,Footwear,64.0,24.252154450299194,48.47862115180852,1,48.47862115180852,Summer,2024,6,True,kaggle_shopping
24948,Gloves,Michael Kors,Accessories,90.0,17.630101071010785,74.1329090360903,1,74.1329090360903,Fall,2024,9,True,kaggle_shopping
25049,Pants,H&M,Men's Fashion,76.0,15.343635183927182,64.33883726021534,1,64.33883726021534,Summer,2024,6,True,kaggle_shopping
25150,Boots,New Balance,Footwear,96.0,17.799171709105764,78.91279515925847,1,78.91279515925847,Fall,2024,9,True,kaggle_shopping
25251,Sunglasses,Kate Spade,Accessories,47.0,23.281549349118663,36.05767180591423,1,36.05767180591423,Fall,2024,9,True,kaggle_shopping
25352,Shirt,Gap,Men's Fashion,85.0,28.648427232846977,60.64883685208007,1,60.64883685208007,Summer,2024,6,True,kaggle_shopping
25453,Hoodie,Gap,Men's Fashion,55.0,18.09126749089426,45.04980288000816,1,45.04980288000816,Winter,2024,1,True,kaggle_shopping
25554,Dress,H&M,Men's Fashion,98.0,23.72588487495669,74.74863282254245,1,74.74863282254245,Fall,2024,9,True,kaggle_shopping
25655,Socks,Zara,Men's Fashion,77.0,18.83627671092514,62.496066932587645,1,62.496066932587645,Spring,2024,5,True,kaggle_shopping
25756,Shorts,Zara,Men's Fashion,26.0,18.88210795645425,21.090651931321894,1,21.090651931321894,Fall,2024,9,True,kaggle_shopping
25857,Hat,Kate Spade,Accessories,68.0,19.431994420571655,54.78624379401128,1,54.78624379401128,Fall,2024,9,True,kaggle_shopping
25958,Shirt,Zara,Men's Fashion,73.0,29.717101913929127,51.30651560283173,1,51.30651560283173,Fall,2024,9,True,kaggle_shopping
26059,Gloves,Coach,Accessories,27.0,17.6599799582794,22.23180541126456,1,22.23180541126456,Fall,2024,9,True,kaggle_shopping
26160,Gloves,Michael Kors,Accessories,23.0,29.596633084310564,16.19277439060857,1,16.19277439060857,Summer,2024,6,True,kaggle_shopping
26261,Backpack,Coach,Accessories,49.0,18.416664340489074,39.975834473160354,1,39.975834473160354,Fall,2024,9,True,kaggle_shopping
26362,Sunglasses,Coach,Accessories,74.0,18.967908368561467,59.96374780726451,1,59.96374780726451,Summer,2024,6,True,kaggle_shopping
26463,Skirt,Forever 21,Men's Fashion,67.0,21.733456396107712,52.438584214607836,1,52.438584214607836,Summer,2024,6,True,kaggle_shopping
26564,Handbag,Michael Kors,Accessories,65.0,21.688634775812705,50.90238739572174,1,50.90238739572174,Spring,2024,5,True,kaggle_shopping
26665,Handbag,Michael Kors,Accessories,60.0,28.832024351173658,42.7007853892958,1,42.7007853892958,Winter,2024,1,True,kaggle_shopping
26766,Sneakers,Nike,Footwear,31.0,26.357418013156934,22.82920041592135,1,22.82920041592135,Fall,2024,9,True,kaggle_shopping
26867,Gloves,Michael Kors,Accessories,27.0,24.260362250375046,20.44970219239874,1,20.44970219239874,Fall,2024,9,True,kaggle_shopping
26968,Shoes,Puma,Footwear,80.0,23.677961647538027,61.05763068196958,1,61.05763068196958,Summer,2024,6,True,kaggle_shopping
27069,Jacket,Canada Goose,Women's Fashion,30.0,20.776854315568364,23.766943705329492,1,23.766943705329492,Summer,2024,6,True,kaggle_shopping
27170,Shirt,Zara,Men's Fashion,25.0,18.151604381807623,20.462098904548093,1,20.462098904548093,Fall,2024,9,True,kaggle_shopping
27271,Shorts,H&M,Men's Fashion,35.0,22.794007619319075,27.02209733323832,1,27.02209733323832,Summer,2024,6,True,kaggle_shopping
27372,Jewelry,Michael Kors,Accessories,67.0,26.869880533240835,48.99718004272864,1,48.99718004272864,Summer,2024,6,True,kaggle_shopping
27473,Hat,Fossil,Accessories,46.0,26.86757600960831,33.64091503558017,1,33.64091503558017,Fall,2024,9,True,kaggle_shopping
27574,Shoes,Converse,Footwear,35.0,29.66527874805262,24.61715243818158,1,24.61715243818158,Winter,2024,1,True,kaggle_shopping
27675,Coat,North Face,Women's Fashion,86.0,22.140103568332627,66.95951093123394,1,66.95951093123394,Fall,2024,9,True,kaggle_shopping
27776,Backpack,Fossil,Accessories,81.0,15.29875229504704,68.6080106410119,1,68.6080106410119,Spring,2024,5,True,kaggle_shopping
27877,Hoodie,Gap,Men's Fashion,42.0,26.09436666707564,31.040365999828232,1,31.040365999828232,Fall,2024,9,True,kaggle_shopping
27978,Skirt,Gap,Men's Fashion,43.0,27.768151002850367,31.05969506877434,1,31.05969506877434,Fall,2024,9,True,kaggle_shopping
28079,Boots,Adidas,Footwear,31.0,22.93078538734848,23.891456529921975,1,23.891456529921975,Fall,2024,9,True,kaggle_shopping
28180,Sandals,Puma,Footwear,81.0,20.431605637812112,64.45039943337218,1,64.45039943337218,Fall,2024,9,True,kaggle_shopping
28281,Pants,H&M,Men's Fashion,61.0,23.524116687853564,46.65028882040932,1,46.65028882040932,Summer,2024,6,True,kaggle_shopping
28382,Gloves,Michael Kors,Accessories,96.0,19.167962509191526,77.59875599117613,1,77.59875599117613,Summer,2024,6,True,kaggle_shopping
28483,Skirt,Uniqlo,Men's Fashion,29.0,16.608143948158368,24.183638255034072,1,24.183638255034072,Spring,2024,5,True,kaggle_shopping
28584,Sneakers,Converse,Footwear,33.0,21.06380449088915,26.048944518006582,1,26.048944518006582,Spring,2024,5,True,kaggle_shopping
28685,T-shirt,Zara,Men's Fashion,32.0,25.75468474414955,23.758500881872145,1,23.758500881872145,Summer,2024,6,True,kaggle_shopping
28786,Backpack,Coach,Accessories,56.0,15.88956724702069,47.101842341668416,1,47.101842341668416,Summer,2024,6,True,kaggle_shopping
28887,Shoes,Converse,Footwear,94.0,20.185908159832806,75.02524632975715,1,75.02524632975715,Spring,2024,5,True,kaggle_shopping
28988,Hoodie,H&M,Men's Fashion,53.0,17.483162265709648,43.73392399917388,1,43.73392399917388,Spring,2024,5,True,kaggle_shopping
29089,Blouse,Uniqlo,Men's Fashion,82.0,17.627746489572903,67.54524787855021,1,67.54524787855021,Fall,2024,9,True,kaggle_shopping
29190,Coat,Columbia,Women's Fashion,70.0,21.774987157270516,54.75750898991063,1,54.75750898991063,Fall,2024,9,True,kaggle_shopping
29291,Hat,Kate Spade,Accessories,76.0,26.28281951786538,56.025057166422314,1,56.025057166422314,Fall,2024,9,True,kaggle_shopping
29392,Shoes,Adidas,Footwear,29.0,21.280591319627735,22.828628517307955,1,22.828628517307955,Summer,2024,6,True,kaggle_shopping
29493,Belt,Michael Kors,Accessories,100.0,21.221295354680404,78.77870464531959,1,78.77870464531959,Fall,2024,9,True,kaggle_shopping
29594,Backpack,Fossil,Accessories,94.0,19.93903986362455,75.25730252819292,1,75.25730252819292,Spring,2024,5,True,kaggle_shopping
29695,Jacket,Canada Goose,Women's Fashion,25.0,17.36320309977761,20.6591992250556,1,20.6591992250556,Fall,2024,9,True,kaggle_shopping
29796,Boots,Puma,Footwear,88.0,21.617943466924192,68.97620974910672,1,68.97620974910672,Summer,2024,6,True,kaggle_shopping
29897,Scarf,Michael Kors,Accessories,78.0,23.469310763982747,59.69393760409345,1,59.69393760409345,Fall,2024,9,True,kaggle_shopping
29998,Jewelry,Michael Kors,Accessories,45.0,26.356219801520396,33.13970108931582,1,33.13970108931582,Winter,2024,1,True,kaggle_shopping
30099,Hat,Kate Spade,Accessories,73.0,21.13466384581683,57.57169539255371,1,57.57169539255371,Summer,2024,6,True,kaggle_shopping
30100,Dress,Gap,Men's Fashion,61.0,17.029292810490897,50.61213138560055,1,50.61213138560055,Summer,2024,6,True,kaggle_shopping
30201,Blouse,H&M,Men's Fashion,22.0,28.495278018633016,15.731038835900739,1,15.731038835900739,Fall,2024,9,True,kaggle_shopping
30302,Hat,Kate Spade,Accessories,38.0,20.266713150511855,30.298649002805497,1,30.298649002805497,Spring,2024,5,True,kaggle_shopping
30403,Scarf,Coach,Accessories,38.0,22.713377255064998,29.368916643075302,1,29.368916643075302,Fall,2024,9,True,kaggle_shopping
30504,Sneakers,Puma,Footwear,100.0,16.850288542842204,83.14971145715779,1,83.14971145715779,Fall,2024,9,True,kaggle_shopping
30605,Shirt,Gap,Men's Fashion,64.0,18.920963360014447,51.89058344959075,1,51.89058344959075,Winter,2024,1,True,kaggle_shopping
30706,T-shirt,Gap,Men's Fashion,55.0,25.64970522962931,40.892662123703886,1,40.892662123703886,Summer,2024,6,True,kaggle_shopping
30807,Gloves,Kate Spade,Accessories,91.0,19.653096317523456,73.11568235105365,1,73.11568235105365,Summer,2024,6,True,kaggle_shopping
30908,Skirt,Gap,Men's Fashion,38.0,29.528220682213956,26.779276140758697,1,26.779276140758697,Spring,2024,5,True,kaggle_shopping
31009,Sandals,Adidas,Footwear,97.0,23.426819116558228,74.27598545693851,1,74.27598545693851,Winter,2024,1,True,kaggle_shopping
31110,Jacket,Patagonia,Women's Fashion,22.0,28.05584575699202,15.827713933461755,1,15.827713933461755,Fall,2024,9,True,kaggle_shopping
31211,Skirt,H&M,Men's Fashion,92.0,22.456228666219342,71.3402696270782,1,71.3402696270782,Fall,2024,9,True,kaggle_shopping
31312,Handbag,Michael Kors,Accessories,84.0,27.721197415189405,60.714194171240905,1,60.714194171240905,Fall,2024,9,True,kaggle_shopping
31413,Handbag,Michael Kors,Accessories,93.0,27.99370761169775,66.9658519211211,1,66.9658519211211,Fall,2024,9,True,kaggle_shopping
31514,Jacket,North Face,Women's Fashion,50.0,23.25953635890945,38.37023182054528,1,38.37023182054528,Summer,2024,6,True,kaggle_shopping
31615,Scarf,Kate Spade,Accessories,64.0,29.02256269448841,45.42555987552741,1,45.42555987552741,Spring,2024,5,True,kaggle_shopping
31716,Shorts,Forever 21,Men's Fashion,61.0,25.159923160926326,45.65244687183494,1,45.65244687183494,Spring,2024,5,True,kaggle_shopping
31817,Sunglasses,Coach,Accessories,48.0,24.9005724454615,36.04772522617848,1,36.04772522617848,Winter,2024,1,True,kaggle_shopping
31918,T-shirt,Gap,Men's Fashion,45.0,15.425371841989397,38.05858267110477,1,38.05858267110477,Spring,2024,5,True,kaggle_shopping
32019,Belt,Kate Spade,Accessories,88.0,22.933554758639314,67.8184718123974,1,67.8184718123974,Spring,2024,5,True,kaggle_shopping
32120,Sneakers,Converse,Footwear,57.0,19.551381375623777,45.85571261589445,1,45.85571261589445,Spring,2024,5,True,kaggle_shopping
32221,Hat,Michael Kors,Accessories,68.0,19.073497107996655,55.03002196656228,1,55.03002196656228,Summer,2024,6,True,kaggle_shopping
32322,Gloves,Fossil,Accessories,94.0,18.606438992688602,76.50994734687272,1,76.50994734687272,Spring,2024,5,True,kaggle_shopping
32423,Pants,Gap,Men's Fashion,41.0,16.159458358010774,34.37462207321558,1,34.37462207321558,Spring,2024,5,True,kaggle_shopping
32524,Socks,Gap,Men's Fashion,83.0,17.432263473835604,68.53122131671644,1,68.53122131671644,Summer,2024,6,True,kaggle_shopping
32625,Jacket,Canada Goose,Women's Fashion,22.0,15.09823091970791,18.67838919766426,1,18.67838919766426,Spring,2024,5,True,kaggle_shopping
32726,Shoes,New Balance,Footwear,74.0,22.063482835401608,57.673022701802815,1,57.673022701802815,Spring,2024,5,True,kaggle_shopping
32827,Jeans,H&M,Men's Fashion,90.0,25.651389303890817,66.91374962649827,1,66.91374962649827,Winter,2024,1,True,kaggle_shopping
32928,Socks,Zara,Men's Fashion,79.0,29.995506400365834,55.30354994371099,1,55.30354994371099,Spring,2024,5,True,kaggle_shopping
33029,Sandals,New Balance,Footwear,28.0,26.52154170224524,20.573968323371336,1,20.573968323371336,Spring,2024,5,True,kaggle_shopping
33130,Scarf,Coach,Accessories,88.0,16.21382175035845,73.73183685968456,1,73.73183685968456,Fall,2024,9,True,kaggle_shopping
33231,Blouse,Forever 21,Men's Fashion,26.0,26.50679004018954,19.10823458955072,1,19.10823458955072,Spring,2024,5,True,kaggle_shopping
33332,Jewelry,Fossil,Accessories,27.0,21.254046969983783,21.26140731810438,1,21.26140731810438,Winter,2024,1,True,kaggle_shopping
33433,Sweater,Gap,Men's Fashion,83.0,20.453813798955746,66.02333454686674,1,66.02333454686674,Fall,2024,9,True,kaggle_shopping
33534,Gloves,Kate Spade,Accessories,39.0,27.081107466294835,28.438368088145012,1,28.438368088145012,Summer,2024,6,True,kaggle_shopping
33635,Sunglasses,Kate Spade,Accessories,89.0,27.533149278928857,64.49549714175332,1,64.49549714175332,Winter,2024,1,True,kaggle_shopping
33736,Coat,Patagonia,Women's Fashion,68.0,24.66001728621726,51.23118824537226,1,51.23118824537226,Winter,2024,1,True,kaggle_shopping
33837,Dress,Uniqlo,Men's Fashion,90.0,18.742002150427048,73.13219806461565,1,73.13219806461565,Summer,2024,6,True,kaggle_shopping
33938,Skirt,Gap,Men's Fashion,34.0,27.281552336721695,24.724272205514623,1,24.724272205514623,Fall,2024,9,True,kaggle_shopping
34039,Pants,Gap,Men's Fashion,51.0,24.0374675243848,38.74089156256375,1,38.74089156256375,Summer,2024,6,True,kaggle_shopping
34140,Sweater,Forever 21,Men's Fashion,45.0,16.734256439663664,37.46958460215135,1,37.46958460215135,Winter,2024,1,True,kaggle_shopping
34241,Hoodie,Forever 21,Men's Fashion,88.0,28.84566753968045,62.6158125650812,1,62.6158125650812,Winter,2024,1,True,kaggle_shopping
34342,Coat,Patagonia,Women's Fashion,85.0,25.772583100995327,63.09330436415397,1,63.09330436415397,Summer,2024,6,True,kaggle_shopping
34443,Jewelry,Fossil,Accessories,100.0,21.6958823078803,78.3041176921197,1,78.3041176921197,Winter,2024,1,True,kaggle_shopping
34544,Belt,Fossil,Accessories,42.0,23.69774521896393,32.04694700803515,1,32.04694700803515,Spring,2024,5,True,kaggle_shopping
34645,Sandals,Adidas,Footwear,53.0,29.53431646253231,37.346812274857875,1,37.346812274857875,Summer,2024,6,True,kaggle_shopping
34746,Sunglasses,Michael Kors,Accessories,86.0,23.18351554928844,66.06217662761195,1,66.06217662761195,Spring,2024,5,True,kaggle_shopping
34847,Sweater,Gap,Men's Fashion,66.0,21.420608619897138,51.86239831086789,1,51.86239831086789,Spring,2024,5,True,kaggle_shopping
34948,Belt,Kate Spade,Accessories,100.0,24.79260253034967,75.20739746965033,1,75.20739746965033,Winter,2024,1,True,kaggle_shopping
35049,Handbag,Kate Spade,Accessories,47.0,16.241359764416465,39.36656091072426,1,39.36656091072426,Fall,2024,9,True,kaggle_shopping
35150,Skirt,Zara,Men's Fashion,25.0,27.715601523846495,18.071099619038378,1,18.071099619038378,Fall,2024,9,True,kaggle_shopping
35251,Handbag,Kate Spade,Accessories,51.0,22.247683007960788,39.65368166594,1,39.65368166594,Winter,2024,1,True,kaggle_shopping
35352,Shorts,Forever 21,Men's Fashion,41.0,15.203955763818685,34.76637813683434,1,34.76637813683434,Summer,2024,6,True,kaggle_shopping
35453,Boots,Puma,Footwear,73.0,29.33603953463604,51.584691139715694,1,51.584691139715694,Winter,2024,1,True,kaggle_shopping
35554,Sunglasses,Kate Spade,Accessories,42.0,27.419194822477213,30.483938174559572,1,30.483938174559572,Winter,2024,1,True,kaggle_shopping
35655,Scarf,Michael Kors,Accessories,20.0,28.669377780449953,14.266124443910009,1,14.266124443910009,Spring,2024,5,True,kaggle_shopping
35756,Jewelry,Michael Kors,Accessories,30.0,24.43207601094217,22.670377196717347,1,22.670377196717347,Spring,2024,5,True,kaggle_shopping
35857,Handbag,Fossil,Accessories,53.0,26.365078035296243,39.02650864129299,1,39.02650864129299,Summer,2024,6,True,kaggle_shopping
35958,Gloves,Michael Kors,Accessories,74.0,25.593308038157485,55.06095205176346,1,55.06095205176346,Spring,2024,5,True,kaggle_shopping
36059,Jeans,H&M,Men's Fashion,57.0,23.73457042151386,43.4712948597371,1,43.4712948597371,Fall,2024,9,True,kaggle_shopping
36160,Hat,Fossil,Accessories,57.0,27.571606247284237,41.28418443904799,1,41.28418443904799,Winter,2024,1,True,kaggle_shopping
36261,Jeans,Zara,Men's Fashion,77.0,17.944075535403304,63.18306183773946,1,63.18306183773946,Winter,2024,1,True,kaggle_shopping
36362,Pants,Forever 21,Men's Fashion,40.0,28.937557351328046,28.42497705946878,1,28.42497705946878,Summer,2024,6,True,kaggle_shopping
36463,Shorts,Uniqlo,Men's Fashion,46.0,25.798810407564403,34.13254721252038,1,34.13254721252038,Summer,2024,6,True,kaggle_shopping
36564,Pants,Zara,Men's Fashion,78.0,23.924106962589903,59.33919656917987,1,59.33919656917987,Fall,2024,9,True,kaggle_shopping
36665,Backpack,Kate Spade,Accessories,59.0,16.29422409141497,49.38640778606517,1,49.38640778606517,Spring,2024,5,True,kaggle_shopping
36766,Jewelry,Coach,Accessories,75.0,18.329312682570336,61.25301548807224,1,61.25301548807224,Summer,2024,6,True,kaggle_shopping
36867,Sweater,H&M,Men's Fashion,54.0,25.680426005754192,40.13256995689273,1,40.13256995689273,Spring,2024,5,True,kaggle_shopping
36968,Shoes,Adidas,Footwear,42.0,22.25265814589455,32.65388357872429,1,32.65388357872429,Spring,2024,5,True,kaggle_shopping
37069,Blouse,H&M,Men's Fashion,44.0,21.563997891312674,34.511840927822426,1,34.511840927822426,Winter,2024,1,True,kaggle_shopping
37170,Jeans,Zara,Men's Fashion,52.0,24.27911371286163,39.37486086931195,1,39.37486086931195,Fall,2024,9,True,kaggle_shopping
37271,Sunglasses,Fossil,Accessories,69.0,23.791241507602532,52.584043359754254,1,52.584043359754254,Summer,2024,6,True,kaggle_shopping
37372,Jewelry,Coach,Accessories,26.0,26.285911307276578,19.16566306010809,1,19.16566306010809,Summer,2024,6,True,kaggle_shopping
37473,Coat,Patagonia,Women's Fashion,33.0,26.04651406619626,24.404650358155234,1,24.404650358155234,Spring,2024,5,True,kaggle_shopping
37574,Jewelry,Michael Kors,Accessories,32.0,22.35897252062216,24.84512879340091,1,24.84512879340091,Spring,2024,5,True,kaggle_shopping
37675,Backpack,Fossil,Accessories,85.0,17.809958931002676,69.86153490864773,1,69.86153490864773,Winter,2024,1,True,kaggle_shopping
37776,Skirt,Gap,Men's Fashion,30.0,26.992150373053015,21.902354888084094,1,21.902354888084094,Fall,2024,9,True,kaggle_shopping
37877,Shirt,Gap,Men's Fashion,29.0,19.612494154478156,23.312376695201333,1,23.312376695201333,Winter,2024,1,True,kaggle_shopping
37978,Sweater,Gap,Men's Fashion,95.0,27.569301110867137,68.80916394467621,1,68.80916394467621,Spring,2024,5,True,kaggle_shopping
38079,Sneakers,New Balance,Footwear,69.0,15.587162446776457,58.244857911724246,1,58.244857911724246,Summer,2024,6,True,kaggle_shopping
38180,Sandals,Nike,Footwear,69.0,22.911764418180304,53.190882551455594,1,53.190882551455594,Fall,2024,9,True,kaggle_shopping
38281,Belt,Kate Spade,Accessories,61.0,21.342858915531615,47.980856061525714,1,47.980856061525714,Spring,2024,5,True,kaggle_shopping
38382,Skirt,Uniqlo,Men's Fashion,94.0,16.75329425073841,78.25190340430589,1,78.25190340430589,Summer,2024,6,True,kaggle_shopping
38483,Sweater,Zara,Men's Fashion,30.0,27.391857187428847,21.782442843771346,1,21.782442843771346,Fall,2024,9,True,kaggle_shopping
38584,Skirt,Forever 21,Men's Fashion,45.0,23.508378992870274,34.421229453208376,1,34.421229453208376,Summer,2024,6,True,kaggle_shopping
38685,Handbag,Fossil,Accessories,39.0,23.350039920658034,29.89348443094337,1,29.89348443094337,Summer,2024,6,True,kaggle_shopping
38786,Jewelry,Fossil,Accessories,51.0,29.41080924712898,36.00048728396422,1,36.00048728396422,Summer,2024,6,True,kaggle_shopping
38887,Scarf,Coach,Accessories,37.0,15.668104168020616,31.202801457832372,1,31.202801457832372,Spring,2024,5,True,kaggle_shopping
38988,T-shirt,Zara,Men's Fashion,62.0,25.6094611772195,46.12213407012391,1,46.12213407012391,Winter,2024,1,True,kaggle_shopping
39089,Coat,North Face,Women's Fashion,85.0,29.44412147962685,59.972496742317176,1,59.972496742317176,Fall,2024,9,True,kaggle_shopping
39190,T-shirt,Uniqlo,Men's Fashion,33.0,19.325391169995438,26.622620913901507,1,26.622620913901507,Winter,2024,1,True,kaggle_shopping
39291,Dress,Uniqlo,Men's Fashion,26.0,26.278544957100454,19.167578311153882,1,19.167578311153882,Fall,2024,9,True,kaggle_shopping
39392,Shoes,Puma,Footwear,99.0,16.03459185017661,83.12575406832515,1,83.12575406832515,Spring,2024,5,True,kaggle_shopping
39493,Handbag,Coach,Accessories,39.0,20.91106002766181,30.844686589211893,1,30.844686589211893,Spring,2024,5,True,kaggle_shopping
39594,Skirt,Uniqlo,Men's Fashion,20.0,15.71942748307498,16.856114503385005,1,16.856114503385005,Spring,2024,5,True,kaggle_shopping
39695,Sunglasses,Michael Kors,Accessories,42.0,27.203386427974557,30.57457770025069,1,30.57457770025069,Winter,2024,1,True,kaggle_shopping
39796,Sandals,Converse,Footwear,74.0,25.630555938895125,55.03338860521762,1,55.03338860521762,Spring,2024,5,True,kaggle_shopping
39897,Shoes,Adidas,Footwear,26.0,17.842520555175085,21.360944655654478,1,21.360944655654478,Summer,2024,6,True,kaggle_shopping
39998,T-shirt,Gap,Men's Fashion,53.0,25.894912385293928,39.27569643579422,1,39.27569643579422,Winter,2024,1,True,kaggle_shopping
40099,Sneakers,Puma,Footwear,80.0,26.52679228170239,58.77856617463809,1,58.77856617463809,Summer,2024,6,True,kaggle_shopping
40100,Hat,Michael Kors,Accessories,98.0,25.861785119264443,72.65545058312084,1,72.65545058312084,Spring,2024,5,True,kaggle_shopping
40201,Skirt,Gap,Men's Fashion,95.0,17.822778828439382,78.06836011298259,1,78.06836011298259,Spring,2024,5,True,kaggle_shopping
40302,Sweater,Zara,Men's Fashion,44.0,23.078262037468164,33.84556470351401,1,33.84556470351401,Summer,2024,6,True,kaggle_shopping
40403,Sandals,New Balance,Footwear,60.0,16.868708616504207,49.87877483009748,1,49.87877483009748,Summer,2024,6,True,kaggle_shopping
40504,Dress,Gap,Men's Fashion,84.0,15.20347141705178,71.2290840096765,1,71.2290840096765,Winter,2024,1,True,kaggle_shopping
40605,Sweater,Zara,Men's Fashion,59.0,16.84000040326994,49.064399762070735,1,49.064399762070735,Fall,2024,9,True,kaggle_shopping
40706,Jacket,Columbia,Women's Fashion,49.0,16.949142823597988,40.69492001643699,1,40.69492001643699,Summer,2024,6,True,kaggle_shopping
40807,Gloves,Coach,Accessories,32.0,21.602095124850738,25.087329560047763,1,25.087329560047763,Winter,2024,1,True,kaggle_shopping
40908,Handbag,Kate Spade,Accessories,29.0,24.151331923534823,21.996113742174902,1,21.996113742174902,Fall,2024,9,True,kaggle_shopping
41009,Dress,Forever 21,Men's Fashion,22.0,26.50939578876376,16.16793292647197,1,16.16793292647197,Spring,2024,5,True,kaggle_shopping
41110,Pants,Gap,Men's Fashion,85.0,22.604871747209117,65.78585901487224,1,65.78585901487224,Winter,2024,1,True,kaggle_shopping
41211,Jeans,Zara,Men's Fashion,52.0,16.71210860992554,43.309703522838724,1,43.309703522838724,Winter,2024,1,True,kaggle_shopping
41312,Pants,Zara,Men's Fashion,89.0,17.02058472892525,73.85167959125653,1,73.85167959125653,Spring,2024,5,True,kaggle_shopping
41413,Dress,Gap,Men's Fashion,77.0,26.58113786253293,56.53252384584964,1,56.53252384584964,Spring,2024,5,True,kaggle_shopping
41514,Pants,Uniqlo,Men's Fashion,24.0,25.912355599616333,17.781034656092082,1,17.781034656092082,Summer,2024,6,True,kaggle_shopping
41615,Jewelry,Coach,Accessories,24.0,27.380988372430743,17.42856279061662,1,17.42856279061662,Spring,2024,5,True,kaggle_shopping
41716,Handbag,Fossil,Accessories,22.0,22.844189956687508,16.974278209528748,1,16.974278209528748,Fall,2024,9,True,kaggle_shopping
41817,Sweater,Zara,Men's Fashion,82.0,16.72429400535778,68.28607891560662,1,68.28607891560662,Fall,2024,9,True,kaggle_shopping
41918,Backpack,Kate Spade,Accessories,67.0,26.90046240201427,48.97669019065044,1,48.97669019065044,Winter,2024,1,True,kaggle_shopping
42019,Shorts,Zara,Men's Fashion,74.0,19.084477875983378,59.87748637177231,1,59.87748637177231,Spring,2024,5,True,kaggle_shopping
42120,Jewelry,Kate Spade,Accessories,72.0,24.045992549488005,54.686885364368635,1,54.686885364368635,Summer,2024,6,True,kaggle_shopping
42221,Sneakers,Nike,Footwear,36.0,29.545219440520743,25.363721001412532,1,25.363721001412532,Summer,2024,6,True,kaggle_shopping
42322,Belt,Fossil,Accessories,95.0,26.129819049206922,70.17667190325342,1,70.17667190325342,Winter,2024,1,True,kaggle_shopping
42423,Hoodie,Forever 21,Men's Fashion,78.0,17.55396597629117,64.30790653849289,1,64.30790653849289,Winter,2024,1,True,kaggle_shopping
42524,Shirt,H&M,Men's Fashion,82.0,25.923747171509284,60.74252731936239,1,60.74252731936239,Summer,2024,6,True,kaggle_shopping
42625,Pants,H&M,Men's Fashion,70.0,29.315929512911776,49.47884934096176,1,49.47884934096176,Winter,2024,1,True,kaggle_shopping
42726,Scarf,Coach,Accessories,41.0,20.882403676595132,32.438214492595996,1,32.438214492595996,Fall,2024,9,True,kaggle_shopping
42827,Coat,Patagonia,Women's Fashion,42.0,25.483234698609742,31.29704142658391,1,31.29704142658391,Summer,2024,6,True,kaggle_shopping
42928,Coat,Patagonia,Women's Fashion,50.0,24.16423342184348,37.91788328907826,1,37.91788328907826,Fall,2024,9,True,kaggle_shopping
43029,Socks,Gap,Men's Fashion,31.0,17.307233951003916,25.634757475188785,1,25.634757475188785,Summer,2024,6,True,kaggle_shopping
43130,Sweater,H&M,Men's Fashion,51.0,28.351275820800776,36.540849331391605,1,36.540849331391605,Winter,2024,1,True,kaggle_shopping
43231,Shirt,H&M,Men's Fashion,98.0,21.123527562210906,77.2989429890333,1,77.2989429890333,Fall,2024,9,True,kaggle_shopping
43332,Shirt,H&M,Men's Fashion,86.0,28.717895124685867,61.30261019277015,1,61.30261019277015,Winter,2024,1,True,kaggle_shopping
43433,Sweater,Forever 21,Men's Fashion,64.0,29.68431154930117,45.002040608447246,1,45.002040608447246,Winter,2024,1,True,kaggle_shopping
43534,Blouse,Zara,Men's Fashion,46.0,17.5400513869124,37.931576362020294,1,37.931576362020294,Fall,2024,9,True,kaggle_shopping
43635,Sweater,Zara,Men's Fashion,85.0,21.2885334129684,66.90474659897686,1,66.90474659897686,Spring,2024,5,True,kaggle_shopping
43736,Hat,Fossil,Accessories,81.0,28.439965424819135,57.9636280058965,1,57.9636280058965,Fall,2024,9,True,kaggle_shopping
43837,Sweater,H&M,Men's Fashion,59.0,22.244463010464642,45.87576682382586,1,45.87576682382586,Winter,2024,1,True,kaggle_shopping
43938,Hoodie,Gap,Men's Fashion,79.0,24.771908317082488,59.43019242950483,1,59.43019242950483,Winter,2024,1,True,kaggle_shopping
44039,Shorts,Zara,Men's Fashion,33.0,19.564205183939627,26.54381228929992,1,26.54381228929992,Spring,2024,5,True,kaggle_shopping
44140,Shorts,Forever 21,Men's Fashion,47.0,28.910231992428056,33.412190963558814,1,33.412190963558814,Summer,2024,6,True,kaggle_shopping
44241,Hat,Kate Spade,Accessories,20.0,15.524446633183365,16.895110673363327,1,16.895110673363327,Summer,2024,6,True,kaggle_shopping
44342,Coat,Columbia,Women's Fashion,36.0,25.534309400906437,26.80764861567368,1,26.80764861567368,Spring,2024,5,True,kaggle_shopping
44443,Sandals,New Balance,Footwear,39.0,25.555305801221465,29.033430737523627,1,29.033430737523627,Summer,2024,6,True,kaggle_shopping
44544,Skirt,Zara,Men's Fashion,71.0,16.452995339470096,59.31837330897623,1,59.31837330897623,Winter,2024,1,True,kaggle_shopping
44645,Shoes,Converse,Footwear,59.0,16.215811927992572,49.43267096248438,1,49.43267096248438,Winter,2024,1,True,kaggle_shopping
44746,Jeans,Uniqlo,Men's Fashion,50.0,20.123410279818742,39.93829486009063,1,39.93829486009063,Spring,2024,5,True,kaggle_shopping
44847,Sandals,New Balance,Footwear,41.0,22.400387612958585,31.81584107868698,1,31.81584107868698,Fall,2024,9,True,kaggle_shopping
44948,Blouse,Forever 21,Men's Fashion,59.0,22.008531262475074,46.01496655513971,1,46.01496655513971,Fall,2024,9,True,kaggle_shopping
45049,Hat,Coach,Accessories,87.0,27.650664366385215,62.943922001244864,1,62.943922001244864,Winter,2024,1,True,kaggle_shopping
45150,Sweater,Forever 21,Men's Fashion,68.0,20.814473151128812,53.84615825723241,1,53.84615825723241,Spring,2024,5,True,kaggle_shopping
45251,Skirt,Uniqlo,Men's Fashion,90.0,17.063706881668683,74.64266380649819,1,74.64266380649819,Winter,2024,1,True,kaggle_shopping
45352,Jeans,Forever 21,Men's Fashion,71.0,20.924560849063422,56.14356179716497,1,56.14356179716497,Fall,2024,9,True,kaggle_shopping
45453,Sneakers,Adidas,Footwear,64.0,15.29929855076721,54.20844892750898,1,54.20844892750898,Fall,2024,9,True,kaggle_shopping
45554,Jewelry,Coach,Accessories,76.0,22.810575473115094,58.66396264043253,1,58.66396264043253,Fall,2024,9,True,kaggle_shopping
45655,Jewelry,Fossil,Accessories,42.0,28.03299778348372,30.22614093093684,1,30.22614093093684,Fall,2024,9,True,kaggle_shopping
45756,Pants,Uniqlo,Men's Fashion,80.0,16.73269510985273,66.61384391211782,1,66.61384391211782,Spring,2024,5,True,kaggle_shopping
45857,Belt,Fossil,Accessories,56.0,18.301698338627883,45.751048930368384,1,45.751048930368384,Spring,2024,5,True,kaggle_shopping
45958,Hat,Kate Spade,Accessories,25.0,27.694890846153637,18.07627728846159,1,18.07627728846159,Summer,2024,6,True,kaggle_shopping
46059,Sneakers,Nike,Footwear,74.0,22.636085011260057,57.24929709166756,1,57.24929709166756,Winter,2024,1,True,kaggle_shopping
46160,Pants,H&M,Men's Fashion,30.0,18.783089292235474,24.365073212329357,1,24.365073212329357,Summer,2024,6,True,kaggle_shopping
46261,T-shirt,Zara,Men's Fashion,96.0,25.21192961967106,71.79654756511579,1,71.79654756511579,Spring,2024,5,True,kaggle_shopping
46362,Sneakers,Adidas,Footwear,64.0,18.971126960267796,51.85847874542861,1,51.85847874542861,Fall,2024,9,True,kaggle_shopping
46463,Shorts,Forever 21,Men's Fashion,88.0,17.88194167013464,72.26389133028152,1,72.26389133028152,Winter,2024,1,True,kaggle_shopping
46564,Shoes,New Balance,Footwear,88.0,24.763345768378763,66.20825572382668,1,66.20825572382668,Summer,2024,6,True,kaggle_shopping
46665,Gloves,Fossil,Accessories,88.0,24.6434079706266,66.31380098584859,1,66.31380098584859,Summer,2024,6,True,kaggle_shopping
46766,Socks,Zara,Men's Fashion,36.0,19.325939799494968,29.042661672181808,1,29.042661672181808,Spring,2024,5,True,kaggle_shopping
46867,Dress,Gap,Men's Fashion,40.0,26.73085317436739,29.307658730253046,1,29.307658730253046,Spring,2024,5,True,kaggle_shopping
46968,Handbag,Fossil,Accessories,39.0,27.285019278635392,28.358842481332196,1,28.358842481332196,Spring,2024,5,True,kaggle_shopping
47069,Belt,Coach,Accessories,40.0,21.495781321362067,31.40168747145517,1,31.40168747145517,Summer,2024,6,True,kaggle_shopping
47170,Scarf,Coach,Accessories,34.0,23.19702403049835,26.113011829630562,1,26.113011829630562,Winter,2024,1,True,kaggle_shopping
47271,Sneakers,Puma,Footwear,83.0,15.580759648517109,70.0679694917308,1,70.0679694917308,Winter,2024,1,True,kaggle_shopping
47372,Sweater,Gap,Men's Fashion,85.0,21.22388909574712,66.95969426861495,1,66.95969426861495,Summer,2024,6,True,kaggle_shopping
47473,Coat,North Face,Women's Fashion,27.0,23.440847630671712,20.670971139718638,1,20.670971139718638,Summer,2024,6,True,kaggle_shopping
47574,Jewelry,Fossil,Accessories,78.0,21.916623869068236,60.90503338212678,1,60.90503338212678,Spring,2024,5,True,kaggle_shopping
47675,Sunglasses,Fossil,Accessories,32.0,25.814231241788548,23.739446002627666,1,23.739446002627666,Summer,2024,6,True,kaggle_shopping
47776,Shoes,Nike,Footwear,51.0,15.539873325855273,43.074664603813815,1,43.074664603813815,Fall,2024,9,True,kaggle_shopping
47877,Scarf,Michael Kors,Accessories,32.0,21.519927081630588,25.113623333878213,1,25.113623333878213,Spring,2024,5,True,kaggle_shopping
47978,Dress,Forever 21,Men's Fashion,62.0,29.126128734309,43.94180018472842,1,43.94180018472842,Winter,2024,1,True,kaggle_shopping
48079,T-shirt,Forever 21,Men's Fashion,29.0,24.0710794562061,22.01938695770023,1,22.01938695770023,Fall,2024,9,True,kaggle_shopping
48180,Backpack,Fossil,Accessories,69.0,23.33950165545994,52.89574385773264,1,52.89574385773264,Fall,2024,9,True,kaggle_shopping
48281,Jewelry,Michael Kors,Accessories,25.0,15.832650038652655,21.04183749033684,1,21.04183749033684,Winter,2024,1,True,kaggle_shopping
48382,Jeans,Uniqlo,Men's Fashion,76.0,24.075613949490148,57.70253339838749,1,57.70253339838749,Winter,2024,1,True,kaggle_shopping
48483,Sunglasses,Kate Spade,Accessories,77.0,17.294079912670224,63.68355846724393,1,63.68355846724393,Fall,2024,9,True,kaggle_shopping
48584,Sweater,Zara,Men's Fashion,33.0,25.798874741649826,24.48637133525556,1,24.48637133525556,Fall,2024,9,True,kaggle_shopping
48685,Shorts,Uniqlo,Men's Fashion,93.0,21.797548567220222,72.72827983248519,1,72.72827983248519,Fall,2024,9,True,kaggle_shopping
48786,Jewelry,Coach,Accessories,39.0,28.47839325346127,27.893426631150106,1,27.893426631150106,Spring,2024,5,True,kaggle_shopping
48887,Coat,Canada Goose,Women's Fashion,93.0,27.585700939530323,67.3452981262368,1,67.3452981262368,Summer,2024,6,True,kaggle_shopping
48988,Handbag,Kate Spade,Accessories,82.0,19.72725361133291,65.82365203870701,1,65.82365203870701,Summer,2024,6,True,kaggle_shopping
49089,Boots,Puma,Footwear,42.0,17.80586792229618,34.521535472635605,1,34.521535472635605,Spring,2024,5,True,kaggle_shopping
49190,Gloves,Coach,Accessories,71.0,25.105714467005456,53.174942728426124,1,53.174942728426124,Winter,2024,1,True,kaggle_shopping
49291,Sweater,H&M,Men's Fashion,86.0,15.160934519453244,72.96159631327022,1,72.96159631327022,Spring,2024,5,True,kaggle_shopping
49392,T-shirt,H&M,Men's Fashion,82.0,20.46684587790071,65.21718638012142,1,65.21718638012142,Spring,2024,5,True,kaggle_shopping
49493,Shoes,New Balance,Footwear,65.0,16.58274884613581,54.22121325001172,1,54.22121325001172,Fall,2024,9,True,kaggle_shopping
49594,Scarf,Coach,Accessories,29.0,18.83181922395188,23.538772425053956,1,23.538772425053956,Spring,2024,5,True,kaggle_shopping
49695,Sneakers,Nike,Footwear,65.0,16.587405524146277,54.21818640930492,1,54.21818640930492,Winter,2024,1,True,kaggle_shopping
49796,Dress,H&M,Men's Fashion,88.0,18.432484522280912,71.7794136203928,1,71.7794136203928,Fall,2024,9,True,kaggle_shopping
49897,Belt,Fossil,Accessories,46.0,21.809616739845534,35.96757629967105,1,35.96757629967105,Fall,2024,9,True,kaggle_shopping
49998,Boots,Adidas,Footwear,67.0,25.082824776828225,50.19450739952509,1,50.19450739952509,Winter,2024,1,True,kaggle_shopping
50099,Scarf,Michael Kors,Accessories,35.0,24.78654175707595,26.324710385023415,1,26.324710385023415,Fall,2024,9,True,kaggle_shopping
50100,Boots,Nike,Footwear,66.0,24.739502846048865,49.67192812160775,1,49.67192812160775,Winter,2024,1,True,kaggle_shopping
50201,T-shirt,Uniqlo,Men's Fashion,91.0,16.812043122204955,75.7010407587935,1,75.7010407587935,Fall,2024,9,True,kaggle_shopping
50302,Backpack,Coach,Accessories,78.0,29.9100835626343,54.670134821145254,1,54.670134821145254,Fall,2024,9,True,kaggle_shopping
50403,Sneakers,New Balance,Footwear,45.0,19.52237452192193,36.21493146513513,1,36.21493146513513,Winter,2024,1,True,kaggle_shopping
50504,T-shirt,H&M,Men's Fashion,93.0,25.7735903751432,69.03056095111683,1,69.03056095111683,Spring,2024,5,True,kaggle_shopping
50605,Jeans,Gap,Men's Fashion,74.0,26.09335429623637,54.69091782078509,1,54.69091782078509,Summer,2024,6,True,kaggle_shopping
50706,Gloves,Michael Kors,Accessories,55.0,18.129745563758505,45.02863993993282,1,45.02863993993282,Spring,2024,5,True,kaggle_shopping
50807,Hoodie,Uniqlo,Men's Fashion,76.0,27.10121758189409,55.40307463776049,1,55.40307463776049,Spring,2024,5,True,kaggle_shopping
50908,Sneakers,Nike,Footwear,66.0,20.574653564156,52.42072864765704,1,52.42072864765704,Spring,2024,5,True,kaggle_shopping
51009,Shorts,Forever 21,Men's Fashion,51.0,18.895678815373028,41.36320380415975,1,41.36320380415975,Winter,2024,1,True,kaggle_shopping
51110,Sweater,Forever 21,Men's Fashion,26.0,15.836683983113023,21.882462164390613,1,21.882462164390613,Spring,2024,5,True,kaggle_shopping
51211,Jeans,Uniqlo,Men's Fashion,29.0,24.569280754947776,21.874908581065146,1,21.874908581065146,Summer,2024,6,True,kaggle_shopping
51312,Jacket,Canada Goose,Women's Fashion,74.0,26.047190039763542,54.725079370574974,1,54.725079370574974,Summer,2024,6,True,kaggle_shopping
51413,Jewelry,Michael Kors,Accessories,99.0,25.736389163977314,73.52097472766246,1,73.52097472766246,Summer,2024,6,True,kaggle_shopping
51514,Backpack,Michael Kors,Accessories,88.0,22.89973428186717,67.84823383195689,1,67.84823383195689,Winter,2024,1,True,kaggle_shopping
51615,Coat,North Face,Women's Fashion,31.0,20.614540197437663,24.609492538794324,1,24.609492538794324,Winter,2024,1,True,kaggle_shopping
51716,Belt,Michael Kors,Accessories,55.0,28.23924276798825,39.46841647760646,1,39.46841647760646,Spring,2024,5,True,kaggle_shopping
51817,Sandals,Nike,Footwear,81.0,16.594833027757176,67.55818524751669,1,67.55818524751669,Fall,2024,9,True,kaggle_shopping
51918,Sweater,Zara,Men's Fashion,73.0,23.50272681663347,55.843009423857566,1,55.843009423857566,Spring,2024,5,True,kaggle_shopping
52019,Shorts,Gap,Men's Fashion,91.0,18.568915986573614,74.10228645221801,1,74.10228645221801,Winter,2024,1,True,kaggle_shopping
52120,Socks,Forever 21,Men's Fashion,54.0,16.61151677016618,45.029780944110264,1,45.029780944110264,Spring,2024,5,True,kaggle_shopping
52221,Shirt,H&M,Men's Fashion,40.0,19.963699863427355,32.01452005462906,1,32.01452005462906,Winter,2024,1,True,kaggle_shopping
52322,Pants,Zara,Men's Fashion,59.0,21.800984888510506,46.1374189157788,1,46.1374189157788,Fall,2024,9,True,kaggle_shopping
52423,Scarf,Coach,Accessories,26.0,19.643363294070273,20.89272554354173,1,20.89272554354173,Spring,2024,5,True,kaggle_shopping
52524,Sweater,Gap,Men's Fashion,23.0,16.131239029977802,19.289815023105106,1,19.289815023105106,Winter,2024,1,True,kaggle_shopping
52625,Jeans,Uniqlo,Men's Fashion,87.0,21.716399206386612,68.10673269044365,1,68.10673269044365,Winter,2024,1,True,kaggle_shopping
52726,Pants,Gap,Men's Fashion,71.0,27.324307640707907,51.59974157509739,1,51.59974157509739,Winter,2024,1,True,kaggle_shopping
52827,Backpack,Kate Spade,Accessories,91.0,23.54667735672591,69.57252360537942,1,69.57252360537942,Winter,2024,1,True,kaggle_shopping
52928,Coat,North Face,Women's Fashion,64.0,27.2218763575869,46.57799913114438,1,46.57799913114438,Winter,2024,1,True,kaggle_shopping
53029,Sandals,Nike,Footwear,94.0,20.920705062642266,74.33453724111627,1,74.33453724111627,Winter,2024,1,True,kaggle_shopping
53130,Shirt,Forever 21,Men's Fashion,40.0,18.99174979810356,32.40330008075858,1,32.40330008075858,Summer,2024,6,True,kaggle_shopping
53231,Hat,Kate Spade,Accessories,76.0,15.75764185293121,64.02419219177229,1,64.02419219177229,Winter,2024,1,True,kaggle_shopping
53332,Shirt,Forever 21,Men's Fashion,86.0,17.48616332112091,70.96189954383603,1,70.96189954383603,Fall,2024,9,True,kaggle_shopping
53433,Skirt,Forever 21,Men's Fashion,92.0,19.917202189319642,73.67617398582593,1,73.67617398582593,Fall,2024,9,True,kaggle_shopping
53534,Shoes,Nike,Footwear,52.0,28.862988911116943,36.991245766219194,1,36.991245766219194,Spring,2024,5,True,kaggle_shopping
53635,Coat,Columbia,Women's Fashion,28.0,28.288248399177004,20.079290448230438,1,20.079290448230438,Winter,2024,1,True,kaggle_shopping
53736,Pants,Gap,Men's Fashion,46.0,29.049636913022333,32.63716702000973,1,32.63716702000973,Summer,2024,6,True,kaggle_shopping
53837,Jewelry,Kate Spade,Accessories,50.0,26.01963486608632,36.99018256695684,1,36.99018256695684,Summer,2024,6,True,kaggle_shopping
53938,Belt,Fossil,Accessories,23.0,16.04516988241668,19.309610927044165,1,19.309610927044165,Winter,2024,1,True,kaggle_shopping
54039,Jacket,North Face,Women's Fashion,50.0,26.749023814438054,36.62548809278097,1,36.62548809278097,Summer,2024,6,True,kaggle_shopping
54140,Shirt,Uniqlo,Men's Fashion,89.0,27.2383729684664,64.7578480580649,1,64.7578480580649,Winter,2024,1,True,kaggle_shopping
54241,Hoodie,H&M,Men's Fashion,81.0,18.37407477477533,66.11699943243198,1,66.11699943243198,Winter,2024,1,True,kaggle_shopping
54342,Sunglasses,Coach,Accessories,69.0,21.393896797777355,54.238211209533624,1,54.238211209533624,Fall,2024,9,True,kaggle_shopping
54443,Sunglasses,Fossil,Accessories,67.0,15.00593922775869,56.94602071740168,1,56.94602071740168,Summer,2024,6,True,kaggle_shopping
54544,Dress,Forever 21,Men's Fashion,20.0,29.244842650130543,14.15103146997389,1,14.15103146997389,Summer,2024,6,True,kaggle_shopping
54645,Boots,Adidas,Footwear,29.0,16.00234061592434,24.359321221381943,1,24.359321221381943,Fall,2024,9,True,kaggle_shopping
54746,Shirt,Forever 21,Men's Fashion,74.0,23.93165626097248,56.290574366880364,1,56.290574366880364,Summer,2024,6,True,kaggle_shopping
54847,Shorts,Gap,Men's Fashion,82.0,17.706886514860575,67.48035305781433,1,67.48035305781433,Spring,2024,5,True,kaggle_shopping
54948,Gloves,Coach,Accessories,23.0,28.68694153607424,16.402003446702924,1,16.402003446702924,Summer,2024,6,True,kaggle_shopping
55049,Jewelry,Michael Kors,Accessories,45.0,20.249717193235234,35.887627263044145,1,35.887627263044145,Summer,2024,6,True,kaggle_shopping
55150,Boots,New Balance,Footwear,21.0,20.04601170896067,16.79033754111826,1,16.79033754111826,Summer,2024,6,True,kaggle_shopping
55251,Jewelry,Fossil,Accessories,31.0,27.392741167502127,22.508250238074343,1,22.508250238074343,Summer,2024,6,True,kaggle_shopping
55352,Pants,Zara,Men's Fashion,45.0,17.341417845434105,37.19636196955465,1,37.19636196955465,Summer,2024,6,True,kaggle_shopping
55453,Jewelry,Michael Kors,Accessories,56.0,20.042597554336954,44.77614536957131,1,44.77614536957131,Winter,2024,1,True,kaggle_shopping
55554,Jacket,Canada Goose,Women's Fashion,97.0,25.90698353313646,71.87022597285763,1,71.87022597285763,Summer,2024,6,True,kaggle_shopping
55655,Blouse,Uniqlo,Men's Fashion,100.0,26.618749540061323,73.38125045993868,1,73.38125045993868,Fall,2024,9,True,kaggle_shopping
55756,Blouse,Uniqlo,Men's Fashion,96.0,27.517263046675776,69.58342747519126,1,69.58342747519126,Fall,2024,9,True,kaggle_shopping
55857,Gloves,Michael Kors,Accessories,99.0,28.085320086324128,71.19553311453912,1,71.19553311453912,Spring,2024,5,True,kaggle_shopping
55958,Shorts,Zara,Men's Fashion,91.0,28.106649504475797,65.42294895092704,1,65.42294895092704,Winter,2024,1,True,kaggle_shopping
56059,Hat,Fossil,Accessories,30.0,23.712669191239634,22.88619924262811,1,22.88619924262811,Winter,2024,1,True,kaggle_shopping
56160,Shoes,Converse,Footwear,65.0,24.999581957106884,48.75027172788052,1,48.75027172788052,Summer,2024,6,True,kaggle_shopping
56261,Boots,Converse,Footwear,93.0,21.735956635593126,72.7855603288984,1,72.7855603288984,Winter,2024,1,True,kaggle_shopping
56362,Jacket,Columbia,Women's Fashion,81.0,24.8099482627258,60.9039419071921,1,60.9039419071921,Fall,2024,9,True,kaggle_shopping
56463,Jewelry,Kate Spade,Accessories,81.0,25.873673169344563,60.0423247328309,1,60.0423247328309,Summer,2024,6,True,kaggle_shopping
56564,Sunglasses,Fossil,Accessories,52.0,20.49659523131583,41.34177047971577,1,41.34177047971577,Winter,2024,1,True,kaggle_shopping
56665,Skirt,Gap,Men's Fashion,88.0,20.976408449829876,69.5407605641497,1,69.5407605641497,Summer,2024,6,True,kaggle_shopping
56766,Jeans,Gap,Men's Fashion,24.0,23.0917396186804,18.457982491516706,1,18.457982491516706,Winter,2024,1,True,kaggle_shopping
56867,Backpack,Coach,Accessories,51.0,15.339466695531245,43.176871985279064,1,43.176871985279064,Spring,2024,5,True,kaggle_shopping
56968,Backpack,Fossil,Accessories,38.0,21.59857041070041,29.792543243933842,1,29.792543243933842,Fall,2024,9,True,kaggle_shopping
57069,Shorts,Forever 21,Men's Fashion,46.0,20.848108362252166,36.409870153364004,1,36.409870153364004,Fall,2024,9,True,kaggle_shopping
57170,Dress,H&M,Men's Fashion,63.0,23.93203605834414,47.92281728324319,1,47.92281728324319,Summer,2024,6,True,kaggle_shopping
57271,Scarf,Coach,Accessories,72.0,17.408847760073733,59.465629612746916,1,59.465629612746916,Winter,2024,1,True,kaggle_shopping
57372,Jeans,Forever 21,Men's Fashion,39.0,16.248582194238125,32.663052944247134,1,32.663052944247134,Winter,2024,1,True,kaggle_shopping
57473,Coat,North Face,Women's Fashion,42.0,23.65982859063959,32.06287199193137,1,32.06287199193137,Spring,2024,5,True,kaggle_shopping
57574,Sweater,Forever 21,Men's Fashion,76.0,19.037099863831983,61.531804103487694,1,61.531804103487694,Summer,2024,6,True,kaggle_shopping
57675,Sneakers,Nike,Footwear,66.0,26.928246033719674,48.227357617745014,1,48.227357617745014,Summer,2024,6,True,kaggle_shopping
57776,Scarf,Kate Spade,Accessories,90.0,17.214626137244583,74.50683647647988,1,74.50683647647988,Spring,2024,5,True,kaggle_shopping
57877,Sweater,Zara,Men's Fashion,56.0,16.02882886499726,47.02385583560154,1,47.02385583560154,Summer,2024,6,True,kaggle_shopping
57978,Jewelry,Coach,Accessories,43.0,20.223516968440208,34.303887703570716,1,34.303887703570716,Winter,2024,1,True,kaggle_shopping
58079,Handbag,Kate Spade,Accessories,84.0,21.240025033082333,66.15837897221084,1,66.15837897221084,Winter,2024,1,True,kaggle_shopping
58180,Hoodie,Zara,Men's Fashion,88.0,19.433734747375077,70.89831342230994,1,70.89831342230994,Summer,2024,6,True,kaggle_shopping
58281,Hat,Fossil,Accessories,88.0,26.322268513546128,64.8364037080794,1,64.8364037080794,Fall,2024,9,True,kaggle_shopping
58382,Belt,Coach,Accessories,42.0,27.544629725165017,30.431255515430692,1,30.431255515430692,Winter,2024,1,True,kaggle_shopping
58483,Hoodie,Zara,Men's Fashion,73.0,17.489852883100795,60.232407395336416,1,60.232407395336416,Fall,2024,9,True,kaggle_shopping
58584,Hat,Michael Kors,Accessories,73.0,17.83497709144596,59.98046672324445,1,59.98046672324445,Summer,2024,6,True,kaggle_shopping
58685,Shoes,Puma,Footwear,44.0,16.708911337568274,36.64807901146996,1,36.64807901146996,Spring,2024,5,True,kaggle_shopping
58786,Sandals,Converse,Footwear,63.0,28.739006773982698,44.8944257323909,1,44.8944257323909,Fall,2024,9,True,kaggle_shopping
58887,Jacket,Patagonia,Women's Fashion,68.0,29.615494207328304,47.86146393901676,1,47.86146393901676,Winter,2024,1,True,kaggle_shopping
58988,Sweater,Gap,Men's Fashion,29.0,23.026836975098796,22.32221727722135,1,22.32221727722135,Spring,2024,5,True,kaggle_shopping
59089,Socks,H&M,Men's Fashion,85.0,16.1276368851986,71.29150864758118,1,71.29150864758118,Summer,2024,6,True,kaggle_shopping
59190,Sneakers,Adidas,Footwear,42.0,24.290327168675066,31.798062589156473,1,31.798062589156473,Winter,2024,1,True,kaggle_shopping
59291,Coat,North Face,Women's Fashion,69.0,16.965161898150715,57.294038290276006,1,57.294038290276006,Summer,2024,6,True,kaggle_shopping
59392,Shirt,H&M,Men's Fashion,62.0,15.285639138989016,52.52290373382681,1,52.52290373382681,Fall,2024,9,True,kaggle_shopping
59493,Backpack,Coach,Accessories,48.0,28.030759447696106,34.54523546510587,1,34.54523546510587,Summer,2024,6,True,kaggle_shopping
59594,Boots,Puma,Footwear,68.0,20.513117614899773,54.05108002186815,1,54.05108002186815,Winter,2024,1,True,kaggle_shopping
59695,Handbag,Michael Kors,Accessories,36.0,18.510826373653984,29.336102505484565,1,29.336102505484565,Fall,2024,9,True,kaggle_shopping
59796,Dress,Zara,Men's Fashion,63.0,18.950811628002235,51.0609886743586,1,51.0609886743586,Fall,2024,9,True,kaggle_shopping
59897,Sneakers,Nike,Footwear,39.0,28.547168245912193,27.866604384094245,1,27.866604384094245,Winter,2024,1,True,kaggle_shopping
59998,Boots,Nike,Footwear,78.0,25.681156566162397,57.968697878393336,1,57.968697878393336,Spring,2024,5,True,kaggle_shopping
60099,Shoes,Puma,Footwear,99.0,19.485241580158252,79.70961083564333,1,79.70961083564333,Winter,2024,1,True,kaggle_shopping
60100,T-shirt,Zara,Men's Fashion,31.0,16.27774459050614,25.953899176943096,1,25.953899176943096,Fall,2024,9,True,kaggle_shopping
60201,Boots,Puma,Footwear,45.0,27.511421440465817,32.619860351790386,1,32.619860351790386,Spring,2024,5,True,kaggle_shopping
60302,Pants,Uniqlo,Men's Fashion,30.0,25.18783038363322,22.443650884910035,1,22.443650884910035,Fall,2024,9,True,kaggle_shopping
60403,Shoes,Nike,Footwear,24.0,24.025234650764766,18.233943683816456,1,18.233943683816456,Summer,2024,6,True,kaggle_shopping
60504,Shoes,Adidas,Footwear,22.0,24.459882956527714,16.618825749563904,1,16.618825749563904,Winter,2024,1,True,kaggle_shopping
60605,T-shirt,Zara,Men's Fashion,63.0,15.30042124535056,53.360734615429145,1,53.360734615429145,Spring,2024,5,True,kaggle_shopping
60706,Scarf,Coach,Accessories,40.0,26.533442301394928,29.38662307944203,1,29.38662307944203,Fall,2024,9,True,kaggle_shopping
60807,Shorts,Zara,Men's Fashion,20.0,22.803214853058666,15.439357029388267,1,15.439357029388267,Spring,2024,5,True,kaggle_shopping
60908,Jewelry,Coach,Accessories,20.0,19.816662524056092,16.03666749518878,1,16.03666749518878,Winter,2024,1,True,kaggle_shopping
61009,T-shirt,Uniqlo,Men's Fashion,80.0,22.22013106782533,62.22389514573973,1,62.22389514573973,Summer,2024,6,True,kaggle_shopping
61110,Shirt,Forever 21,Men's Fashion,87.0,28.599695062705077,62.118265295446584,1,62.118265295446584,Fall,2024,9,True,kaggle_shopping
61211,Shirt,Gap,Men's Fashion,46.0,27.389886567335623,33.40065217902561,1,33.40065217902561,Fall,2024,9,True,kaggle_shopping
61312,Gloves,Michael Kors,Accessories,49.0,19.276439030230705,39.554544875186956,1,39.554544875186956,Winter,2024,1,True,kaggle_shopping
61413,Scarf,Kate Spade,Accessories,65.0,16.62214064521352,54.19560858061121,1,54.19560858061121,Fall,2024,9,True,kaggle_shopping
61514,Skirt,H&M,Men's Fashion,62.0,18.676554402816365,50.42053627025385,1,50.42053627025385,Winter,2024,1,True,kaggle_shopping
61615,Hat,Coach,Accessories,67.0,22.507936420811895,51.919682598056035,1,51.919682598056035,Spring,2024,5,True,kaggle_shopping
61716,Hoodie,Zara,Men's Fashion,41.0,28.77395531578938,29.202678320526356,1,29.202678320526356,Fall,2024,9,True,kaggle_shopping
61817,Boots,Converse,Footwear,49.0,15.867971610616937,41.2246939107977,1,41.2246939107977,Fall,2024,9,True,kaggle_shopping
61918,Blouse,Zara,Men's Fashion,100.0,24.724612421404373,75.27538757859563,1,75.27538757859563,Fall,2024,9,True,kaggle_shopping
62019,Belt,Coach,Accessories,54.0,20.039188478208267,43.178838221767535,1,43.178838221767535,Summer,2024,6,True,kaggle_shopping
62120,Sunglasses,Fossil,Accessories,84.0,23.422790845497822,64.32485568978183,1,64.32485568978183,Spring,2024,5,True,kaggle_shopping
62221,Shorts,Forever 21,Men's Fashion,41.0,26.233259522681053,30.24436359570077,1,30.24436359570077,Winter,2024,1,True,kaggle_shopping
62322,Gloves,Michael Kors,Accessories,88.0,27.694705688648256,63.62865899398953,1,63.62865899398953,Spring,2024,5,True,kaggle_shopping
62423,Sandals,Nike,Footwear,40.0,19.095091002805923,32.36196359887763,1,32.36196359887763,Spring,2024,5,True,kaggle_shopping
62524,Shirt,Uniqlo,Men's Fashion,39.0,28.62847937493801,27.834893043774176,1,27.834893043774176,Summer,2024,6,True,kaggle_shopping
62625,Coat,North Face,Women's Fashion,37.0,22.99141122675759,28.493177846099695,1,28.493177846099695,Spring,2024,5,True,kaggle_shopping
62726,Pants,H&M,Men's Fashion,52.0,20.209920107764983,41.490841543962205,1,41.490841543962205,Winter,2024,1,True,kaggle_shopping
62827,T-shirt,Gap,Men's Fashion,23.0,26.143739005279162,16.986940028785796,1,16.986940028785796,Winter,2024,1,True,kaggle_shopping
62928,Sneakers,Adidas,Footwear,88.0,17.825639120667237,72.31343757381283,1,72.31343757381283,Winter,2024,1,True,kaggle_shopping
63029,Shorts,Uniqlo,Men's Fashion,84.0,17.179551212013926,69.5691769819083,1,69.5691769819083,Fall,2024,9,True,kaggle_shopping
63130,Coat,Patagonia,Women's Fashion,37.0,28.98621983886337,26.275098659620554,1,26.275098659620554,Winter,2024,1,True,kaggle_shopping
63231,Sandals,Adidas,Footwear,51.0,28.90718204503851,36.25733715703036,1,36.25733715703036,Fall,2024,9,True,kaggle_shopping
63332,Pants,Forever 21,Men's Fashion,76.0,25.127076848014674,56.903421595508846,1,56.903421595508846,Winter,2024,1,True,kaggle_shopping
63433,Sandals,Nike,Footwear,60.0,26.514380504578437,44.09137169725294,1,44.09137169725294,Spring,2024,5,True,kaggle_shopping
63534,Gloves,Fossil,Accessories,72.0,17.184190104379418,59.62738312484682,1,59.62738312484682,Fall,2024,9,True,kaggle_shopping
63635,T-shirt,Forever 21,Men's Fashion,45.0,16.07379707268555,37.766791317291506,1,37.766791317291506,Spring,2024,5,True,kaggle_shopping
63736,Jacket,Canada Goose,Women's Fashion,84.0,29.188179582628877,59.481929150591746,1,59.481929150591746,Fall,2024,9,True,kaggle_shopping
63837,Blouse,Forever 21,Men's Fashion,49.0,27.420542921765364,35.56393396833497,1,35.56393396833497,Summer,2024,6,True,kaggle_shopping
63938,Socks,H&M,Men's Fashion,22.0,21.902560799932562,17.181436624014836,1,17.181436624014836,Spring,2024,5,True,kaggle_shopping
64039,Coat,Patagonia,Women's Fashion,48.0,17.29524005545527,39.69828477338147,1,39.69828477338147,Winter,2024,1,True,kaggle_shopping
64140,Dress,Forever 21,Men's Fashion,37.0,26.109795732607026,27.339375578935396,1,27.339375578935396,Spring,2024,5,True,kaggle_shopping
64241,Jacket,Canada Goose,Women's Fashion,27.0,22.423411195110592,20.94567897732014,1,20.94567897732014,Fall,2024,9,True,kaggle_shopping
64342,Boots,Adidas,Footwear,79.0,16.982458234233444,65.58385799495558,1,65.58385799495558,Spring,2024,5,True,kaggle_shopping
64443,Skirt,Zara,Men's Fashion,98.0,27.010236839135978,71.52996789764674,1,71.52996789764674,Spring,2024,5,True,kaggle_shopping
64544,Sandals,Adidas,Footwear,64.0,24.35566067096078,48.4123771705851,1,48.4123771705851,Summer,2024,6,True,kaggle_shopping
64645,Coat,Patagonia,Women's Fashion,32.0,23.030591288884438,24.63021078755698,1,24.63021078755698,Summer,2024,6,True,kaggle_shopping
64746,Hoodie,Uniqlo,Men's Fashion,74.0,20.67999475520483,58.696803881148426,1,58.696803881148426,Winter,2024,1,True,kaggle_shopping
64847,Jacket,Columbia,Women's Fashion,50.0,26.487969567016876,36.75601521649156,1,36.75601521649156,Winter,2024,1,True,kaggle_shopping
64948,Backpack,Kate Spade,Accessories,64.0,23.61770354164981,48.884669733344126,1,48.884669733344126,Winter,2024,1,True,kaggle_shopping
65049,Backpack,Michael Kors,Accessories,29.0,23.21293027564765,22.268250220062182,1,22.268250220062182,Fall,2024,9,True,kaggle_shopping
65150,Belt,Michael Kors,Accessories,62.0,26.46275469653615,45.593092088147586,1,45.593092088147586,Summer,2024,6,True,kaggle_shopping
65251,Coat,North Face,Women's Fashion,78.0,18.441850933584277,63.61535627180426,1,63.61535627180426,Fall,2024,9,True,kaggle_shopping
65352,T-shirt,Zara,Men's Fashion,94.0,18.610826954888577,76.50582266240474,1,76.50582266240474,Fall,2024,9,True,kaggle_shopping
65453,Sunglasses,Fossil,Accessories,59.0,17.113924961192456,48.90278427289645,1,48.90278427289645,Winter,2024,1,True,kaggle_shopping
65554,Sneakers,Puma,Footwear,47.0,23.74616432744323,35.83930276610168,1,35.83930276610168,Summer,2024,6,True,kaggle_shopping
65655,Gloves,Coach,Accessories,57.0,28.675534049568235,40.654945591746106,1,40.654945591746106,Fall,2024,9,True,kaggle_shopping
65756,Coat,Patagonia,Women's Fashion,90.0,25.231977282228755,67.29122044599411,1,67.29122044599411,Winter,2024,1,True,kaggle_shopping
65857,Shirt,Zara,Men's Fashion,60.0,23.949729017927794,45.63016258924333,1,45.63016258924333,Spring,2024,5,True,kaggle_shopping
65958,Sneakers,Adidas,Footwear,77.0,22.78062238388545,59.458920764408205,1,59.458920764408205,Fall,2024,9,True,kaggle_shopping
66059,Scarf,Kate Spade,Accessories,41.0,18.028334042624735,33.608383042523855,1,33.608383042523855,Fall,2024,9,True,kaggle_shopping
66160,Jewelry,Coach,Accessories,48.0,19.986695738901386,38.40638604532734,1,38.40638604532734,Fall,2024,9,True,kaggle_shopping
66261,Jacket,Patagonia,Women's Fashion,65.0,17.407647807845986,53.68502892490011,1,53.68502892490011,Fall,2024,9,True,kaggle_shopping
66362,Jeans,Forever 21,Men's Fashion,62.0,21.03911960739361,48.95574584341596,1,48.95574584341596,Summer,2024,6,True,kaggle_shopping
66463,Shoes,Puma,Footwear,99.0,24.979140566923334,74.27065083874591,1,74.27065083874591,Fall,2024,9,True,kaggle_shopping
66564,Hoodie,H&M,Men's Fashion,58.0,19.16039992622183,46.88696804279134,1,46.88696804279134,Winter,2024,1,True,kaggle_shopping
66665,Backpack,Kate Spade,Accessories,43.0,25.653525320512205,31.96898411217975,1,31.96898411217975,Fall,2024,9,True,kaggle_shopping
66766,Sneakers,Puma,Footwear,93.0,24.69961999722551,70.02935340258028,1,70.02935340258028,Spring,2024,5,True,kaggle_shopping
66867,Blouse,Zara,Men's Fashion,50.0,15.470323498171734,42.26483825091413,1,42.26483825091413,Winter,2024,1,True,kaggle_shopping
66968,Pants,Forever 21,Men's Fashion,88.0,27.320110083718667,63.95830312632758,1,63.95830312632758,Summer,2024,6,True,kaggle_shopping
67069,Skirt,Gap,Men's Fashion,33.0,20.98408987596412,26.07525034093184,1,26.07525034093184,Fall,2024,9,True,kaggle_shopping
67170,T-shirt,Forever 21,Men's Fashion,99.0,27.719452467795747,71.5577420568822,1,71.5577420568822,Fall,2024,9,True,kaggle_shopping
67271,Jacket,North Face,Women's Fashion,76.0,17.63519502705373,62.59725177943916,1,62.59725177943916,Spring,2024,5,True,kaggle_shopping
67372,Scarf,Fossil,Accessories,97.0,21.48843452956713,76.15621850631989,1,76.15621850631989,Summer,2024,6,True,kaggle_shopping
67473,Pants,H&M,Men's Fashion,68.0,27.301277871390443,49.43513104745449,1,49.43513104745449,Summer,2024,6,True,kaggle_shopping
67574,Sneakers,Converse,Footwear,79.0,17.46146607920463,65.20544179742835,1,65.20544179742835,Fall,2024,9,True,kaggle_shopping
67675,Jeans,Zara,Men's Fashion,86.0,27.687913828404962,62.18839410757173,1,62.18839410757173,Fall,2024,9,True,kaggle_shopping
67776,Hat,Fossil,Accessories,68.0,26.644298429062637,49.8818770682374,1,49.8818770682374,Winter,2024,1,True,kaggle_shopping
67877,Skirt,H&M,Men's Fashion,52.0,20.861191879029924,41.152180222904434,1,41.152180222904434,Fall,2024,9,True,kaggle_shopping
67978,Sandals,Nike,Footwear,90.0,16.646290358690358,75.01833867717868,1,75.01833867717868,Fall,2024,9,True,kaggle_shopping
68079,Sandals,Converse,Footwear,41.0,28.119449916921184,29.471025534062314,1,29.471025534062314,Winter,2024,1,True,kaggle_shopping
68180,Sweater,Uniqlo,Men's Fashion,80.0,21.29746892449743,62.96202486040205,1,62.96202486040205,Spring,2024,5,True,kaggle_shopping
68281,Sweater,Forever 21,Men's Fashion,100.0,17.68634793910758,82.31365206089242,1,82.31365206089242,Winter,2024,1,True,kaggle_shopping
68382,Jacket,Canada Goose,Women's Fashion,77.0,28.40628445621775,55.127160968712325,1,55.127160968712325,Spring,2024,5,True,kaggle_shopping
68483,Shorts,H&M,Men's Fashion,78.0,22.49517457361181,60.45376383258279,1,60.45376383258279,Spring,2024,5,True,kaggle_shopping
68584,Socks,Uniqlo,Men's Fashion,94.0,28.744200846597227,66.9804512041986,1,66.9804512041986,Spring,2024,5,True,kaggle_shopping
68685,Socks,Gap,Men's Fashion,23.0,24.74799664402549,17.307960771874136,1,17.307960771874136,Fall,2024,9,True,kaggle_shopping
68786,Hoodie,H&M,Men's Fashion,20.0,15.191107248591344,16.961778550281732,1,16.961778550281732,Winter,2024,1,True,kaggle_shopping
68887,Socks,Zara,Men's Fashion,86.0,22.455631838107674,66.6881566192274,1,66.6881566192274,Fall,2024,9,True,kaggle_shopping
68988,Boots,New Balance,Footwear,60.0,22.233495474415516,46.6599027153507,1,46.6599027153507,Fall,2024,9,True,kaggle_shopping
69089,Shirt,Uniqlo,Men's Fashion,70.0,17.827691457336762,57.52061597986427,1,57.52061597986427,Fall,2024,9,True,kaggle_shopping
69190,Belt,Coach,Accessories,39.0,19.331592945201812,31.460678751371294,1,31.460678751371294,Fall,2024,9,True,kaggle_shopping
69291,Backpack,Michael Kors,Accessories,37.0,24.241228262803205,28.030745542762816,1,28.030745542762816,Fall,2024,9,True,kaggle_shopping
69392,Boots,Puma,Footwear,29.0,17.24130103640551,24.000022699442404,1,24.000022699442404,Fall,2024,9,True,kaggle_shopping
69493,Coat,Patagonia,Women's Fashion,35.0,17.90564720834979,28.733023477077573,1,28.733023477077573,Winter,2024,1,True,kaggle_shopping
69594,Hoodie,Uniqlo,Men's Fashion,83.0,21.038522652370343,65.53802619853262,1,65.53802619853262,Winter,2024,1,True,kaggle_shopping
69695,Shoes,Puma,Footwear,77.0,20.921409832458686,60.890514429006814,1,60.890514429006814,Summer,2024,6,True,kaggle_shopping
69796,Shoes,Converse,Footwear,37.0,29.483014188824637,26.091284750134882,1,26.091284750134882,Summer,2024,6,True,kaggle_shopping
69897,Jewelry,Kate Spade,Accessories,69.0,22.620206746533178,53.39205734489211,1,53.39205734489211,Summer,2024,6,True,kaggle_shopping
69998,Dress,Uniqlo,Men's Fashion,66.0,20.88891421860092,52.21331661572339,1,52.21331661572339,Winter,2024,1,True,kaggle_shopping
70099,Boots,Converse,Footwear,26.0,18.481058574500103,21.19492477062997,1,21.19492477062997,Spring,2024,5,True,kaggle_shopping
70100,Hat,Kate Spade,Accessories,63.0,20.90397897296479,49.83049324703219,1,49.83049324703219,Spring,2024,5,True,kaggle_shopping
70201,Backpack,Fossil,Accessories,38.0,26.680389836800412,27.861451862015844,1,27.861451862015844,Summer,2024,6,True,kaggle_shopping
70302,Shoes,Puma,Footwear,58.0,25.288159765001097,43.332867336299365,1,43.332867336299365,Summer,2024,6,True,kaggle_shopping
70403,Handbag,Coach,Accessories,46.0,22.52507209189032,35.638466837730455,1,35.638466837730455,Winter,2024,1,True,kaggle_shopping
70504,Sunglasses,Michael Kors,Accessories,92.0,22.63695067333826,71.1740053805288,1,71.1740053805288,Fall,2024,9,True,kaggle_shopping
70605,Hat,Kate Spade,Accessories,32.0,29.103242445613407,22.68696241740371,1,22.68696241740371,Winter,2024,1,True,kaggle_shopping
70706,Scarf,Coach,Accessories,90.0,29.56035354595,63.395681808645,1,63.395681808645,Spring,2024,5,True,kaggle_shopping
70807,Hoodie,Forever 21,Men's Fashion,23.0,18.7855951763973,18.67931310942862,1,18.67931310942862,Fall,2024,9,True,kaggle_shopping
70908,Backpack,Coach,Accessories,25.0,21.694255803417477,19.57643604914563,1,19.57643604914563,Fall,2024,9,True,kaggle_shopping
71009,Sweater,Uniqlo,Men's Fashion,54.0,17.529215915658394,44.534223405544466,1,44.534223405544466,Fall,2024,9,True,kaggle_shopping
71110,Shorts,Zara,Men's Fashion,72.0,17.940544176809574,59.08280819269711,1,59.08280819269711,Summer,2024,6,True,kaggle_shopping
71211,Scarf,Coach,Accessories,33.0,22.299984679759653,25.641005055679315,1,25.641005055679315,Winter,2024,1,True,kaggle_shopping
71312,Hat,Kate Spade,Accessories,43.0,22.604901934343115,33.279892168232465,1,33.279892168232465,Fall,2024,9,True,kaggle_shopping
71413,Coat,Columbia,Women's Fashion,51.0,25.23627754243007,38.12949845336066,1,38.12949845336066,Fall,2024,9,True,kaggle_shopping
71514,Jewelry,Coach,Accessories,85.0,15.983545687854452,71.41398616532372,1,71.41398616532372,Winter,2024,1,True,kaggle_shopping
71615,Sandals,Nike,Footwear,100.0,28.006305558931043,71.99369444106895,1,71.99369444106895,Summer,2024,6,True,kaggle_shopping
71716,Gloves,Fossil,Accessories,72.0,29.36190900840474,50.85942551394859,1,50.85942551394859,Spring,2024,5,True,kaggle_shopping
71817,Backpack,Coach,Accessories,57.0,17.11744200737905,47.243058055793945,1,47.243058055793945,Fall,2024,9,True,kaggle_shopping
71918,Jacket,Canada Goose,Women's Fashion,94.0,25.484117129563145,70.04492989821064,1,70.04492989821064,Spring,2024,5,True,kaggle_shopping
72019,Backpack,Coach,Accessories,34.0,21.257425924595452,26.772475185637546,1,26.772475185637546,Summer,2024,6,True,kaggle_shopping
72120,Backpack,Kate Spade,Accessories,89.0,23.665204192993148,67.93796826823609,1,67.93796826823609,Fall,2024,9,True,kaggle_shopping
72221,Sunglasses,Kate Spade,Accessories,27.0,23.898614234433634,20.54737415670292,1,20.54737415670292,Fall,2024,9,True,kaggle_shopping
72322,Socks,Gap,Men's Fashion,63.0,17.362180640884265,52.06182619624292,1,52.06182619624292,Spring,2024,5,True,kaggle_shopping
72423,Shoes,Converse,Footwear,70.0,25.775981720181672,51.95681279587283,1,51.95681279587283,Fall,2024,9,True,kaggle_shopping
72524,Pants,H&M,Men's Fashion,87.0,28.999849651733314,61.77013080299202,1,61.77013080299202,Fall,2024,9,True,kaggle_shopping
72625,Jewelry,Coach,Accessories,79.0,18.950671282967463,64.02896968645571,1,64.02896968645571,Fall,2024,9,True,kaggle_shopping
72726,Sunglasses,Fossil,Accessories,79.0,29.67848033631472,55.55400053431136,1,55.55400053431136,Spring,2024,5,True,kaggle_shopping
72827,Sandals,Converse,Footwear,44.0,22.906774555028274,33.92101919578756,1,33.92101919578756,Winter,2024,1,True,kaggle_shopping
72928,Sweater,Zara,Men's Fashion,85.0,26.235550572888947,62.69978201304439,1,62.69978201304439,Fall,2024,9,True,kaggle_shopping
73029,Shoes,Adidas,Footwear,90.0,15.196384667884322,76.3232537989041,1,76.3232537989041,Spring,2024,5,True,kaggle_shopping
73130,Jewelry,Michael Kors,Accessories,94.0,26.187276241736782,69.38396033276743,1,69.38396033276743,Fall,2024,9,True,kaggle_shopping
73231,Boots,Adidas,Footwear,68.0,29.428305230810707,47.988752443048725,1,47.988752443048725,Summer,2024,6,True,kaggle_shopping
73332,Backpack,Fossil,Accessories,51.0,21.903467853070712,39.829231394933934,1,39.829231394933934,Winter,2024,1,True,kaggle_shopping
73433,Sandals,Adidas,Footwear,33.0,29.999222972930603,23.1002564189329,1,23.1002564189329,Spring,2024,5,True,kaggle_shopping
73534,Sneakers,Adidas,Footwear,60.0,21.704136726504775,46.97751796409713,1,46.97751796409713,Summer,2024,6,True,kaggle_shopping
73635,Hoodie,Zara,Men's Fashion,59.0,20.78086780430794,46.73928799545832,1,46.73928799545832,Fall,2024,9,True,kaggle_shopping
73736,Handbag,Fossil,Accessories,30.0,23.93677029000104,22.818968912999686,1,22.818968912999686,Summer,2024,6,True,kaggle_shopping
73837,Sweater,H&M,Men's Fashion,20.0,24.274567846981626,15.145086430603673,1,15.145086430603673,Winter,2024,1,True,kaggle_shopping
73938,Sandals,Converse,Footwear,20.0,18.669696120595816,16.266060775880838,1,16.266060775880838,Summer,2024,6,True,kaggle_shopping
74039,Dress,Gap,Men's Fashion,24.0,25.002413234213797,17.99942082378869,1,17.99942082378869,Spring,2024,5,True,kaggle_shopping
74140,Skirt,Zara,Men's Fashion,88.0,21.346567566396736,69.21502054157088,1,69.21502054157088,Summer,2024,6,True,kaggle_shopping
74241,Blouse,Uniqlo,Men's Fashion,78.0,22.140044041269594,60.73076564780972,1,60.73076564780972,Winter,2024,1,True,kaggle_shopping
74342,Skirt,Zara,Men's Fashion,25.0,26.86667389661978,18.283331525845053,1,18.283331525845053,Spring,2024,5,True,kaggle_shopping
74443,Sweater,Gap,Men's Fashion,57.0,19.842762170069033,45.689625563060645,1,45.689625563060645,Winter,2024,1,True,kaggle_shopping
74544,Backpack,Coach,Accessories,93.0,26.09213987816619,68.73430991330545,1,68.73430991330545,Summer,2024,6,True,kaggle_shopping
74645,Hoodie,H&M,Men's Fashion,42.0,22.65935631426243,32.48307034800978,1,32.48307034800978,Summer,2024,6,True,kaggle_shopping
74746,Boots,Adidas,Footwear,54.0,23.056077619495845,41.54971808547224,1,41.54971808547224,Spring,2024,5,True,kaggle_shopping
74847,Blouse,H&M,Men's Fashion,70.0,15.976495995694695,58.81645280301371,1,58.81645280301371,Summer,2024,6,True,kaggle_shopping
74948,Hoodie,Gap,Men's Fashion,31.0,27.88913703076095,22.354367520464105,1,22.354367520464105,Winter,2024,1,True,kaggle_shopping
75049,Pants,Forever 21,Men's Fashion,93.0,25.049496581554017,69.70396817915476,1,69.70396817915476,Spring,2024,5,True,kaggle_shopping
75150,Gloves,Coach,Accessories,40.0,23.234879700807024,30.70604811967719,1,30.70604811967719,Spring,2024,5,True,kaggle_shopping
75251,Hat,Kate Spade,Accessories,32.0,23.425613887125476,24.50380355611985,1,24.50380355611985,Summer,2024,6,True,kaggle_shopping
75352,Sunglasses,Kate Spade,Accessories,27.0,19.097180320303565,21.843761313518037,1,21.843761313518037,Winter,2024,1,True,kaggle_shopping
75453,Scarf,Kate Spade,Accessories,68.0,29.57544739219361,47.88869577330834,1,47.88869577330834,Winter,2024,1,True,kaggle_shopping
75554,Handbag,Fossil,Accessories,59.0,24.154974335233426,44.74856514221228,1,44.74856514221228,Summer,2024,6,True,kaggle_shopping
75655,Handbag,Coach,Accessories,36.0,22.596930542414974,27.86510500473061,1,27.86510500473061,Fall,2024,9,True,kaggle_shopping
75756,Jeans,Uniqlo,Men's Fashion,23.0,24.689853274682243,17.321333746823086,1,17.321333746823086,Summer,2024,6,True,kaggle_shopping
75857,Jacket,North Face,Women's Fashion,80.0,26.79802347347255,58.56158122122196,1,58.56158122122196,Winter,2024,1,True,kaggle_shopping
75958,Backpack,Fossil,Accessories,37.0,20.620671286446214,29.3703516240149,1,29.3703516240149,Fall,2024,9,True,kaggle_shopping
76059,Shorts,H&M,Men's Fashion,52.0,16.620752971076197,43.35720845504038,1,43.35720845504038,Spring,2024,5,True,kaggle_shopping
76160,Coat,Canada Goose,Women's Fashion,79.0,29.446995151496743,55.73687383031758,1,55.73687383031758,Fall,2024,9,True,kaggle_shopping
76261,Shirt,Zara,Men's Fashion,68.0,28.232220708706315,48.80208991807971,1,48.80208991807971,Fall,2024,9,True,kaggle_shopping
76362,Gloves,Kate Spade,Accessories,98.0,16.663408216848,81.66985994748896,1,81.66985994748896,Fall,2024,9,True,kaggle_shopping
76463,Dress,Zara,Men's Fashion,83.0,28.65856294506072,59.21339275559961,1,59.21339275559961,Fall,2024,9,True,kaggle_shopping
76564,Pants,Zara,Men's Fashion,83.0,18.442821030380163,67.69245854478446,1,67.69245854478446,Winter,2024,1,True,kaggle_shopping
76665,Pants,Uniqlo,Men's Fashion,55.0,26.362576005369995,40.5005831970465,1,40.5005831970465,Spring,2024,5,True,kaggle_shopping
76766,Hoodie,Zara,Men's Fashion,26.0,17.11836353460039,21.549225481003898,1,21.549225481003898,Winter,2024,1,True,kaggle_shopping
76867,Sunglasses,Fossil,Accessories,76.0,17.197808795218858,62.92966531563366,1,62.92966531563366,Winter,2024,1,True,kaggle_shopping
76968,T-shirt,Uniqlo,Men's Fashion,85.0,23.631194083575203,64.91348502896108,1,64.91348502896108,Fall,2024,9,True,kaggle_shopping
77069,Jacket,North Face,Women's Fashion,89.0,17.8298777522859,73.13140880046555,1,73.13140880046555,Spring,2024,5,True,kaggle_shopping
77170,Sweater,H&M,Men's Fashion,41.0,22.25288121135554,31.876318703344232,1,31.876318703344232,Spring,2024,5,True,kaggle_shopping
77271,Jacket,Patagonia,Women's Fashion,30.0,29.58493263350507,21.12452020994848,1,21.12452020994848,Winter,2024,1,True,kaggle_shopping
77372,Socks,Zara,Men's Fashion,53.0,29.484473554308963,37.37322901621625,1,37.37322901621625,Winter,2024,1,True,kaggle_shopping
77473,Shirt,Zara,Men's Fashion,66.0,15.62964284290429,55.684435723683166,1,55.684435723683166,Spring,2024,5,True,kaggle_shopping
77574,Jewelry,Michael Kors,Accessories,33.0,29.974301026174466,23.108480661362428,1,23.108480661362428,Winter,2024,1,True,kaggle_shopping
77675,Sunglasses,Kate Spade,Accessories,86.0,17.768275046946023,70.71928345962642,1,70.71928345962642,Spring,2024,5,True,kaggle_shopping
77776,Pants,Gap,Men's Fashion,60.0,25.36301328558944,44.78219202864634,1,44.78219202864634,Winter,2024,1,True,kaggle_shopping
77877,Socks,Gap,Men's Fashion,62.0,18.101679392983048,50.77695877635051,1,50.77695877635051,Summer,2024,6,True,kaggle_shopping
77978,Blouse,Uniqlo,Men's Fashion,74.0,22.878555233459863,57.0698691272397,1,57.0698691272397,Fall,2024,9,True,kaggle_shopping
78079,Sandals,New Balance,Footwear,95.0,17.906233187428846,77.9890784719426,1,77.9890784719426,Fall,2024,9,True,kaggle_shopping
78180,Sneakers,Puma,Footwear,25.0,18.572855915911436,20.356786021022142,1,20.356786021022142,Spring,2024,5,True,kaggle_shopping
78281,Shirt,H&M,Men's Fashion,59.0,17.128537906017065,48.89416263544993,1,48.89416263544993,Winter,2024,1,True,kaggle_shopping
78382,Jacket,Columbia,Women's Fashion,29.0,24.994597347550403,21.75156676921038,1,21.75156676921038,Summer,2024,6,True,kaggle_shopping
78483,Sandals,Adidas,Footwear,36.0,28.147781953488355,25.866798496744195,1,25.866798496744195,Winter,2024,1,True,kaggle_shopping
78584,Hat,Kate Spade,Accessories,82.0,27.55534186980345,59.40461966676117,1,59.40461966676117,Summer,2024,6,True,kaggle_shopping
78685,Blouse,Uniqlo,Men's Fashion,71.0,22.29659567958319,55.16941706749593,1,55.16941706749593,Winter,2024,1,True,kaggle_shopping
78786,Sweater,Uniqlo,Men's Fashion,35.0,29.79374330818225,24.57218984213621,1,24.57218984213621,Fall,2024,9,True,kaggle_shopping
78887,Gloves,Michael Kors,Accessories,38.0,15.510147502461104,32.10614394906478,1,32.10614394906478,Winter,2024,1,True,kaggle_shopping
78988,Scarf,Coach,Accessories,59.0,27.289664645963065,42.899097858881795,1,42.899097858881795,Summer,2024,6,True,kaggle_shopping
79089,Hoodie,Gap,Men's Fashion,91.0,23.024210753453403,70.04796821435741,1,70.04796821435741,Summer,2024,6,True,kaggle_shopping
79190,Shorts,Forever 21,Men's Fashion,68.0,22.046766437481246,53.00819882251275,1,53.00819882251275,Spring,2024,5,True,kaggle_shopping
79291,Backpack,Fossil,Accessories,21.0,15.989201791384584,17.642267623809236,1,17.642267623809236,Summer,2024,6,True,kaggle_shopping
79392,Sunglasses,Coach,Accessories,95.0,29.983450447271174,66.51572207509238,1,66.51572207509238,Spring,2024,5,True,kaggle_shopping
79493,Shorts,H&M,Men's Fashion,52.0,17.44626796992144,42.92794065564085,1,42.92794065564085,Spring,2024,5,True,kaggle_shopping
79594,Dress,Forever 21,Men's Fashion,21.0,24.297026897920674,15.89762435143666,1,15.89762435143666,Fall,2024,9,True,kaggle_shopping
79695,Shorts,Forever 21,Men's Fashion,67.0,18.3219782546848,54.724274569361185,1,54.724274569361185,Summer,2024,6,True,kaggle_shopping
79796,Belt,Kate Spade,Accessories,42.0,19.381182753476896,33.859903243539705,1,33.859903243539705,Fall,2024,9,True,kaggle_shopping
79897,Scarf,Coach,Accessories,63.0,20.594275151529526,50.025606654536396,1,50.025606654536396,Summer,2024,6,True,kaggle_shopping
79998,Boots,New Balance,Footwear,41.0,25.383293028339637,30.59284985838075,1,30.59284985838075,Winter,2024,1,True,kaggle_shopping
80099,Handbag,Fossil,Accessories,46.0,21.935830870065082,35.909517799770065,1,35.909517799770065,Fall,2024,9,True,kaggle_shopping
80100,Pants,H&M,Men's Fashion,79.0,27.386411503900238,57.36473491191881,1,57.36473491191881,Winter,2024,1,True,kaggle_shopping
80201,Boots,Nike,Footwear,90.0,26.748535834503883,65.9263177489465,1,65.9263177489465,Fall,2024,9,True,kaggle_shopping
80302,Shirt,Zara,Men's Fashion,71.0,24.927127259783017,53.301739645554065,1,53.301739645554065,Winter,2024,1,True,kaggle_shopping
80403,Dress,Uniqlo,Men's Fashion,87.0,24.390869195542514,65.77994379987801,1,65.77994379987801,Summer,2024,6,True,kaggle_shopping
80504,Hoodie,Gap,Men's Fashion,66.0,15.830224426364492,55.552051878599435,1,55.552051878599435,Spring,2024,5,True,kaggle_shopping
80605,Pants,Forever 21,Men's Fashion,90.0,16.382470923420883,75.2557761689212,1,75.2557761689212,Summer,2024,6,True,kaggle_shopping
80706,Jeans,H&M,Men's Fashion,47.0,20.829855656283247,37.20996784154688,1,37.20996784154688,Summer,2024,6,True,kaggle_shopping
80807,Shirt,Zara,Men's Fashion,38.0,18.015347183199832,31.154168070384063,1,31.154168070384063,Spring,2024,5,True,kaggle_shopping
80908,Backpack,Kate Spade,Accessories,50.0,26.00883866257923,36.99558066871038,1,36.99558066871038,Summer,2024,6,True,kaggle_shopping
81009,Jacket,Patagonia,Women's Fashion,79.0,27.38071419682882,57.369235784505236,1,57.369235784505236,Summer,2024,6,True,kaggle_shopping
81110,Scarf,Fossil,Accessories,91.0,28.564821823982985,65.00601214017549,1,65.00601214017549,Spring,2024,5,True,kaggle_shopping
81211,Boots,New Balance,Footwear,60.0,27.228579011672615,43.66285259299643,1,43.66285259299643,Spring,2024,5,True,kaggle_shopping
81312,Blouse,Gap,Men's Fashion,81.0,22.97560525822233,62.389759740839914,1,62.389759740839914,Summer,2024,6,True,kaggle_shopping
81413,Hoodie,Uniqlo,Men's Fashion,90.0,26.773954691637783,65.90344077752599,1,65.90344077752599,Summer,2024,6,True,kaggle_shopping
81514,Jacket,Canada Goose,Women's Fashion,70.0,20.615641938179415,55.56905064327441,1,55.56905064327441,Fall,2024,9,True,kaggle_shopping
81615,Jeans,H&M,Men's Fashion,63.0,22.0029804178444,49.13812233675803,1,49.13812233675803,Spring,2024,5,True,kaggle_shopping
81716,Jewelry,Kate Spade,Accessories,29.0,26.644076239026198,21.2732178906824,1,21.2732178906824,Spring,2024,5,True,kaggle_shopping
81817,Socks,Zara,Men's Fashion,90.0,20.09102236617383,71.91807987044355,1,71.91807987044355,Spring,2024,5,True,kaggle_shopping
81918,Shirt,Zara,Men's Fashion,22.0,28.789133479569056,15.666390634494807,1,15.666390634494807,Summer,2024,6,True,kaggle_shopping
82019,Shorts,Gap,Men's Fashion,22.0,16.642422428127272,18.338667065812,1,18.338667065812,Summer,2024,6,True,kaggle_shopping
82120,Jewelry,Fossil,Accessories,62.0,21.683491331839903,48.55623537425926,1,48.55623537425926,Fall,2024,9,True,kaggle_shopping
82221,Blouse,H&M,Men's Fashion,57.0,17.932176959865895,46.77865913287644,1,46.77865913287644,Summer,2024,6,True,kaggle_shopping
82322,Sweater,Gap,Men's Fashion,32.0,28.479156561873197,22.886669900200577,1,22.886669900200577,Summer,2024,6,True,kaggle_shopping
82423,Jewelry,Fossil,Accessories,53.0,16.170211078265726,44.429788128519164,1,44.429788128519164,Fall,2024,9,True,kaggle_shopping
82524,T-shirt,Forever 21,Men's Fashion,79.0,15.813198032918766,66.50757355399418,1,66.50757355399418,Fall,2024,9,True,kaggle_shopping
82625,Hat,Fossil,Accessories,61.0,21.247460182133135,48.03904928889879,1,48.03904928889879,Winter,2024,1,True,kaggle_shopping
82726,Shorts,Forever 21,Men's Fashion,78.0,27.430310308581333,56.604357959306554,1,56.604357959306554,Summer,2024,6,True,kaggle_shopping
82827,Sweater,Forever 21,Men's Fashion,97.0,29.76643293522325,68.12656005283344,1,68.12656005283344,Winter,2024,1,True,kaggle_shopping
82928,Jeans,Zara,Men's Fashion,78.0,29.092849338094684,55.307577516286145,1,55.307577516286145,Winter,2024,1,True,kaggle_shopping
83029,Sunglasses,Coach,Accessories,56.0,24.142675323448767,42.48010181886869,1,42.48010181886869,Summer,2024,6,True,kaggle_shopping
83130,Boots,Adidas,Footwear,25.0,29.11760492382001,17.720598769044997,1,17.720598769044997,Summer,2024,6,True,kaggle_shopping
83231,Coat,Patagonia,Women's Fashion,28.0,19.236194147018807,22.613865638834735,1,22.613865638834735,Spring,2024,5,True,kaggle_shopping
83332,Shirt,Uniqlo,Men's Fashion,57.0,16.70800062302236,47.47643964487726,1,47.47643964487726,Spring,2024,5,True,kaggle_shopping
83433,Dress,Zara,Men's Fashion,36.0,20.415557087388315,28.650399448540206,1,28.650399448540206,Fall,2024,9,True,kaggle_shopping
83534,Shirt,Gap,Men's Fashion,69.0,26.944268149754137,50.408454976669645,1,50.408454976669645,Winter,2024,1,True,kaggle_shopping
83635,Sunglasses,Fossil,Accessories,48.0,22.308019675080786,37.29215055596123,1,37.29215055596123,Fall,2024,9,True,kaggle_shopping
83736,Dress,Gap,Men's Fashion,58.0,21.465357970446327,45.55009237714113,1,45.55009237714113,Spring,2024,5,True,kaggle_shopping
83837,Sunglasses,Coach,Accessories,24.0,27.275593174626792,17.453857638089566,1,17.453857638089566,Spring,2024,5,True,kaggle_shopping
83938,Sunglasses,Coach,Accessories,31.0,15.28637116180927,26.261224939839128,1,26.261224939839128,Winter,2024,1,True,kaggle_shopping
84039,Shorts,H&M,Men's Fashion,29.0,25.853318274805314,21.50253770030646,1,21.50253770030646,Summer,2024,6,True,kaggle_shopping
84140,Jeans,Gap,Men's Fashion,69.0,23.923892938218287,52.49251387262939,1,52.49251387262939,Summer,2024,6,True,kaggle_shopping
84241,T-shirt,Gap,Men's Fashion,79.0,23.788260199022858,60.20727444277194,1,60.20727444277194,Summer,2024,6,True,kaggle_shopping
84342,Pants,Forever 21,Men's Fashion,39.0,28.881751603596577,27.736116874597332,1,27.736116874597332,Summer,2024,6,True,kaggle_shopping
84443,Sunglasses,Kate Spade,Accessories,84.0,26.115397480397547,62.06306611646606,1,62.06306611646606,Fall,2024,9,True,kaggle_shopping
84544,Boots,Puma,Footwear,66.0,25.67612522043641,49.05375735451197,1,49.05375735451197,Spring,2024,5,True,kaggle_shopping
84645,T-shirt,Gap,Men's Fashion,92.0,22.950382911712406,70.88564772122459,1,70.88564772122459,Fall,2024,9,True,kaggle_shopping
84746,Sandals,Adidas,Footwear,45.0,24.190819352402166,34.11413129141902,1,34.11413129141902,Winter,2024,1,True,kaggle_shopping
84847,Shorts,Forever 21,Men's Fashion,74.0,29.768890998170953,51.9710206613535,1,51.9710206613535,Spring,2024,5,True,kaggle_shopping
84948,Hat,Coach,Accessories,39.0,20.278474906565737,31.091394786439363,1,31.091394786439363,Fall,2024,9,True,kaggle_shopping
85049,Scarf,Michael Kors,Accessories,71.0,29.185449948793924,50.27833053635631,1,50.27833053635631,Winter,2024,1,True,kaggle_shopping
85150,T-shirt,Gap,Men's Fashion,95.0,21.896216706404058,74.19859412891614,1,74.19859412891614,Fall,2024,9,True,kaggle_shopping
85251,Gloves,Michael Kors,Accessories,72.0,23.645798274850108,54.975025242107925,1,54.975025242107925,Fall,2024,9,True,kaggle_shopping
85352,Scarf,Fossil,Accessories,85.0,21.092302010376365,67.07154329118009,1,67.07154329118009,Fall,2024,9,True,kaggle_shopping
85453,Boots,Adidas,Footwear,54.0,28.730311146422423,38.4856319809319,1,38.4856319809319,Fall,2024,9,True,kaggle_shopping
85554,Gloves,Michael Kors,Accessories,41.0,17.650825014793273,33.76316174393476,1,33.76316174393476,Spring,2024,5,True,kaggle_shopping
85655,Coat,Columbia,Women's Fashion,24.0,19.70323229709023,19.271224248698346,1,19.271224248698346,Spring,2024,5,True,kaggle_shopping
85756,Belt,Fossil,Accessories,99.0,16.741594982523953,82.42582096730129,1,82.42582096730129,Summer,2024,6,True,kaggle_shopping
85857,Hoodie,Gap,Men's Fashion,32.0,17.731161717128167,26.326028250518988,1,26.326028250518988,Fall,2024,9,True,kaggle_shopping
85958,Shoes,Converse,Footwear,71.0,18.346586065041397,57.97392389382061,1,57.97392389382061,Summer,2024,6,True,kaggle_shopping
86059,Dress,H&M,Men's Fashion,49.0,21.254656382082725,38.585218372779465,1,38.585218372779465,Winter,2024,1,True,kaggle_shopping
86160,Gloves,Fossil,Accessories,50.0,18.38634303468733,40.806828482656336,1,40.806828482656336,Fall,2024,9,True,kaggle_shopping
86261,Jewelry,Fossil,Accessories,91.0,15.808678667562981,76.61410241251768,1,76.61410241251768,Fall,2024,9,True,kaggle_shopping
86362,Belt,Fossil,Accessories,46.0,29.38136928571771,32.48457012856986,1,32.48457012856986,Fall,2024,9,True,kaggle_shopping
86463,Sweater,Forever 21,Men's Fashion,50.0,24.957581322927922,37.52120933853604,1,37.52120933853604,Spring,2024,5,True,kaggle_shopping
86564,Skirt,H&M,Men's Fashion,39.0,15.84508695094669,32.820416089130795,1,32.820416089130795,Fall,2024,9,True,kaggle_shopping
86665,Sneakers,Converse,Footwear,99.0,19.93040012269452,79.26890387853243,1,79.26890387853243,Summer,2024,6,True,kaggle_shopping
86766,Gloves,Michael Kors,Accessories,48.0,27.984548151705077,34.567416887181565,1,34.567416887181565,Winter,2024,1,True,kaggle_shopping
86867,Coat,Canada Goose,Women's Fashion,77.0,22.210883326126627,59.8976198388825,1,59.8976198388825,Fall,2024,9,True,kaggle_shopping
86968,Backpack,Kate Spade,Accessories,95.0,26.907768440536206,69.4376199814906,1,69.4376199814906,Spring,2024,5,True,kaggle_shopping
87069,Socks,H&M,Men's Fashion,100.0,27.916948673207642,72.08305132679236,1,72.08305132679236,Spring,2024,5,True,kaggle_shopping
87170,Sneakers,Adidas,Footwear,54.0,28.147776266287273,38.80020081620487,1,38.80020081620487,Spring,2024,5,True,kaggle_shopping
87271,Sweater,Forever 21,Men's Fashion,68.0,22.37285305454698,52.78645992290805,1,52.78645992290805,Fall,2024,9,True,kaggle_shopping
87372,Jeans,Zara,Men's Fashion,22.0,22.020574758751774,17.15547355307461,1,17.15547355307461,Fall,2024,9,True,kaggle_shopping
87473,Hat,Kate Spade,Accessories,84.0,27.623006224316843,60.796674771573855,1,60.796674771573855,Winter,2024,1,True,kaggle_shopping
87574,Hat,Kate Spade,Accessories,46.0,27.590623929951633,33.30831299222225,1,33.30831299222225,Summer,2024,6,True,kaggle_shopping
87675,Handbag,Fossil,Accessories,53.0,19.36234263230933,42.73795840487606,1,42.73795840487606,Winter,2024,1,True,kaggle_shopping
87776,Shirt,H&M,Men's Fashion,60.0,25.80033864172045,44.519796814967734,1,44.519796814967734,Spring,2024,5,True,kaggle_shopping
87877,Socks,H&M,Men's Fashion,32.0,17.814571924613197,26.299336984123777,1,26.299336984123777,Spring,2024,5,True,kaggle_shopping
87978,Socks,Forever 21,Men's Fashion,50.0,18.54190803950693,40.72904598024654,1,40.72904598024654,Summer,2024,6,True,kaggle_shopping
88079,Dress,Zara,Men's Fashion,94.0,15.80936681354505,79.13919519526765,1,79.13919519526765,Spring,2024,5,True,kaggle_shopping
88180,Shoes,Nike,Footwear,26.0,29.78975571482229,18.254663514146202,1,18.254663514146202,Spring,2024,5,True,kaggle_shopping
88281,Scarf,Kate Spade,Accessories,44.0,15.617185729364195,37.12843827907976,1,37.12843827907976,Winter,2024,1,True,kaggle_shopping
88382,Hoodie,Zara,Men's Fashion,57.0,22.22571192619741,44.33134420206748,1,44.33134420206748,Summer,2024,6,True,kaggle_shopping
88483,T-shirt,H&M,Men's Fashion,65.0,22.210860236443587,50.56294084631167,1,50.56294084631167,Winter,2024,1,True,kaggle_shopping
88584,Jeans,H&M,Men's Fashion,72.0,16.657998582684357,60.006241020467264,1,60.006241020467264,Winter,2024,1,True,kaggle_shopping
88685,Shorts,H&M,Men's Fashion,62.0,28.9654059124875,44.041448334257744,1,44.041448334257744,Spring,2024,5,True,kaggle_shopping
88786,Hat,Kate Spade,Accessories,21.0,24.658735664288496,15.821665510499415,1,15.821665510499415,Winter,2024,1,True,kaggle_shopping
88887,Handbag,Kate Spade,Accessories,85.0,16.233765390616487,71.20129941797599,1,71.20129941797599,Spring,2024,5,True,kaggle_shopping
88988,Pants,Gap,Men's Fashion,51.0,21.269931753431226,40.15233480575007,1,40.15233480575007,Summer,2024,6,True,kaggle_shopping
89089,Handbag,Coach,Accessories,84.0,24.24578096724771,63.63354398751192,1,63.63354398751192,Fall,2024,9,True,kaggle_shopping
89190,Sweater,Gap,Men's Fashion,37.0,23.315176183066374,28.373384812265442,1,28.373384812265442,Summer,2024,6,True,kaggle_shopping
89291,Scarf,Coach,Accessories,44.0,26.035254091844863,32.54448819958826,1,32.54448819958826,Summer,2024,6,True,kaggle_shopping
89392,Sneakers,Puma,Footwear,45.0,19.530779955490488,36.21114902002928,1,36.21114902002928,Spring,2024,5,True,kaggle_shopping
89493,Pants,H&M,Men's Fashion,35.0,23.891012688587168,26.63814555899449,1,26.63814555899449,Summer,2024,6,True,kaggle_shopping
89594,Backpack,Coach,Accessories,50.0,27.42691109237034,36.28654445381483,1,36.28654445381483,Winter,2024,1,True,kaggle_shopping
89695,Sandals,Adidas,Footwear,26.0,23.305034477964274,19.94069103572929,1,19.94069103572929,Summer,2024,6,True,kaggle_shopping
89796,Socks,Gap,Men's Fashion,78.0,21.016721598606686,61.60695715308679,1,61.60695715308679,Fall,2024,9,True,kaggle_shopping
89897,Coat,Canada Goose,Women's Fashion,82.0,18.671539771030165,66.68933738775526,1,66.68933738775526,Fall,2024,9,True,kaggle_shopping
89998,Socks,H&M,Men's Fashion,39.0,17.521357680159085,32.16667050473796,1,32.16667050473796,Spring,2024,5,True,kaggle_shopping
90099,Belt,Fossil,Accessories,55.0,27.187846042157723,40.04668467681326,1,40.04668467681326,Summer,2024,6,True,kaggle_shopping
90100,Socks,Uniqlo,Men's Fashion,20.0,29.001170339210532,14.199765932157895,1,14.199765932157895,Summer,2024,6,True,kaggle_shopping
90201,Belt,Coach,Accessories,29.0,28.17335924956641,20.829725817625743,1,20.829725817625743,Fall,2024,9,True,kaggle_shopping
90302,Pants,H&M,Men's Fashion,41.0,20.54527407602065,32.576437628831535,1,32.576437628831535,Winter,2024,1,True,kaggle_shopping
90403,Shorts,Forever 21,Men's Fashion,38.0,27.62659288016194,27.501894705538465,1,27.501894705538465,Winter,2024,1,True,kaggle_shopping
90504,Boots,Nike,Footwear,47.0,20.353251961710463,37.43397157799608,1,37.43397157799608,Summer,2024,6,True,kaggle_shopping
90605,Dress,Uniqlo,Men's Fashion,30.0,19.08126132222908,24.275621603331274,1,24.275621603331274,Summer,2024,6,True,kaggle_shopping
90706,Jeans,H&M,Men's Fashion,56.0,21.999534008362637,43.680260955316925,1,43.680260955316925,Summer,2024,6,True,kaggle_shopping
90807,T-shirt,Gap,Men's Fashion,89.0,17.68931920443942,73.25650590804891,1,73.25650590804891,Winter,2024,1,True,kaggle_shopping
90908,Shoes,Converse,Footwear,96.0,18.27986047541307,78.45133394360346,1,78.45133394360346,Fall,2024,9,True,kaggle_shopping
91009,Boots,Nike,Footwear,81.0,23.44507982650764,62.00948534052881,1,62.00948534052881,Fall,2024,9,True,kaggle_shopping
91110,Scarf,Fossil,Accessories,83.0,21.119338921648996,65.47094869503132,1,65.47094869503132,Fall,2024,9,True,kaggle_shopping
91211,Sneakers,Nike,Footwear,35.0,27.658392316853174,25.31956268910139,1,25.31956268910139,Winter,2024,1,True,kaggle_shopping
91312,Boots,New Balance,Footwear,56.0,29.733491080589026,39.34924499487015,1,39.34924499487015,Summer,2024,6,True,kaggle_shopping
91413,Handbag,Coach,Accessories,45.0,21.220031980219034,35.45098560890143,1,35.45098560890143,Summer,2024,6,True,kaggle_shopping
91514,Shirt,H&M,Men's Fashion,62.0,22.779295261227773,47.87683693803878,1,47.87683693803878,Winter,2024,1,True,kaggle_shopping
91615,Hat,Coach,Accessories,84.0,25.420291415387183,62.646955211074776,1,62.646955211074776,Spring,2024,5,True,kaggle_shopping
91716,Sweater,Forever 21,Men's Fashion,24.0,17.950580249258437,19.691860740177972,1,19.691860740177972,Summer,2024,6,True,kaggle_shopping
91817,Handbag,Coach,Accessories,21.0,18.313037958689918,17.154262028675117,1,17.154262028675117,Spring,2024,5,True,kaggle_shopping
91918,Shirt,Forever 21,Men's Fashion,91.0,25.02993653204274,68.2227577558411,1,68.2227577558411,Winter,2024,1,True,kaggle_shopping
92019,Sunglasses,Michael Kors,Accessories,36.0,18.990023430830334,29.16359156490108,1,29.16359156490108,Winter,2024,1,True,kaggle_shopping
92120,Sneakers,Adidas,Footwear,39.0,25.1382982766048,29.19606367212413,1,29.19606367212413,Spring,2024,5,True,kaggle_shopping
92221,Hoodie,Zara,Men's Fashion,39.0,22.503231552229593,30.223739694630456,1,30.223739694630456,Spring,2024,5,True,kaggle_shopping
92322,Shirt,Forever 21,Men's Fashion,59.0,19.889944394813277,47.26493280706017,1,47.26493280706017,Winter,2024,1,True,kaggle_shopping
92423,Sunglasses,Coach,Accessories,27.0,17.196841564847055,22.356852777491294,1,22.356852777491294,Winter,2024,1,True,kaggle_shopping
92524,Blouse,Forever 21,Men's Fashion,94.0,23.737173824497226,71.68705660497261,1,71.68705660497261,Spring,2024,5,True,kaggle_shopping
92625,Belt,Michael Kors,Accessories,94.0,18.21544067093666,76.87748576931955,1,76.87748576931955,Fall,2024,9,True,kaggle_shopping
92726,Dress,Forever 21,Men's Fashion,94.0,16.70886719943332,78.29366483253268,1,78.29366483253268,Winter,2024,1,True,kaggle_shopping
92827,Shoes,Converse,Footwear,51.0,26.23194076177811,37.621710211493166,1,37.621710211493166,Fall,2024,9,True,kaggle_shopping
92928,Socks,Zara,Men's Fashion,62.0,18.5306664801823,50.51098678228697,1,50.51098678228697,Fall,2024,9,True,kaggle_shopping
93029,Socks,Forever 21,Men's Fashion,57.0,15.75767820912498,48.01812342079876,1,48.01812342079876,Spring,2024,5,True,kaggle_shopping
93130,Shorts,Gap,Men's Fashion,76.0,25.454962633439422,56.654228398586035,1,56.654228398586035,Fall,2024,9,True,kaggle_shopping
93231,Gloves,Kate Spade,Accessories,63.0,17.55289154968051,51.941678323701275,1,51.941678323701275,Summer,2024,6,True,kaggle_shopping
93332,Jacket,Columbia,Women's Fashion,80.0,24.918898025797986,60.06488157936161,1,60.06488157936161,Fall,2024,9,True,kaggle_shopping
93433,Handbag,Michael Kors,Accessories,68.0,15.434802491021237,57.504334306105555,1,57.504334306105555,Fall,2024,9,True,kaggle_shopping
93534,Backpack,Kate Spade,Accessories,89.0,28.628961439994647,63.520224318404765,1,63.520224318404765,Summer,2024,6,True,kaggle_shopping
93635,Boots,Converse,Footwear,26.0,19.49222846014539,20.9320206003622,1,20.9320206003622,Summer,2024,6,True,kaggle_shopping
93736,Gloves,Coach,Accessories,90.0,19.905018875233182,72.08548301229014,1,72.08548301229014,Winter,2024,1,True,kaggle_shopping
93837,Hoodie,Gap,Men's Fashion,28.0,25.34541260882218,20.90328446952979,1,20.90328446952979,Spring,2024,5,True,kaggle_shopping
93938,Coat,Canada Goose,Women's Fashion,29.0,27.544394831509425,21.012125498862265,1,21.012125498862265,Spring,2024,5,True,kaggle_shopping
94039,Shirt,Zara,Men's Fashion,31.0,28.947375463984372,22.026313606164845,1,22.026313606164845,Spring,2024,5,True,kaggle_shopping
94140,Shirt,H&M,Men's Fashion,24.0,27.413919383538975,17.420659347950647,1,17.420659347950647,Summer,2024,6,True,kaggle_shopping
94241,Sweater,Zara,Men's Fashion,88.0,27.87547982770256,63.469577751621756,1,63.469577751621756,Summer,2024,6,True,kaggle_shopping
94342,Shirt,Uniqlo,Men's Fashion,87.0,15.06164922986149,73.8963651700205,1,73.8963651700205,Spring,2024,5,True,kaggle_shopping
94443,Hoodie,H&M,Men's Fashion,80.0,16.78843804681816,66.56924956254548,1,66.56924956254548,Summer,2024,6,True,kaggle_shopping
94544,Sandals,Adidas,Footwear,48.0,18.72508827720085,39.01195762694359,1,39.01195762694359,Winter,2024,1,True,kaggle_shopping
94645,Belt,Fossil,Accessories,21.0,25.338169042320473,15.678984501112701,1,15.678984501112701,Winter,2024,1,True,kaggle_shopping
94746,Boots,Nike,Footwear,72.0,27.138776669213456,52.46008079816632,1,52.46008079816632,Spring,2024,5,True,kaggle_shopping
94847,Hoodie,H&M,Men's Fashion,44.0,25.04235230378527,32.98136498633448,1,32.98136498633448,Fall,2024,9,True,kaggle_shopping
94948,Sandals,Adidas,Footwear,73.0,21.328433104761793,57.430243833523896,1,57.430243833523896,Fall,2024,9,True,kaggle_shopping
95049,Jeans,Uniqlo,Men's Fashion,61.0,29.14039594996827,43.224358470519356,1,43.224358470519356,Spring,2024,5,True,kaggle_shopping
95150,Shoes,Adidas,Footwear,20.0,23.62668108388789,15.274663783222422,1,15.274663783222422,Winter,2024,1,True,kaggle_shopping
95251,Sandals,New Balance,Footwear,86.0,19.465810994362435,69.25940254484831,1,69.25940254484831,Summer,2024,6,True,kaggle_shopping
95352,Dress,Gap,Men's Fashion,60.0,24.850813649556752,45.089511810265954,1,45.089511810265954,Spring,2024,5,True,kaggle_shopping
95453,Hat,Kate Spade,Accessories,43.0,23.478765429426616,32.90413086534655,1,32.90413086534655,Winter,2024,1,True,kaggle_shopping
95554,Pants,Forever 21,Men's Fashion,44.0,21.978988791757605,34.329244931626654,1,34.329244931626654,Spring,2024,5,True,kaggle_shopping
95655,Socks,Zara,Men's Fashion,76.0,21.88583275410421,59.3667671068808,1,59.3667671068808,Spring,2024,5,True,kaggle_shopping
95756,Shirt,Zara,Men's Fashion,33.0,27.316911277512936,23.985419278420732,1,23.985419278420732,Summer,2024,6,True,kaggle_shopping
95857,Shorts,Gap,Men's Fashion,60.0,27.5827561500869,43.45034630994786,1,43.45034630994786,Fall,2024,9,True,kaggle_shopping
95958,Jacket,North Face,Women's Fashion,26.0,21.58277386387381,20.388478795392807,1,20.388478795392807,Fall,2024,9,True,kaggle_shopping
96059,Hoodie,Zara,Men's Fashion,73.0,18.182120017813237,59.72705238699634,1,59.72705238699634,Winter,2024,1,True,kaggle_shopping
96160,Shoes,Adidas,Footwear,87.0,24.459574198573875,65.72017044724073,1,65.72017044724073,Spring,2024,5,True,kaggle_shopping
96261,Skirt,H&M,Men's Fashion,100.0,17.082936430319112,82.91706356968089,1,82.91706356968089,Spring,2024,5,True,kaggle_shopping
96362,Coat,Patagonia,Women's Fashion,84.0,29.408468129158877,59.29688677150655,1,59.29688677150655,Winter,2024,1,True,kaggle_shopping
96463,Sneakers,Nike,Footwear,41.0,19.66166924637472,32.938715608986364,1,32.938715608986364,Summer,2024,6,True,kaggle_shopping
96564,Jeans,H&M,Men's Fashion,59.0,28.450660756082954,42.21411015391106,1,42.21411015391106,Winter,2024,1,True,kaggle_shopping
96665,Blouse,H&M,Men's Fashion,26.0,25.287164442943684,19.425337244834644,1,19.425337244834644,Winter,2024,1,True,kaggle_shopping
96766,Sunglasses,Coach,Accessories,69.0,19.034825830101735,55.865970177229805,1,55.865970177229805,Summer,2024,6,True,kaggle_shopping
96867,Jacket,Patagonia,Women's Fashion,20.0,25.80233717167846,14.839532565664308,1,14.839532565664308,Spring,2024,5,True,kaggle_shopping
96968,Dress,Forever 21,Men's Fashion,83.0,16.76714100268043,69.08327296777524,1,69.08327296777524,Summer,2024,6,True,kaggle_shopping
97069,Hat,Michael Kors,Accessories,54.0,24.26612281874861,40.896293677875754,1,40.896293677875754,Spring,2024,5,True,kaggle_shopping
97170,Hoodie,Forever 21,Men's Fashion,66.0,28.429293117917965,47.23666654217414,1,47.23666654217414,Fall,2024,9,True,kaggle_shopping
97271,Handbag,Fossil,Accessories,42.0,19.954382963215913,33.61915915544932,1,33.61915915544932,Spring,2024,5,True,kaggle_shopping
97372,Jeans,Uniqlo,Men's Fashion,33.0,26.793106778380704,24.15827476313437,1,24.15827476313437,Spring,2024,5,True,kaggle_shopping
97473,Boots,New Balance,Footwear,77.0,20.463056602794932,61.243446415847906,1,61.243446415847906,Summer,2024,6,True,kaggle_shopping
97574,Jacket,Patagonia,Women's Fashion,65.0,29.69374789962299,45.69906386524506,1,45.69906386524506,Fall,2024,9,True,kaggle_shopping
97675,Sandals,New Balance,Footwear,39.0,23.540877922040966,29.819057610404023,1,29.819057610404023,Summer,2024,6,True,kaggle_shopping
97776,Belt,Michael Kors,Accessories,51.0,26.265955212956968,37.60436284139195,1,37.60436284139195,Summer,2024,6,True,kaggle_shopping
97877,Handbag,Kate Spade,Accessories,65.0,27.517027482581447,47.11393213632206,1,47.11393213632206,Winter,2024,1,True,kaggle_shopping
97978,Sunglasses,Coach,Accessories,89.0,26.087794527477627,65.78186287054491,1,65.78186287054491,Summer,2024,6,True,kaggle_shopping
98079,Skirt,H&M,Men's Fashion,76.0,19.860249359532574,60.90621048675524,1,60.90621048675524,Spring,2024,5,True,kaggle_shopping
98180,Backpack,Coach,Accessories,75.0,27.13952869232051,54.645353480759624,1,54.645353480759624,Spring,2024,5,True,kaggle_shopping
98281,Sandals,Adidas,Footwear,61.0,23.234670816830004,46.8268508017337,1,46.8268508017337,Summer,2024,6,True,kaggle_shopping
98382,Boots,Converse,Footwear,35.0,28.16951867865236,25.140668462471673,1,25.140668462471673,Fall,2024,9,True,kaggle_shopping
98483,Sneakers,Nike,Footwear,37.0,26.322843221164447,27.260548008169152,1,27.260548008169152,Fall,2024,9,True,kaggle_shopping
98584,Skirt,Forever 21,Men's Fashion,91.0,17.424911404671477,75.14333062174896,1,75.14333062174896,Winter,2024,1,True,kaggle_shopping
98685,Dress,Uniqlo,Men's Fashion,99.0,19.72561642534602,79.47163973890744,1,79.47163973890744,Fall,2024,9,True,kaggle_shopping
98786,Shorts,Forever 21,Men's Fashion,54.0,26.203698175646977,39.85000298515063,1,39.85000298515063,Summer,2024,6,True,kaggle_shopping
98887,Handbag,Coach,Accessories,47.0,17.744014616430608,38.660313130277615,1,38.660313130277615,Winter,2024,1,True,kaggle_shopping
98988,Scarf,Michael Kors,Accessories,77.0,18.82105515135217,62.507787533458824,1,62.507787533458824,Spring,2024,5,True,kaggle_shopping
99089,Belt,Michael Kors,Accessories,84.0,29.254156331120985,59.42650868185837,1,59.42650868185837,Fall,2024,9,True,kaggle_shopping
99190,Gloves,Fossil,Accessories,51.0,17.84552921226045,41.89878010174717,1,41.89878010174717,Spring,2024,5,True,kaggle_shopping
99291,Skirt,Uniqlo,Men's Fashion,26.0,18.578961311740645,21.169470058947432,1,21.169470058947432,Summer,2024,6,True,kaggle_shopping
99392,Shorts,Zara,Men's Fashion,64.0,29.561050812374745,45.08092748008016,1,45.08092748008016,Summer,2024,6,True,kaggle_shopping
99493,Backpack,Coach,Accessories,51.0,22.240114988288013,39.65754135597311,1,39.65754135597311,Spring,2024,5,True,kaggle_shopping
99594,Hoodie,H&M,Men's Fashion,60.0,20.199088297880003,47.880547021272,1,47.880547021272,Spring,2024,5,True,kaggle_shopping
99695,Hat,Kate Spade,Accessories,69.0,20.306462903186727,54.98854059680116,1,54.98854059680116,Spring,2024,5,True,kaggle_shopping
99796,Jewelry,Kate Spade,Accessories,29.0,26.481340943173457,21.320411126479698,1,21.320411126479698,Spring,2024,5,True,kaggle_shopping
99897,Shirt,H&M,Men's Fashion,91.0,17.081555496008185,75.45578449863255,1,75.45578449863255,Spring,2024,5,True,kaggle_shopping
99998,Belt,Fossil,Accessories,70.0,27.990790308926726,50.40644678375129,1,50.40644678375129,Spring,2024,5,True,kaggle_shopping
100099,Sweater,Forever 21,Men's Fashion,58.0,27.86185885241081,41.84012186560173,1,41.84012186560173,Summer,2024,6,True,kaggle_shopping
100100,Hat,Coach,Accessories,98.0,20.79446323984167,77.62142602495517,1,77.62142602495517,Fall,2024,9,True,kaggle_shopping
100201,Scarf,Fossil,Accessories,68.0,21.394329936761814,53.45185564300197,1,53.45185564300197,Summer,2024,6,True,kaggle_shopping
100302,Hat,Michael Kors,Accessories,44.0,17.142006650116755,36.45751707394862,1,36.45751707394862,Summer,2024,6,True,kaggle_shopping
100403,Jacket,Columbia,Women's Fashion,45.0,26.601217781601072,33.02945199827952,1,33.02945199827952,Winter,2024,1,True,kaggle_shopping
100504,T-shirt,Forever 21,Men's Fashion,99.0,27.513675715925764,71.7614610412335,1,71.7614610412335,Spring,2024,5,True,kaggle_shopping
100605,Dress,Zara,Men's Fashion,68.0,26.764861520658982,49.7998941659519,1,49.7998941659519,Spring,2024,5,True,kaggle_shopping
100706,Pants,Gap,Men's Fashion,56.0,16.21230442000734,46.92110952479589,1,46.92110952479589,Spring,2024,5,True,kaggle_shopping
100807,Sweater,H&M,Men's Fashion,43.0,22.111687401186273,33.4919744174899,1,33.4919744174899,Winter,2024,1,True,kaggle_shopping
100908,Sunglasses,Coach,Accessories,99.0,25.7887747173451,73.46911302982835,1,73.46911302982835,Winter,2024,1,True,kaggle_shopping
101009,Belt,Coach,Accessories,56.0,24.570155721728273,42.24071279583217,1,42.24071279583217,Fall,2024,9,True,kaggle_shopping
101110,Hoodie,Zara,Men's Fashion,25.0,23.1783325550037,19.205416861249073,1,19.205416861249073,Spring,2024,5,True,kaggle_shopping
101211,Pants,Zara,Men's Fashion,74.0,22.341331339765805,57.46741480857331,1,57.46741480857331,Winter,2024,1,True,kaggle_shopping
101312,Hoodie,H&M,Men's Fashion,56.0,21.724326155732395,43.83437735278986,1,43.83437735278986,Winter,2024,1,True,kaggle_shopping
101413,Sneakers,Adidas,Footwear,47.0,22.822869012696543,36.27325156403263,1,36.27325156403263,Fall,2024,9,True,kaggle_shopping
101514,Dress,Zara,Men's Fashion,67.0,25.244078346688717,50.08646750771856,1,50.08646750771856,Summer,2024,6,True,kaggle_shopping
101615,Dress,H&M,Men's Fashion,22.0,27.295139906051986,15.995069220668562,1,15.995069220668562,Winter,2024,1,True,kaggle_shopping
101716,Jeans,Gap,Men's Fashion,34.0,18.665548254568346,27.653713593446763,1,27.653713593446763,Spring,2024,5,True,kaggle_shopping
101817,Sweater,Uniqlo,Men's Fashion,64.0,15.168193482177163,54.29235617140662,1,54.29235617140662,Spring,2024,5,True,kaggle_shopping
101918,Shorts,Forever 21,Men's Fashion,42.0,24.315285501101663,31.7875800895373,1,31.7875800895373,Spring,2024,5,True,kaggle_shopping
102019,Shirt,H&M,Men's Fashion,82.0,15.424168993259858,69.35218142552692,1,69.35218142552692,Winter,2024,1,True,kaggle_shopping
102120,Belt,Coach,Accessories,81.0,20.90095437697527,64.07022695465004,1,64.07022695465004,Summer,2024,6,True,kaggle_shopping
102221,Coat,Canada Goose,Women's Fashion,24.0,17.81046079395026,19.72548940945194,1,19.72548940945194,Summer,2024,6,True,kaggle_shopping
102322,Sneakers,Nike,Footwear,60.0,22.912623839318982,46.252425696408615,1,46.252425696408615,Fall,2024,9,True,kaggle_shopping
102423,Shirt,Uniqlo,Men's Fashion,24.0,27.53190394167597,17.392343053997767,1,17.392343053997767,Spring,2024,5,True,kaggle_shopping
102524,Socks,Zara,Men's Fashion,78.0,27.449354481016037,56.58950350480749,1,56.58950350480749,Winter,2024,1,True,kaggle_shopping
102625,Jeans,H&M,Men's Fashion,88.0,22.674352865918397,68.04656947799181,1,68.04656947799181,Winter,2024,1,True,kaggle_shopping
102726,Jeans,Zara,Men's Fashion,63.0,21.661887773325613,49.35301070280486,1,49.35301070280486,Spring,2024,5,True,kaggle_shopping
102827,Sneakers,Nike,Footwear,78.0,17.435781201727405,64.40009066265262,1,64.40009066265262,Summer,2024,6,True,kaggle_shopping
102928,Dress,Zara,Men's Fashion,37.0,20.40568558447682,29.449896333743578,1,29.449896333743578,Winter,2024,1,True,kaggle_shopping
103029,Boots,New Balance,Footwear,94.0,15.804997211623263,79.14330262107413,1,79.14330262107413,Fall,2024,9,True,kaggle_shopping
103130,T-shirt,H&M,Men's Fashion,78.0,20.49437312676587,62.01438896112262,1,62.01438896112262,Fall,2024,9,True,kaggle_shopping
103231,Coat,Patagonia,Women's Fashion,36.0,17.011973979175867,29.87568936749669,1,29.87568936749669,Winter,2024,1,True,kaggle_shopping
103332,Skirt,Zara,Men's Fashion,24.0,19.580001401204672,19.30079966371088,1,19.30079966371088,Winter,2024,1,True,kaggle_shopping
103433,Sneakers,New Balance,Footwear,84.0,23.32103114855694,64.41033383521217,1,64.41033383521217,Spring,2024,5,True,kaggle_shopping
103534,Jeans,Gap,Men's Fashion,47.0,18.200523171466816,38.44575410941059,1,38.44575410941059,Spring,2024,5,True,kaggle_shopping
103635,Hoodie,Zara,Men's Fashion,51.0,19.478811568762655,41.065806099931045,1,41.065806099931045,Fall,2024,9,True,kaggle_shopping
103736,Shoes,New Balance,Footwear,84.0,29.645243088937875,59.097995805292186,1,59.097995805292186,Summer,2024,6,True,kaggle_shopping
103837,Shorts,Gap,Men's Fashion,24.0,27.710663684845734,17.349440715637023,1,17.349440715637023,Summer,2024,6,True,kaggle_shopping
103938,Blouse,Uniqlo,Men's Fashion,97.0,27.266117264218423,70.55186625370814,1,70.55186625370814,Fall,2024,9,True,kaggle_shopping
104039,T-shirt,Uniqlo,Men's Fashion,89.0,27.299269087740587,64.70365051191088,1,64.70365051191088,Winter,2024,1,True,kaggle_shopping
104140,Belt,Fossil,Accessories,44.0,22.33673127155507,34.17183824051577,1,34.17183824051577,Spring,2024,5,True,kaggle_shopping
104241,Handbag,Michael Kors,Accessories,35.0,21.486394416876564,27.479761954093203,1,27.479761954093203,Winter,2024,1,True,kaggle_shopping
104342,Dress,Zara,Men's Fashion,91.0,27.154955028104055,66.2889909244253,1,66.2889909244253,Winter,2024,1,True,kaggle_shopping
104443,Hat,Michael Kors,Accessories,63.0,22.593790839883518,48.76591177087338,1,48.76591177087338,Winter,2024,1,True,kaggle_shopping
104544,Belt,Coach,Accessories,97.0,29.868841050306667,68.02722418120253,1,68.02722418120253,Spring,2024,5,True,kaggle_shopping
104645,Boots,Adidas,Footwear,38.0,21.04979451549721,30.00107808411106,1,30.00107808411106,Summer,2024,6,True,kaggle_shopping
104746,Coat,Canada Goose,Women's Fashion,24.0,20.69191218608629,19.03394107533929,1,19.03394107533929,Spring,2024,5,True,kaggle_shopping
104847,Blouse,Uniqlo,Men's Fashion,32.0,17.451872503197585,26.415400798976773,1,26.415400798976773,Winter,2024,1,True,kaggle_shopping
104948,Hat,Michael Kors,Accessories,90.0,27.463671199235165,65.28269592068835,1,65.28269592068835,Summer,2024,6,True,kaggle_shopping
105049,Jeans,Gap,Men's Fashion,36.0,16.406390874030055,30.09369928534918,1,30.09369928534918,Summer,2024,6,True,kaggle_shopping
105150,Backpack,Coach,Accessories,37.0,15.155657201447752,31.392406835464328,1,31.392406835464328,Winter,2024,1,True,kaggle_shopping
105251,Dress,Forever 21,Men's Fashion,51.0,23.32038026875837,39.10660606293323,1,39.10660606293323,Summer,2024,6,True,kaggle_shopping
105352,Hat,Fossil,Accessories,71.0,17.267080968062814,58.7403725126754,1,58.7403725126754,Fall,2024,9,True,kaggle_shopping
105453,Sunglasses,Fossil,Accessories,50.0,22.53608769900891,38.73195615049554,1,38.73195615049554,Spring,2024,5,True,kaggle_shopping
105554,Hat,Fossil,Accessories,74.0,15.93386764013005,62.20893794630376,1,62.20893794630376,Fall,2024,9,True,kaggle_shopping
105655,Dress,Forever 21,Men's Fashion,75.0,27.914949025172557,54.06378823112058,1,54.06378823112058,Summer,2024,6,True,kaggle_shopping
105756,Shirt,Uniqlo,Men's Fashion,99.0,21.122683584287568,78.08854325155531,1,78.08854325155531,Spring,2024,5,True,kaggle_shopping
105857,Scarf,Coach,Accessories,23.0,24.160116069076587,17.443173304112385,1,17.443173304112385,Spring,2024,5,True,kaggle_shopping
105958,Sneakers,New Balance,Footwear,53.0,27.585127502799857,38.37988242351608,1,38.37988242351608,Winter,2024,1,True,kaggle_shopping
106059,Skirt,H&M,Men's Fashion,99.0,15.991356180583239,83.1685573812226,1,83.1685573812226,Spring,2024,5,True,kaggle_shopping
106160,Jewelry,Fossil,Accessories,48.0,27.946700516688427,34.58558375198955,1,34.58558375198955,Spring,2024,5,True,kaggle_shopping
106261,Boots,Converse,Footwear,72.0,18.879772024255708,58.40656414253589,1,58.40656414253589,Fall,2024,9,True,kaggle_shopping
106362,Sunglasses,Michael Kors,Accessories,64.0,21.681905226688702,50.12358065491923,1,50.12358065491923,Spring,2024,5,True,kaggle_shopping
106463,Boots,Nike,Footwear,63.0,21.10844828574426,49.701677579981116,1,49.701677579981116,Spring,2024,5,True,kaggle_shopping
106564,Sandals,Nike,Footwear,51.0,27.189714925088417,37.133245388204905,1,37.133245388204905,Spring,2024,5,True,kaggle_shopping
106665,Boots,Adidas,Footwear,55.0,22.179260644976544,42.801406645262894,1,42.801406645262894,Spring,2024,5,True,kaggle_shopping
106766,Dress,Gap,Men's Fashion,55.0,21.146639817976983,43.36934810011266,1,43.36934810011266,Spring,2024,5,True,kaggle_shopping
106867,Hoodie,H&M,Men's Fashion,26.0,19.03495115558062,21.050912699549038,1,21.050912699549038,Summer,2024,6,True,kaggle_shopping
106968,Shorts,Forever 21,Men's Fashion,67.0,27.428290265560868,48.62304552207422,1,48.62304552207422,Summer,2024,6,True,kaggle_shopping
107069,Coat,Patagonia,Women's Fashion,31.0,16.234327205546226,25.96735856628067,1,25.96735856628067,Fall,2024,9,True,kaggle_shopping
107170,Jeans,Uniqlo,Men's Fashion,66.0,21.16994502151772,52.0278362857983,1,52.0278362857983,Winter,2024,1,True,kaggle_shopping
107271,Sunglasses,Coach,Accessories,67.0,16.054835605152725,56.24326014454767,1,56.24326014454767,Summer,2024,6,True,kaggle_shopping
107372,Sneakers,Converse,Footwear,61.0,25.350647103899014,45.536105266621604,1,45.536105266621604,Winter,2024,1,True,kaggle_shopping
107473,Jacket,Patagonia,Women's Fashion,75.0,25.981968804140536,55.51352339689459,1,55.51352339689459,Fall,2024,9,True,kaggle_shopping
107574,Skirt,H&M,Men's Fashion,90.0,19.98212496890482,72.01608752798566,1,72.01608752798566,Spring,2024,5,True,kaggle_shopping
107675,Sweater,Uniqlo,Men's Fashion,40.0,17.79945287272172,32.88021885091131,1,32.88021885091131,Summer,2024,6,True,kaggle_shopping
107776,T-shirt,Zara,Men's Fashion,90.0,26.77913520523757,65.8987783152862,1,65.8987783152862,Fall,2024,9,True,kaggle_shopping
107877,Belt,Kate Spade,Accessories,20.0,27.282456910626152,14.54350861787477,1,14.54350861787477,Spring,2024,5,True,kaggle_shopping
107978,Gloves,Coach,Accessories,40.0,26.486674414111178,29.405330234355528,1,29.405330234355528,Summer,2024,6,True,kaggle_shopping
108079,Hat,Michael Kors,Accessories,33.0,29.162534690998697,23.376363551970428,1,23.376363551970428,Fall,2024,9,True,kaggle_shopping
108180,Boots,Nike,Footwear,98.0,27.83551904392519,70.72119133695332,1,70.72119133695332,Spring,2024,5,True,kaggle_shopping
108281,Belt,Coach,Accessories,42.0,29.158282332736857,29.75352142025052,1,29.75352142025052,Spring,2024,5,True,kaggle_shopping
108382,Coat,Columbia,Women's Fashion,62.0,19.343054283303196,50.00730634435202,1,50.00730634435202,Summer,2024,6,True,kaggle_shopping
108483,Hat,Kate Spade,Accessories,45.0,22.997180944620773,34.65126857492065,1,34.65126857492065,Winter,2024,1,True,kaggle_shopping
108584,Shoes,New Balance,Footwear,78.0,28.348826774165165,55.88791511615117,1,55.88791511615117,Summer,2024,6,True,kaggle_shopping
108685,Handbag,Michael Kors,Accessories,80.0,28.24265862418946,57.40587310064843,1,57.40587310064843,Fall,2024,9,True,kaggle_shopping
108786,Scarf,Michael Kors,Accessories,96.0,23.247453700937108,73.68244444710038,1,73.68244444710038,Spring,2024,5,True,kaggle_shopping
108887,Handbag,Michael Kors,Accessories,47.0,27.748644423283043,33.95813712105697,1,33.95813712105697,Summer,2024,6,True,kaggle_shopping
108988,Pants,Zara,Men's Fashion,84.0,20.40253834666717,66.86186778879959,1,66.86186778879959,Winter,2024,1,True,kaggle_shopping
109089,Shoes,New Balance,Footwear,31.0,15.094095727731926,26.320830324403104,1,26.320830324403104,Spring,2024,5,True,kaggle_shopping
109190,Sunglasses,Fossil,Accessories,63.0,15.161331673934699,53.44836104542114,1,53.44836104542114,Spring,2024,5,True,kaggle_shopping
109291,Shorts,Zara,Men's Fashion,97.0,20.36435649613041,77.2465741987535,1,77.2465741987535,Spring,2024,5,True,kaggle_shopping
109392,Jacket,Canada Goose,Women's Fashion,99.0,22.303921404663054,76.91911780938358,1,76.91911780938358,Winter,2024,1,True,kaggle_shopping
109493,Sandals,Converse,Footwear,90.0,21.826508716242344,70.35614215538189,1,70.35614215538189,Winter,2024,1,True,kaggle_shopping
109594,Shoes,New Balance,Footwear,68.0,17.391782301538328,56.17358803495394,1,56.17358803495394,Fall,2024,9,True,kaggle_shopping
109695,Jewelry,Michael Kors,Accessories,80.0,28.96939953818898,56.82448036944882,1,56.82448036944882,Spring,2024,5,True,kaggle_shopping
109796,Sandals,Adidas,Footwear,91.0,23.615169335555507,69.51019590464449,1,69.51019590464449,Summer,2024,6,True,kaggle_shopping
109897,Pants,Forever 21,Men's Fashion,30.0,23.65688421417655,22.902934735747035,1,22.902934735747035,Spring,2024,5,True,kaggle_shopping
109998,Shoes,Puma,Footwear,90.0,29.47145959955647,63.47568636039917,1,63.47568636039917,Spring,2024,5,True,kaggle_shopping
110099,Socks,Zara,Men's Fashion,28.0,22.126860791066576,21.804478978501358,1,21.804478978501358,Spring,2024,5,True,kaggle_shopping
110100,Socks,Forever 21,Men's Fashion,46.0,26.32203922988711,33.89186195425192,1,33.89186195425192,Winter,2024,1,True,kaggle_shopping
110201,Dress,H&M,Men's Fashion,60.0,18.444671814156504,48.9331969115061,1,48.9331969115061,Fall,2024,9,True,kaggle_shopping
110302,Shoes,New Balance,Footwear,59.0,23.04627845272448,45.40269571289256,1,45.40269571289256,Spring,2024,5,True,kaggle_shopping
110403,Hat,Michael Kors,Accessories,68.0,24.973312540300007,51.01814747259599,1,51.01814747259599,Fall,2024,9,True,kaggle_shopping
110504,Backpack,Coach,Accessories,79.0,21.383658678008985,62.1069096443729,1,62.1069096443729,Summer,2024,6,True,kaggle_shopping
110605,Backpack,Fossil,Accessories,94.0,15.324698196516696,79.5947836952743,1,79.5947836952743,Winter,2024,1,True,kaggle_shopping
110706,Pants,Zara,Men's Fashion,83.0,29.91551441393907,58.170123036430574,1,58.170123036430574,Summer,2024,6,True,kaggle_shopping
110807,Gloves,Coach,Accessories,62.0,24.902114480935197,46.560689021820174,1,46.560689021820174,Spring,2024,5,True,kaggle_shopping
110908,Scarf,Kate Spade,Accessories,85.0,25.88181218094776,63.0004596461944,1,63.0004596461944,Spring,2024,5,True,kaggle_shopping
111009,Hoodie,Gap,Men's Fashion,30.0,27.411029501090198,21.77669114967294,1,21.77669114967294,Summer,2024,6,True,kaggle_shopping
111110,Jeans,Gap,Men's Fashion,24.0,22.822314719911894,18.522644467221145,1,18.522644467221145,Spring,2024,5,True,kaggle_shopping
111211,Backpack,Coach,Accessories,25.0,26.918139586432726,18.27046510339182,1,18.27046510339182,Spring,2024,5,True,kaggle_shopping
111312,Sandals,Adidas,Footwear,37.0,20.544937163944166,29.398373249340658,1,29.398373249340658,Summer,2024,6,True,kaggle_shopping
111413,Belt,Michael Kors,Accessories,69.0,18.475838895974682,56.251671161777466,1,56.251671161777466,Summer,2024,6,True,kaggle_shopping
111514,Shoes,Converse,Footwear,97.0,23.752959282934615,73.95962949555343,1,73.95962949555343,Summer,2024,6,True,kaggle_shopping
111615,Gloves,Fossil,Accessories,24.0,26.466471836747637,17.648046759180566,1,17.648046759180566,Summer,2024,6,True,kaggle_shopping
111716,Belt,Coach,Accessories,30.0,22.428765834783196,23.27137024956504,1,23.27137024956504,Summer,2024,6,True,kaggle_shopping
111817,Jacket,Canada Goose,Women's Fashion,53.0,20.90330347121305,41.921249160257084,1,41.921249160257084,Fall,2024,9,True,kaggle_shopping
111918,Dress,H&M,Men's Fashion,70.0,27.814015339962015,50.53018926202659,1,50.53018926202659,Spring,2024,5,True,kaggle_shopping
112019,Shirt,Gap,Men's Fashion,76.0,15.063800802500722,64.55151139009945,1,64.55151139009945,Winter,2024,1,True,kaggle_shopping
112120,Scarf,Coach,Accessories,95.0,24.240955282191777,71.97109248191781,1,71.97109248191781,Fall,2024,9,True,kaggle_shopping
112221,Coat,North Face,Women's Fashion,51.0,21.50169071072319,40.034137737531175,1,40.034137737531175,Winter,2024,1,True,kaggle_shopping
112322,Handbag,Michael Kors,Accessories,41.0,26.23155809703438,30.245061180215906,1,30.245061180215906,Winter,2024,1,True,kaggle_shopping
112423,Sunglasses,Kate Spade,Accessories,71.0,22.88564775574696,54.75119009341966,1,54.75119009341966,Winter,2024,1,True,kaggle_shopping
112524,T-shirt,Uniqlo,Men's Fashion,66.0,17.793389695762706,54.256362800796616,1,54.256362800796616,Summer,2024,6,True,kaggle_shopping
112625,Shirt,Forever 21,Men's Fashion,84.0,26.67663977457757,61.59162258935484,1,61.59162258935484,Winter,2024,1,True,kaggle_shopping
112726,Handbag,Coach,Accessories,95.0,20.203922575540645,75.8062735532364,1,75.8062735532364,Winter,2024,1,True,kaggle_shopping
112827,Jewelry,Coach,Accessories,90.0,29.556803611860744,63.398876749325325,1,63.398876749325325,Summer,2024,6,True,kaggle_shopping
112928,Hoodie,H&M,Men's Fashion,36.0,19.89569397062708,28.83755017057425,1,28.83755017057425,Summer,2024,6,True,kaggle_shopping
113029,Gloves,Kate Spade,Accessories,22.0,22.818382353570748,16.979955882214437,1,16.979955882214437,Spring,2024,5,True,kaggle_shopping
113130,Coat,Columbia,Women's Fashion,89.0,17.224508967224793,73.67018701916993,1,73.67018701916993,Winter,2024,1,True,kaggle_shopping
113231,Sandals,Converse,Footwear,50.0,25.620875679056887,37.18956216047155,1,37.18956216047155,Spring,2024,5,True,kaggle_shopping
113332,Boots,Puma,Footwear,36.0,15.102605771618432,30.56306192221736,1,30.56306192221736,Fall,2024,9,True,kaggle_shopping
113433,Pants,Forever 21,Men's Fashion,52.0,18.42174113680895,42.42069460885935,1,42.42069460885935,Spring,2024,5,True,kaggle_shopping
113534,Socks,H&M,Men's Fashion,29.0,18.623141432574116,23.599288984553507,1,23.599288984553507,Fall,2024,9,True,kaggle_shopping
113635,Blouse,Uniqlo,Men's Fashion,89.0,18.676203299590682,72.3781790633643,1,72.3781790633643,Fall,2024,9,True,kaggle_shopping
113736,Handbag,Kate Spade,Accessories,47.0,17.260888678686392,38.8873823210174,1,38.8873823210174,Fall,2024,9,True,kaggle_shopping
113837,Jewelry,Coach,Accessories,25.0,26.55733001592374,18.360667496019065,1,18.360667496019065,Spring,2024,5,True,kaggle_shopping
113938,Pants,Forever 21,Men's Fashion,74.0,22.158319608393704,57.602843489788654,1,57.602843489788654,Fall,2024,9,True,kaggle_shopping
114039,Belt,Fossil,Accessories,46.0,24.199816029740486,34.86808462631938,1,34.86808462631938,Fall,2024,9,True,kaggle_shopping
114140,Jeans,H&M,Men's Fashion,22.0,16.83119098092508,18.297137984196482,1,18.297137984196482,Fall,2024,9,True,kaggle_shopping
114241,Shirt,Forever 21,Men's Fashion,25.0,17.124260107038594,20.71893497324035,1,20.71893497324035,Summer,2024,6,True,kaggle_shopping
114342,Belt,Coach,Accessories,80.0,21.481808151751103,62.814553478599116,1,62.814553478599116,Spring,2024,5,True,kaggle_shopping
114443,Jeans,H&M,Men's Fashion,76.0,21.567125457031896,59.60898465265576,1,59.60898465265576,Spring,2024,5,True,kaggle_shopping
114544,Jeans,Zara,Men's Fashion,30.0,18.715454473108686,24.385363658067394,1,24.385363658067394,Summer,2024,6,True,kaggle_shopping
114645,Sweater,Zara,Men's Fashion,79.0,22.336631956708896,61.35406075419997,1,61.35406075419997,Fall,2024,9,True,kaggle_shopping
114746,Sneakers,Adidas,Footwear,22.0,23.788797362040434,16.766464580351105,1,16.766464580351105,Winter,2024,1,True,kaggle_shopping
114847,Socks,Gap,Men's Fashion,36.0,15.121049535437479,30.556422167242506,1,30.556422167242506,Fall,2024,9,True,kaggle_shopping
114948,Socks,Forever 21,Men's Fashion,77.0,16.2590213585553,64.48055355391242,1,64.48055355391242,Fall,2024,9,True,kaggle_shopping
115049,Sunglasses,Fossil,Accessories,33.0,29.628451709235314,23.222610935952346,1,23.222610935952346,Fall,2024,9,True,kaggle_shopping
115150,Sneakers,Adidas,Footwear,64.0,21.779129694516925,50.06135699550917,1,50.06135699550917,Winter,2024,1,True,kaggle_shopping
115251,Socks,Zara,Men's Fashion,53.0,15.219604318630202,44.933609711125996,1,44.933609711125996,Fall,2024,9,True,kaggle_shopping
115352,Shoes,Converse,Footwear,36.0,28.549453807119725,25.722196629436898,1,25.722196629436898,Fall,2024,9,True,kaggle_shopping
115453,Blouse,Uniqlo,Men's Fashion,70.0,23.336131647194645,53.66470784696375,1,53.66470784696375,Spring,2024,5,True,kaggle_shopping
115554,Shorts,Forever 21,Men's Fashion,96.0,17.81207769088258,78.90040541675273,1,78.90040541675273,Winter,2024,1,True,kaggle_shopping
115655,Jacket,Canada Goose,Women's Fashion,27.0,26.173383522872086,19.933186448824536,1,19.933186448824536,Spring,2024,5,True,kaggle_shopping
115756,Sweater,H&M,Men's Fashion,64.0,20.92446391252186,50.60834309598601,1,50.60834309598601,Winter,2024,1,True,kaggle_shopping
115857,Jacket,North Face,Women's Fashion,23.0,26.119301995662923,16.992560540997527,1,16.992560540997527,Spring,2024,5,True,kaggle_shopping
115958,Scarf,Coach,Accessories,33.0,24.1634300640657,25.02606807885832,1,25.02606807885832,Summer,2024,6,True,kaggle_shopping
116059,Jacket,Columbia,Women's Fashion,34.0,23.52131994106585,26.00275122003761,1,26.00275122003761,Winter,2024,1,True,kaggle_shopping
116160,Sweater,Gap,Men's Fashion,35.0,22.650430004842818,27.072349498305016,1,27.072349498305016,Summer,2024,6,True,kaggle_shopping
116261,Coat,North Face,Women's Fashion,62.0,28.369183589690522,44.41110617439188,1,44.41110617439188,Summer,2024,6,True,kaggle_shopping
116362,Boots,Puma,Footwear,75.0,29.849144598272183,52.61314155129586,1,52.61314155129586,Fall,2024,9,True,kaggle_shopping
116463,Hoodie,Uniqlo,Men's Fashion,29.0,28.285136161977103,20.79731051302664,1,20.79731051302664,Summer,2024,6,True,kaggle_shopping
116564,Hat,Michael Kors,Accessories,28.0,21.647592672450358,21.9386740517139,1,21.9386740517139,Spring,2024,5,True,kaggle_shopping
116665,T-shirt,Forever 21,Men's Fashion,20.0,29.27074462367336,14.145851075265327,1,14.145851075265327,Spring,2024,5,True,kaggle_shopping
116766,Coat,Columbia,Women's Fashion,96.0,21.529320992887364,75.33185184682813,1,75.33185184682813,Winter,2024,1,True,kaggle_shopping
116867,Dress,H&M,Men's Fashion,43.0,22.954866912281748,33.12940722771885,1,33.12940722771885,Summer,2024,6,True,kaggle_shopping
116968,Shirt,Uniqlo,Men's Fashion,94.0,15.797005764593742,79.15081458128188,1,79.15081458128188,Fall,2024,9,True,kaggle_shopping
117069,Skirt,Gap,Men's Fashion,81.0,29.009501810442572,57.502303533541514,1,57.502303533541514,Fall,2024,9,True,kaggle_shopping
117170,Jewelry,Coach,Accessories,75.0,23.422755151117244,57.432933636662064,1,57.432933636662064,Summer,2024,6,True,kaggle_shopping
117271,Hat,Michael Kors,Accessories,81.0,17.218035669519267,67.0533911076894,1,67.0533911076894,Summer,2024,6,True,kaggle_shopping
117372,Shorts,Gap,Men's Fashion,92.0,24.10432598259168,69.82402009601566,1,69.82402009601566,Fall,2024,9,True,kaggle_shopping
117473,Scarf,Kate Spade,Accessories,96.0,18.208006450365094,78.52031380764952,1,78.52031380764952,Spring,2024,5,True,kaggle_shopping
117574,Jewelry,Coach,Accessories,71.0,28.594683391084665,50.69777479232989,1,50.69777479232989,Fall,2024,9,True,kaggle_shopping
117675,Sunglasses,Kate Spade,Accessories,50.0,26.876416796873954,36.56179160156302,1,36.56179160156302,Summer,2024,6,True,kaggle_shopping
117776,Coat,North Face,Women's Fashion,72.0,28.394580414654826,51.555902101448524,1,51.555902101448524,Spring,2024,5,True,kaggle_shopping
117877,Jacket,Canada Goose,Women's Fashion,28.0,18.286740050977322,22.879712785726348,1,22.879712785726348,Winter,2024,1,True,kaggle_shopping
117978,Sweater,Gap,Men's Fashion,59.0,17.074688642682304,48.925933700817446,1,48.925933700817446,Fall,2024,9,True,kaggle_shopping
118079,Coat,Patagonia,Women's Fashion,33.0,25.54927580222516,24.568738985265693,1,24.568738985265693,Summer,2024,6,True,kaggle_shopping
118180,Scarf,Michael Kors,Accessories,59.0,23.62527119701311,45.061089993762266,1,45.061089993762266,Fall,2024,9,True,kaggle_shopping
118281,Belt,Coach,Accessories,30.0,19.904213032541353,24.028736090237594,1,24.028736090237594,Spring,2024,5,True,kaggle_shopping
118382,Hat,Michael Kors,Accessories,85.0,16.018209777209275,71.38452168937212,1,71.38452168937212,Winter,2024,1,True,kaggle_shopping
118483,Backpack,Kate Spade,Accessories,97.0,29.95411942595641,67.94450415682229,1,67.94450415682229,Summer,2024,6,True,kaggle_shopping
118584,T-shirt,Uniqlo,Men's Fashion,36.0,18.050291170889516,29.50189517847977,1,29.50189517847977,Fall,2024,9,True,kaggle_shopping
118685,Jewelry,Coach,Accessories,85.0,26.122397070920446,62.795962489717624,1,62.795962489717624,Winter,2024,1,True,kaggle_shopping
118786,Sunglasses,Michael Kors,Accessories,62.0,20.253596862243153,49.442769945409246,1,49.442769945409246,Winter,2024,1,True,kaggle_shopping
118887,Jeans,Uniqlo,Men's Fashion,71.0,23.06630778429542,54.62292147315025,1,54.62292147315025,Winter,2024,1,True,kaggle_shopping
118988,Pants,Zara,Men's Fashion,21.0,29.273539963638672,14.85255660763588,1,14.85255660763588,Winter,2024,1,True,kaggle_shopping
119089,Backpack,Fossil,Accessories,61.0,18.441399960482286,49.75074602410581,1,49.75074602410581,Spring,2024,5,True,kaggle_shopping
119190,Scarf,Michael Kors,Accessories,58.0,17.410177835864726,47.90209685519846,1,47.90209685519846,Spring,2024,5,True,kaggle_shopping
119291,Sweater,Zara,Men's Fashion,80.0,15.277179151685182,67.77825667865186,1,67.77825667865186,Spring,2024,5,True,kaggle_shopping
119392,Jewelry,Michael Kors,Accessories,50.0,17.93604397796753,41.031978011016236,1,41.031978011016236,Spring,2024,5,True,kaggle_shopping
119493,Sneakers,New Balance,Footwear,48.0,26.77074606549086,35.15004188856439,1,35.15004188856439,Winter,2024,1,True,kaggle_shopping
119594,Jewelry,Coach,Accessories,40.0,15.233997670083285,33.90640093196669,1,33.90640093196669,Winter,2024,1,True,kaggle_shopping
119695,Coat,Columbia,Women's Fashion,34.0,28.010897438956682,24.476294870754728,1,24.476294870754728,Summer,2024,6,True,kaggle_shopping
119796,Coat,North Face,Women's Fashion,46.0,16.229072713188746,38.53462655193318,1,38.53462655193318,Fall,2024,9,True,kaggle_shopping
119897,Sunglasses,Kate Spade,Accessories,27.0,24.055625981278148,20.5049809850549,1,20.5049809850549,Summer,2024,6,True,kaggle_shopping
119998,Handbag,Fossil,Accessories,98.0,23.584933403263083,74.88676526480218,1,74.88676526480218,Spring,2024,5,True,kaggle_shopping
120099,Sweater,Zara,Men's Fashion,73.0,19.873412409836106,58.49240894081964,1,58.49240894081964,Fall,2024,9,True,kaggle_shopping
120100,Pants,Forever 21,Men's Fashion,28.0,15.976635707825812,23.52654200180877,1,23.52654200180877,Spring,2024,5,True,kaggle_shopping
120201,Gloves,Kate Spade,Accessories,76.0,23.705413345416908,57.98388585748315,1,57.98388585748315,Fall,2024,9,True,kaggle_shopping
120302,Sweater,Gap,Men's Fashion,83.0,29.02942286622899,58.905579021029936,1,58.905579021029936,Fall,2024,9,True,kaggle_shopping
120403,Hoodie,Gap,Men's Fashion,23.0,29.063696627367747,16.31534977570542,1,16.31534977570542,Spring,2024,5,True,kaggle_shopping
120504,Hat,Coach,Accessories,28.0,26.541606094708133,20.568350293481725,1,20.568350293481725,Fall,2024,9,True,kaggle_shopping
120605,T-shirt,H&M,Men's Fashion,83.0,28.064926325705116,59.70611114966475,1,59.70611114966475,Spring,2024,5,True,kaggle_shopping
120706,Skirt,H&M,Men's Fashion,96.0,19.393510180476135,77.3822302267429,1,77.3822302267429,Winter,2024,1,True,kaggle_shopping
120807,Sneakers,Puma,Footwear,62.0,20.011722862768565,49.59273182508349,1,49.59273182508349,Fall,2024,9,True,kaggle_shopping
120908,Shorts,Gap,Men's Fashion,25.0,16.36210745800107,20.90947313549973,1,20.90947313549973,Fall,2024,9,True,kaggle_shopping
121009,Hoodie,Zara,Men's Fashion,97.0,28.047784806972416,69.79364873723677,1,69.79364873723677,Winter,2024,1,True,kaggle_shopping
121110,Hoodie,Forever 21,Men's Fashion,61.0,18.21595554119468,49.888267119871244,1,49.888267119871244,Fall,2024,9,True,kaggle_shopping
121211,Shoes,Converse,Footwear,66.0,29.33334573280596,46.639991816348065,1,46.639991816348065,Summer,2024,6,True,kaggle_shopping
121312,Hoodie,H&M,Men's Fashion,67.0,22.86770924631177,51.67863480497112,1,51.67863480497112,Spring,2024,5,True,kaggle_shopping
121413,Sunglasses,Michael Kors,Accessories,80.0,28.22380728957779,57.42095416833777,1,57.42095416833777,Summer,2024,6,True,kaggle_shopping
121514,Skirt,Gap,Men's Fashion,25.0,18.531561450633344,20.367109637341663,1,20.367109637341663,Fall,2024,9,True,kaggle_shopping
121615,Hat,Kate Spade,Accessories,58.0,20.822035606416556,45.923219348278394,1,45.923219348278394,Fall,2024,9,True,kaggle_shopping
121716,Backpack,Fossil,Accessories,96.0,24.87872656480932,72.11642249778305,1,72.11642249778305,Winter,2024,1,True,kaggle_shopping
121817,Sunglasses,Fossil,Accessories,77.0,26.520860130299557,56.578937699669346,1,56.578937699669346,Spring,2024,5,True,kaggle_shopping
121918,Belt,Fossil,Accessories,65.0,20.038703457632227,51.974842752539054,1,51.974842752539054,Summer,2024,6,True,kaggle_shopping
122019,Jewelry,Kate Spade,Accessories,36.0,15.813759853054824,30.307046452900266,1,30.307046452900266,Spring,2024,5,True,kaggle_shopping
122120,Sneakers,New Balance,Footwear,84.0,19.331486215164777,67.76155157926159,1,67.76155157926159,Winter,2024,1,True,kaggle_shopping
122221,T-shirt,Uniqlo,Men's Fashion,58.0,29.66570228211323,40.79389267637433,1,40.79389267637433,Fall,2024,9,True,kaggle_shopping
122322,Handbag,Kate Spade,Accessories,62.0,24.981172459521005,46.51167307509698,1,46.51167307509698,Spring,2024,5,True,kaggle_shopping
122423,Hat,Fossil,Accessories,67.0,18.097906696836272,54.8744025131197,1,54.8744025131197,Fall,2024,9,True,kaggle_shopping
122524,Sweater,Uniqlo,Men's Fashion,20.0,19.44492798556576,16.11101440288685,1,16.11101440288685,Spring,2024,5,True,kaggle_shopping
122625,Sandals,Puma,Footwear,90.0,25.749998521625407,66.82500133053713,1,66.82500133053713,Summer,2024,6,True,kaggle_shopping
122726,Scarf,Coach,Accessories,58.0,15.27077056213508,49.14295307396165,1,49.14295307396165,Winter,2024,1,True,kaggle_shopping
122827,Shirt,H&M,Men's Fashion,53.0,25.154951893234184,39.667875496585886,1,39.667875496585886,Spring,2024,5,True,kaggle_shopping
122928,Gloves,Michael Kors,Accessories,30.0,28.590966427179254,21.422710071846225,1,21.422710071846225,Winter,2024,1,True,kaggle_shopping
123029,Hoodie,Uniqlo,Men's Fashion,65.0,27.555594054589726,47.088863864516675,1,47.088863864516675,Winter,2024,1,True,kaggle_shopping
123130,Jewelry,Coach,Accessories,41.0,16.787944141670856,34.11694290191495,1,34.11694290191495,Summer,2024,6,True,kaggle_shopping
123231,Shirt,Gap,Men's Fashion,73.0,17.58011870484244,60.16651334546502,1,60.16651334546502,Spring,2024,5,True,kaggle_shopping
123332,Hoodie,H&M,Men's Fashion,98.0,20.374279422251337,78.0332061661937,1,78.0332061661937,Spring,2024,5,True,kaggle_shopping
123433,Shoes,Nike,Footwear,36.0,20.151806265586778,28.745349744388758,1,28.745349744388758,Winter,2024,1,True,kaggle_shopping
123534,T-shirt,Uniqlo,Men's Fashion,81.0,28.707587922066356,57.74685378312625,1,57.74685378312625,Summer,2024,6,True,kaggle_shopping
123635,Skirt,Gap,Men's Fashion,90.0,28.784785287262075,64.09369324146414,1,64.09369324146414,Winter,2024,1,True,kaggle_shopping
123736,Handbag,Michael Kors,Accessories,83.0,18.658414279181404,67.51351614827944,1,67.51351614827944,Summer,2024,6,True,kaggle_shopping
123837,Shirt,Forever 21,Men's Fashion,91.0,26.836541394437774,66.57874733106162,1,66.57874733106162,Winter,2024,1,True,kaggle_shopping
123938,Pants,Forever 21,Men's Fashion,36.0,24.61471393243724,27.138702984322595,1,27.138702984322595,Summer,2024,6,True,kaggle_shopping
124039,Coat,Columbia,Women's Fashion,53.0,16.75353560092158,44.120626131511564,1,44.120626131511564,Spring,2024,5,True,kaggle_shopping
124140,Jeans,Gap,Men's Fashion,39.0,19.169092106680843,31.52405407839447,1,31.52405407839447,Winter,2024,1,True,kaggle_shopping
124241,Gloves,Coach,Accessories,33.0,28.158433830078227,23.707716836074184,1,23.707716836074184,Winter,2024,1,True,kaggle_shopping
124342,T-shirt,Zara,Men's Fashion,76.0,29.686074984987453,53.438583011409534,1,53.438583011409534,Spring,2024,5,True,kaggle_shopping
124443,Boots,Nike,Footwear,23.0,24.158426403176026,17.443561927269513,1,17.443561927269513,Winter,2024,1,True,kaggle_shopping
124544,Jeans,Forever 21,Men's Fashion,54.0,19.298832949188395,43.578630207438266,1,43.578630207438266,Fall,2024,9,True,kaggle_shopping
124645,Sneakers,Adidas,Footwear,89.0,15.307712880623813,75.3761355362448,1,75.3761355362448,Summer,2024,6,True,kaggle_shopping
124746,Sneakers,Adidas,Footwear,38.0,27.39755372089172,27.588929586061145,1,27.588929586061145,Summer,2024,6,True,kaggle_shopping
124847,Hat,Michael Kors,Accessories,36.0,16.66742475982463,29.999727086463132,1,29.999727086463132,Winter,2024,1,True,kaggle_shopping
124948,Pants,Uniqlo,Men's Fashion,66.0,22.771838331847317,50.970586700980775,1,50.970586700980775,Spring,2024,5,True,kaggle_shopping
125049,Jewelry,Coach,Accessories,42.0,29.682380477788648,29.533400199328767,1,29.533400199328767,Spring,2024,5,True,kaggle_shopping
125150,Jewelry,Fossil,Accessories,36.0,29.54750322415103,25.36289883930563,1,25.36289883930563,Winter,2024,1,True,kaggle_shopping
125251,Blouse,Gap,Men's Fashion,86.0,24.17548213545404,65.20908536350953,1,65.20908536350953,Spring,2024,5,True,kaggle_shopping
125352,Handbag,Coach,Accessories,49.0,27.882818572657044,35.33741889939805,1,35.33741889939805,Fall,2024,9,True,kaggle_shopping
125453,Shirt,Gap,Men's Fashion,41.0,19.749306038127116,32.90278452436788,1,32.90278452436788,Summer,2024,6,True,kaggle_shopping
125554,Dress,Uniqlo,Men's Fashion,82.0,23.41632839690078,62.79861071454136,1,62.79861071454136,Spring,2024,5,True,kaggle_shopping
125655,T-shirt,Zara,Men's Fashion,53.0,27.14100176490539,38.61526906460014,1,38.61526906460014,Fall,2024,9,True,kaggle_shopping
125756,Shoes,Converse,Footwear,21.0,19.391841995450818,16.927713180955326,1,16.927713180955326,Summer,2024,6,True,kaggle_shopping
125857,Belt,Fossil,Accessories,66.0,21.982721472619957,51.49140382807083,1,51.49140382807083,Fall,2024,9,True,kaggle_shopping
125958,Belt,Michael Kors,Accessories,89.0,20.785490199108114,70.50091372279378,1,70.50091372279378,Summer,2024,6,True,kaggle_shopping
126059,Handbag,Fossil,Accessories,55.0,17.163171538316554,45.56025565392589,1,45.56025565392589,Fall,2024,9,True,kaggle_shopping
126160,Scarf,Michael Kors,Accessories,42.0,17.98527551333681,34.44618428439854,1,34.44618428439854,Summer,2024,6,True,kaggle_shopping
126261,Shorts,Uniqlo,Men's Fashion,52.0,25.282082425014583,38.853317138992416,1,38.853317138992416,Fall,2024,9,True,kaggle_shopping
126362,Sandals,New Balance,Footwear,92.0,21.445920357896384,72.26975327073532,1,72.26975327073532,Winter,2024,1,True,kaggle_shopping
126463,Pants,Forever 21,Men's Fashion,56.0,29.090600907586925,39.70926349175132,1,39.70926349175132,Summer,2024,6,True,kaggle_shopping
126564,Dress,Gap,Men's Fashion,96.0,20.92078350408253,75.91604783608076,1,75.91604783608076,Winter,2024,1,True,kaggle_shopping
126665,T-shirt,Gap,Men's Fashion,64.0,20.758789121694132,50.714374962115755,1,50.714374962115755,Winter,2024,1,True,kaggle_shopping
126766,Dress,H&M,Men's Fashion,48.0,19.398893456223515,38.68853114101271,1,38.68853114101271,Winter,2024,1,True,kaggle_shopping
126867,Socks,Uniqlo,Men's Fashion,83.0,23.600149713809003,63.41187573753852,1,63.41187573753852,Summer,2024,6,True,kaggle_shopping
126968,Scarf,Fossil,Accessories,91.0,23.65786404907216,69.47134371534433,1,69.47134371534433,Summer,2024,6,True,kaggle_shopping
127069,Backpack,Fossil,Accessories,94.0,24.04724328489356,71.39559131220005,1,71.39559131220005,Fall,2024,9,True,kaggle_shopping
127170,Skirt,Forever 21,Men's Fashion,62.0,25.056240938643807,46.465130618040845,1,46.465130618040845,Spring,2024,5,True,kaggle_shopping
127271,Socks,Uniqlo,Men's Fashion,55.0,16.09080224892132,46.15005876309327,1,46.15005876309327,Spring,2024,5,True,kaggle_shopping
127372,Coat,Columbia,Women's Fashion,68.0,23.32151260746471,52.141371426923996,1,52.141371426923996,Spring,2024,5,True,kaggle_shopping
127473,Jewelry,Coach,Accessories,76.0,26.682710450419684,55.72114005768105,1,55.72114005768105,Winter,2024,1,True,kaggle_shopping
127574,Backpack,Kate Spade,Accessories,31.0,16.50881136782839,25.8822684759732,1,25.8822684759732,Winter,2024,1,True,kaggle_shopping
127675,Belt,Michael Kors,Accessories,81.0,23.38525192992808,62.05794593675825,1,62.05794593675825,Spring,2024,5,True,kaggle_shopping
127776,Dress,Gap,Men's Fashion,83.0,22.32253948881038,64.47229222428739,1,64.47229222428739,Winter,2024,1,True,kaggle_shopping
127877,Skirt,Forever 21,Men's Fashion,21.0,24.671197594439104,15.819048505167789,1,15.819048505167789,Spring,2024,5,True,kaggle_shopping
127978,Dress,Forever 21,Men's Fashion,22.0,26.310539921310564,16.21168121731168,1,16.21168121731168,Spring,2024,5,True,kaggle_shopping
128079,T-shirt,Uniqlo,Men's Fashion,33.0,28.60529467214241,23.560252758193005,1,23.560252758193005,Summer,2024,6,True,kaggle_shopping
128180,Skirt,Uniqlo,Men's Fashion,23.0,27.83320317750264,16.598363269174392,1,16.598363269174392,Spring,2024,5,True,kaggle_shopping
128281,Shorts,Uniqlo,Men's Fashion,96.0,15.89239030040767,80.74330531160864,1,80.74330531160864,Summer,2024,6,True,kaggle_shopping
128382,Jewelry,Fossil,Accessories,21.0,27.982974452362203,15.123575365003939,1,15.123575365003939,Spring,2024,5,True,kaggle_shopping
128483,Pants,Zara,Men's Fashion,39.0,17.28611111597767,32.25841666476871,1,32.25841666476871,Spring,2024,5,True,kaggle_shopping
128584,Belt,Kate Spade,Accessories,73.0,25.218308987544802,54.5906344390923,1,54.5906344390923,Fall,2024,9,True,kaggle_shopping
128685,Jeans,Zara,Men's Fashion,64.0,15.408191216363988,54.13875762152705,1,54.13875762152705,Spring,2024,5,True,kaggle_shopping
128786,Jeans,Uniqlo,Men's Fashion,68.0,16.059722213794696,57.079388894619605,1,57.079388894619605,Summer,2024,6,True,kaggle_shopping
128887,Hat,Fossil,Accessories,89.0,22.90506268781204,68.61449420784729,1,68.61449420784729,Fall,2024,9,True,kaggle_shopping
128988,Blouse,Forever 21,Men's Fashion,29.0,23.45534906603848,22.197948770848843,1,22.197948770848843,Summer,2024,6,True,kaggle_shopping
129089,Shirt,Uniqlo,Men's Fashion,97.0,17.929270670034274,79.60860745006676,1,79.60860745006676,Summer,2024,6,True,kaggle_shopping
129190,Shirt,Gap,Men's Fashion,45.0,19.137686362137067,36.38804113703832,1,36.38804113703832,Winter,2024,1,True,kaggle_shopping
129291,T-shirt,Gap,Men's Fashion,70.0,26.383818923608622,51.53132675347397,1,51.53132675347397,Winter,2024,1,True,kaggle_shopping
129392,Coat,Canada Goose,Women's Fashion,56.0,17.213021965424144,46.36070769936248,1,46.36070769936248,Summer,2024,6,True,kaggle_shopping
129493,Jacket,North Face,Women's Fashion,55.0,15.98054343738864,46.21070110943625,1,46.21070110943625,Fall,2024,9,True,kaggle_shopping
129594,Hoodie,H&M,Men's Fashion,46.0,17.01512607383752,38.173042006034734,1,38.173042006034734,Winter,2024,1,True,kaggle_shopping
129695,Scarf,Coach,Accessories,95.0,19.947505651563006,76.04986963101514,1,76.04986963101514,Winter,2024,1,True,kaggle_shopping
129796,Belt,Kate Spade,Accessories,88.0,29.75937670831145,61.811748496685915,1,61.811748496685915,Winter,2024,1,True,kaggle_shopping
129897,Sneakers,Puma,Footwear,92.0,18.830888847153954,74.67558226061836,1,74.67558226061836,Fall,2024,9,True,kaggle_shopping
129998,Socks,H&M,Men's Fashion,49.0,22.198321734347353,38.1228223501698,1,38.1228223501698,Summer,2024,6,True,kaggle_shopping
130099,Sandals,Adidas,Footwear,89.0,17.773687280977537,73.18141831992999,1,73.18141831992999,Fall,2024,9,True,kaggle_shopping
130100,Coat,Canada Goose,Women's Fashion,22.0,29.798944419747667,15.444232227655514,1,15.444232227655514,Winter,2024,1,True,kaggle_shopping
130201,Shoes,Converse,Footwear,61.0,26.711538705081377,44.70596138990036,1,44.70596138990036,Summer,2024,6,True,kaggle_shopping
130302,Scarf,Michael Kors,Accessories,29.0,23.243103469479948,22.259499993850813,1,22.259499993850813,Spring,2024,5,True,kaggle_shopping
130403,Sneakers,Converse,Footwear,82.0,23.070208120726242,63.08242934100448,1,63.08242934100448,Winter,2024,1,True,kaggle_shopping
130504,Belt,Fossil,Accessories,94.0,17.52430212455763,77.52715600291583,1,77.52715600291583,Spring,2024,5,True,kaggle_shopping
130605,Handbag,Fossil,Accessories,99.0,28.794342429445724,70.49360099484873,1,70.49360099484873,Spring,2024,5,True,kaggle_shopping
130706,Handbag,Fossil,Accessories,59.0,29.48128236419054,41.60604340512758,1,41.60604340512758,Fall,2024,9,True,kaggle_shopping
130807,Boots,Puma,Footwear,90.0,26.572484938594748,66.08476355526473,1,66.08476355526473,Summer,2024,6,True,kaggle_shopping
130908,Boots,New Balance,Footwear,100.0,16.452304114507125,83.54769588549289,1,83.54769588549289,Winter,2024,1,True,kaggle_shopping
131009,Pants,Gap,Men's Fashion,62.0,18.302988918500038,50.652146870529975,1,50.652146870529975,Winter,2024,1,True,kaggle_shopping
131110,Sunglasses,Michael Kors,Accessories,78.0,23.94435829782079,59.32340052769978,1,59.32340052769978,Fall,2024,9,True,kaggle_shopping
131211,Hoodie,Gap,Men's Fashion,94.0,25.191784005822278,70.31972303452707,1,70.31972303452707,Spring,2024,5,True,kaggle_shopping
131312,Shoes,Converse,Footwear,74.0,21.338866159030417,58.209239042317485,1,58.209239042317485,Summer,2024,6,True,kaggle_shopping
131413,Handbag,Michael Kors,Accessories,52.0,15.859866264608845,43.7528695424034,1,43.7528695424034,Spring,2024,5,True,kaggle_shopping
131514,Jacket,Canada Goose,Women's Fashion,81.0,17.154665477862984,67.10472096293098,1,67.10472096293098,Fall,2024,9,True,kaggle_shopping
131615,Blouse,H&M,Men's Fashion,20.0,29.282156802337195,14.143568639532562,1,14.143568639532562,Winter,2024,1,True,kaggle_shopping
131716,Pants,H&M,Men's Fashion,32.0,25.985488420182243,23.68464370554168,1,23.68464370554168,Summer,2024,6,True,kaggle_shopping
131817,Boots,Puma,Footwear,63.0,25.796482889114607,46.7482157798578,1,46.7482157798578,Fall,2024,9,True,kaggle_shopping
131918,Boots,Puma,Footwear,79.0,29.945945703211287,55.34270289446309,1,55.34270289446309,Spring,2024,5,True,kaggle_shopping
132019,Sweater,Forever 21,Men's Fashion,23.0,19.503022949249168,18.51430472167269,1,18.51430472167269,Winter,2024,1,True,kaggle_shopping
132120,Gloves,Coach,Accessories,64.0,23.127556551169732,49.19836380725137,1,49.19836380725137,Winter,2024,1,True,kaggle_shopping
132221,Socks,Uniqlo,Men's Fashion,69.0,22.54851462806697,53.44152490663379,1,53.44152490663379,Winter,2024,1,True,kaggle_shopping
132322,Jeans,H&M,Men's Fashion,69.0,19.42113857393748,55.59941438398314,1,55.59941438398314,Fall,2024,9,True,kaggle_shopping
132423,Pants,H&M,Men's Fashion,24.0,18.50943215795745,19.55773628209021,1,19.55773628209021,Winter,2024,1,True,kaggle_shopping
132524,Shorts,Gap,Men's Fashion,50.0,25.86422460956879,37.0678876952156,1,37.0678876952156,Summer,2024,6,True,kaggle_shopping
132625,Gloves,Coach,Accessories,97.0,18.74245780209591,78.81981593196696,1,78.81981593196696,Fall,2024,9,True,kaggle_shopping
132726,Sandals,Nike,Footwear,91.0,16.366566428896476,76.1064245497042,1,76.1064245497042,Fall,2024,9,True,kaggle_shopping
132827,Blouse,Zara,Men's Fashion,37.0,29.366734715649724,26.134308155209602,1,26.134308155209602,Spring,2024,5,True,kaggle_shopping
132928,Jacket,North Face,Women's Fashion,55.0,23.29825446823052,42.18596004247321,1,42.18596004247321,Winter,2024,1,True,kaggle_shopping
133029,Jewelry,Coach,Accessories,52.0,29.912959580807556,36.44526101798007,1,36.44526101798007,Winter,2024,1,True,kaggle_shopping
133130,Hat,Michael Kors,Accessories,80.0,23.188000116175086,61.44959990705993,1,61.44959990705993,Spring,2024,5,True,kaggle_shopping
133231,Socks,H&M,Men's Fashion,79.0,24.98443320672266,59.2622977666891,1,59.2622977666891,Spring,2024,5,True,kaggle_shopping
133332,Handbag,Michael Kors,Accessories,23.0,20.763628649922147,18.224365410517905,1,18.224365410517905,Summer,2024,6,True,kaggle_shopping
133433,Pants,H&M,Men's Fashion,73.0,25.71588630712384,54.2274029957996,1,54.2274029957996,Winter,2024,1,True,kaggle_shopping
133534,Gloves,Michael Kors,Accessories,99.0,17.253637754881296,81.91889862266753,1,81.91889862266753,Fall,2024,9,True,kaggle_shopping
133635,Sweater,Forever 21,Men's Fashion,22.0,27.327765356413416,15.98789162158905,1,15.98789162158905,Spring,2024,5,True,kaggle_shopping
133736,Hat,Michael Kors,Accessories,68.0,19.356264771273324,54.83773995553414,1,54.83773995553414,Summer,2024,6,True,kaggle_shopping
133837,Dress,H&M,Men's Fashion,92.0,23.05635322570577,70.78815503235069,1,70.78815503235069,Spring,2024,5,True,kaggle_shopping
133938,Pants,Zara,Men's Fashion,77.0,29.943806990742942,53.94326861712793,1,53.94326861712793,Winter,2024,1,True,kaggle_shopping
134039,Coat,Patagonia,Women's Fashion,37.0,26.265801741061395,27.281653355807286,1,27.281653355807286,Spring,2024,5,True,kaggle_shopping
134140,Scarf,Michael Kors,Accessories,79.0,15.944474357708684,66.40386525741015,1,66.40386525741015,Winter,2024,1,True,kaggle_shopping
134241,Hoodie,Gap,Men's Fashion,51.0,17.55091099008554,42.04903539505637,1,42.04903539505637,Winter,2024,1,True,kaggle_shopping
134342,Socks,Forever 21,Men's Fashion,27.0,24.9578168332891,20.26138945501194,1,20.26138945501194,Summer,2024,6,True,kaggle_shopping
134443,Blouse,Zara,Men's Fashion,23.0,21.708349000673863,18.00707972984501,1,18.00707972984501,Spring,2024,5,True,kaggle_shopping
134544,Socks,Forever 21,Men's Fashion,76.0,29.390714356965958,53.66305708870587,1,53.66305708870587,Summer,2024,6,True,kaggle_shopping
134645,Dress,Uniqlo,Men's Fashion,31.0,25.28553137132009,23.161485274890772,1,23.161485274890772,Fall,2024,9,True,kaggle_shopping
134746,Hoodie,Uniqlo,Men's Fashion,60.0,16.813225042374967,49.91206497457502,1,49.91206497457502,Winter,2024,1,True,kaggle_shopping
134847,T-shirt,H&M,Men's Fashion,99.0,23.73025583912105,75.50704671927016,1,75.50704671927016,Spring,2024,5,True,kaggle_shopping
134948,Hat,Coach,Accessories,37.0,24.478710855379465,27.942876983509596,1,27.942876983509596,Winter,2024,1,True,kaggle_shopping
135049,Boots,Adidas,Footwear,50.0,28.55814483722179,35.720927581389105,1,35.720927581389105,Winter,2024,1,True,kaggle_shopping
135150,Jeans,Forever 21,Men's Fashion,26.0,27.9746555809534,18.726589548952116,1,18.726589548952116,Winter,2024,1,True,kaggle_shopping
135251,Shorts,Uniqlo,Men's Fashion,86.0,16.690500689908042,71.64616940667909,1,71.64616940667909,Spring,2024,5,True,kaggle_shopping
135352,Sandals,New Balance,Footwear,41.0,18.26669978040099,33.510653090035596,1,33.510653090035596,Fall,2024,9,True,kaggle_shopping
135453,Sandals,Puma,Footwear,23.0,25.36962327846014,17.16498664595417,1,17.16498664595417,Winter,2024,1,True,kaggle_shopping
135554,Sneakers,New Balance,Footwear,56.0,20.279230611615784,44.64363085749516,1,44.64363085749516,Spring,2024,5,True,kaggle_shopping
135655,Hat,Coach,Accessories,68.0,17.49772832180648,56.101544741171594,1,56.101544741171594,Fall,2024,9,True,kaggle_shopping
135756,Coat,Canada Goose,Women's Fashion,48.0,24.454581208349143,36.26180101999241,1,36.26180101999241,Winter,2024,1,True,kaggle_shopping
135857,Dress,Forever 21,Men's Fashion,67.0,23.134353987629503,51.49998282828823,1,51.49998282828823,Spring,2024,5,True,kaggle_shopping
135958,Boots,Puma,Footwear,87.0,23.458131334717855,66.59142573879546,1,66.59142573879546,Spring,2024,5,True,kaggle_shopping
136059,Skirt,Gap,Men's Fashion,64.0,28.694946739766443,45.635234086549474,1,45.635234086549474,Fall,2024,9,True,kaggle_shopping
136160,Shirt,Uniqlo,Men's Fashion,93.0,15.065061774008694,78.98949255017192,1,78.98949255017192,Spring,2024,5,True,kaggle_shopping
136261,Shirt,Zara,Men's Fashion,29.0,24.156712456267332,21.994553387682473,1,21.994553387682473,Summer,2024,6,True,kaggle_shopping
136362,Boots,Puma,Footwear,62.0,25.50921439279872,46.1842870764648,1,46.1842870764648,Winter,2024,1,True,kaggle_shopping
136463,Hoodie,Uniqlo,Men's Fashion,70.0,23.165403582894164,53.78421749197409,1,53.78421749197409,Winter,2024,1,True,kaggle_shopping
136564,Sweater,Zara,Men's Fashion,92.0,22.510356069752866,71.29047241582737,1,71.29047241582737,Winter,2024,1,True,kaggle_shopping
136665,Shirt,H&M,Men's Fashion,79.0,27.465592082916498,57.30218225449596,1,57.30218225449596,Spring,2024,5,True,kaggle_shopping
136766,Blouse,Zara,Men's Fashion,31.0,16.375953003340967,25.9234545689643,1,25.9234545689643,Fall,2024,9,True,kaggle_shopping
136867,T-shirt,Uniqlo,Men's Fashion,83.0,20.122723086344845,66.29813983833378,1,66.29813983833378,Spring,2024,5,True,kaggle_shopping
136968,Jacket,Patagonia,Women's Fashion,88.0,29.11668017291909,62.37732144783121,1,62.37732144783121,Winter,2024,1,True,kaggle_shopping
137069,Jewelry,Coach,Accessories,53.0,19.334512517141004,42.75270836591527,1,42.75270836591527,Spring,2024,5,True,kaggle_shopping
137170,Hoodie,Uniqlo,Men's Fashion,98.0,28.12072353750448,70.44169093324561,1,70.44169093324561,Fall,2024,9,True,kaggle_shopping
137271,Jewelry,Fossil,Accessories,57.0,22.056681282253894,44.427691669115276,1,44.427691669115276,Spring,2024,5,True,kaggle_shopping
137372,Sandals,Puma,Footwear,80.0,26.68012432065717,58.65590054347426,1,58.65590054347426,Winter,2024,1,True,kaggle_shopping
137473,Jeans,Uniqlo,Men's Fashion,29.0,17.993340298218854,23.781931313516534,1,23.781931313516534,Spring,2024,5,True,kaggle_shopping
137574,Hat,Kate Spade,Accessories,73.0,27.986616650255797,52.569769845313274,1,52.569769845313274,Spring,2024,5,True,kaggle_shopping
137675,Sweater,Gap,Men's Fashion,32.0,21.46975261096052,25.129679164492636,1,25.129679164492636,Fall,2024,9,True,kaggle_shopping
137776,Boots,Nike,Footwear,68.0,26.45797596806794,50.008576341713805,1,50.008576341713805,Spring,2024,5,True,kaggle_shopping
137877,Blouse,Gap,Men's Fashion,97.0,27.703681201615836,70.12742923443264,1,70.12742923443264,Spring,2024,5,True,kaggle_shopping
137978,Shorts,H&M,Men's Fashion,98.0,28.386109765720477,70.18161242959394,1,70.18161242959394,Fall,2024,9,True,kaggle_shopping
138079,Hoodie,Forever 21,Men's Fashion,56.0,28.76743316318463,39.89023742861661,1,39.89023742861661,Fall,2024,9,True,kaggle_shopping
138180,Pants,Gap,Men's Fashion,78.0,19.796790050439622,62.558503760657096,1,62.558503760657096,Winter,2024,1,True,kaggle_shopping
138281,Belt,Kate Spade,Accessories,81.0,20.27134940419127,64.58020698260508,1,64.58020698260508,Spring,2024,5,True,kaggle_shopping
138382,Shirt,Forever 21,Men's Fashion,68.0,20.43317852871935,54.10543860047084,1,54.10543860047084,Winter,2024,1,True,kaggle_shopping
138483,Shirt,Forever 21,Men's Fashion,94.0,25.702736303380153,69.83942787482265,1,69.83942787482265,Winter,2024,1,True,kaggle_shopping
138584,Dress,Uniqlo,Men's Fashion,93.0,26.345243966145997,68.49892311148423,1,68.49892311148423,Spring,2024,5,True,kaggle_shopping
138685,Gloves,Michael Kors,Accessories,99.0,24.42329576672721,74.82093719094006,1,74.82093719094006,Fall,2024,9,True,kaggle_shopping
138786,Gloves,Michael Kors,Accessories,49.0,29.42018251757341,34.58411056638903,1,34.58411056638903,Winter,2024,1,True,kaggle_shopping
138887,Jeans,Gap,Men's Fashion,28.0,17.63510890904463,23.062169505467505,1,23.062169505467505,Winter,2024,1,True,kaggle_shopping
138988,Belt,Michael Kors,Accessories,93.0,29.866881353806946,65.22380034095954,1,65.22380034095954,Winter,2024,1,True,kaggle_shopping
139089,Jacket,Canada Goose,Women's Fashion,24.0,26.68498022912511,17.59560474500997,1,17.59560474500997,Fall,2024,9,True,kaggle_shopping
139190,Skirt,Forever 21,Men's Fashion,35.0,19.49611619923833,28.176359330266582,1,28.176359330266582,Spring,2024,5,True,kaggle_shopping
139291,Sandals,Adidas,Footwear,68.0,16.7658897014372,56.59919500302271,1,56.59919500302271,Spring,2024,5,True,kaggle_shopping
139392,Belt,Fossil,Accessories,61.0,15.661993761241954,51.446183805642406,1,51.446183805642406,Summer,2024,6,True,kaggle_shopping
139493,Sweater,Forever 21,Men's Fashion,74.0,28.441687263368458,52.953151425107336,1,52.953151425107336,Fall,2024,9,True,kaggle_shopping
139594,Shirt,Gap,Men's Fashion,64.0,28.37372958952421,45.840813062704505,1,45.840813062704505,Summer,2024,6,True,kaggle_shopping
139695,Sneakers,New Balance,Footwear,60.0,29.02798739732731,42.583207561603615,1,42.583207561603615,Fall,2024,9,True,kaggle_shopping
139796,Jeans,Gap,Men's Fashion,29.0,20.59541174932474,23.027330592695826,1,23.027330592695826,Spring,2024,5,True,kaggle_shopping
139897,Sandals,Converse,Footwear,85.0,20.05968310168575,67.94926936356711,1,67.94926936356711,Summer,2024,6,True,kaggle_shopping
139998,Pants,H&M,Men's Fashion,81.0,16.01349137220126,68.02907198851698,1,68.02907198851698,Summer,2024,6,True,kaggle_shopping
140099,Belt,Coach,Accessories,23.0,15.434794269593073,19.449997317993592,1,19.449997317993592,Fall,2024,9,True,kaggle_shopping
140100,T-shirt,Forever 21,Men's Fashion,100.0,17.923726682366972,82.07627331763302,1,82.07627331763302,Spring,2024,5,True,kaggle_shopping
140201,Shirt,Zara,Men's Fashion,54.0,17.02137745518038,44.8084561742026,1,44.8084561742026,Fall,2024,9,True,kaggle_shopping
140302,Sneakers,Adidas,Footwear,25.0,18.170137068991842,20.457465732752038,1,20.457465732752038,Fall,2024,9,True,kaggle_shopping
140403,Blouse,Uniqlo,Men's Fashion,32.0,15.360372965258406,27.08468065111731,1,27.08468065111731,Summer,2024,6,True,kaggle_shopping
140504,Backpack,Fossil,Accessories,63.0,25.581776809763923,46.88348060984873,1,46.88348060984873,Spring,2024,5,True,kaggle_shopping
140605,Pants,Zara,Men's Fashion,56.0,15.624142028573734,47.250480463998706,1,47.250480463998706,Spring,2024,5,True,kaggle_shopping
140706,Sweater,Forever 21,Men's Fashion,33.0,24.43733315594357,24.935680058538622,1,24.935680058538622,Winter,2024,1,True,kaggle_shopping
140807,Coat,North Face,Women's Fashion,32.0,23.02081109459508,24.633340449729573,1,24.633340449729573,Summer,2024,6,True,kaggle_shopping
140908,Dress,Uniqlo,Men's Fashion,38.0,26.986228160836394,27.74523329888217,1,27.74523329888217,Summer,2024,6,True,kaggle_shopping
141009,Blouse,Forever 21,Men's Fashion,21.0,20.40592023694913,16.714756750240685,1,16.714756750240685,Summer,2024,6,True,kaggle_shopping
141110,Hoodie,Gap,Men's Fashion,59.0,28.10181628369854,42.41992839261786,1,42.41992839261786,Winter,2024,1,True,kaggle_shopping
141211,Shoes,Nike,Footwear,87.0,28.288309119338734,62.38917106617531,1,62.38917106617531,Fall,2024,9,True,kaggle_shopping
141312,T-shirt,H&M,Men's Fashion,79.0,15.382945551299914,66.84747301447307,1,66.84747301447307,Winter,2024,1,True,kaggle_shopping
141413,Shoes,Nike,Footwear,28.0,23.64425829117615,21.379607678470677,1,21.379607678470677,Summer,2024,6,True,kaggle_shopping
141514,Boots,Puma,Footwear,67.0,19.766223133310206,53.756630500682164,1,53.756630500682164,Summer,2024,6,True,kaggle_shopping
141615,Shorts,Gap,Men's Fashion,75.0,28.7825654365104,53.4130759226172,1,53.4130759226172,Spring,2024,5,True,kaggle_shopping
141716,Belt,Michael Kors,Accessories,32.0,23.036033721826357,24.628469209015567,1,24.628469209015567,Spring,2024,5,True,kaggle_shopping
141817,Pants,Forever 21,Men's Fashion,43.0,15.97200097291904,36.13203958164481,1,36.13203958164481,Spring,2024,5,True,kaggle_shopping
141918,Shorts,Uniqlo,Men's Fashion,93.0,25.605714780734928,69.18668525391652,1,69.18668525391652,Spring,2024,5,True,kaggle_shopping
142019,Sunglasses,Coach,Accessories,24.0,21.09144099467956,18.938054161276906,1,18.938054161276906,Spring,2024,5,True,kaggle_shopping
142120,Hat,Kate Spade,Accessories,31.0,25.405454174199342,23.124309205998202,1,23.124309205998202,Fall,2024,9,True,kaggle_shopping
142221,T-shirt,H&M,Men's Fashion,84.0,26.152090216644204,62.032244218018874,1,62.032244218018874,Winter,2024,1,True,kaggle_shopping
142322,Pants,Forever 21,Men's Fashion,74.0,17.677466113707567,60.918675075856406,1,60.918675075856406,Winter,2024,1,True,kaggle_shopping
142423,Shorts,Gap,Men's Fashion,62.0,19.534926751709428,49.88834541394016,1,49.88834541394016,Spring,2024,5,True,kaggle_shopping
142524,Jewelry,Michael Kors,Accessories,77.0,21.888547683143692,60.14581828397936,1,60.14581828397936,Summer,2024,6,True,kaggle_shopping
142625,Backpack,Fossil,Accessories,73.0,15.749874466036923,61.50259163979304,1,61.50259163979304,Summer,2024,6,True,kaggle_shopping
142726,Shoes,Adidas,Footwear,50.0,29.82575904882043,35.087120475589785,1,35.087120475589785,Spring,2024,5,True,kaggle_shopping
142827,Coat,Canada Goose,Women's Fashion,40.0,19.98217377867121,32.007130488531516,1,32.007130488531516,Winter,2024,1,True,kaggle_shopping
142928,Sweater,Uniqlo,Men's Fashion,97.0,22.858730099983944,74.82703180301557,1,74.82703180301557,Winter,2024,1,True,kaggle_shopping
143029,Gloves,Michael Kors,Accessories,63.0,18.720271532135325,51.20622893475475,1,51.20622893475475,Fall,2024,9,True,kaggle_shopping
143130,Handbag,Coach,Accessories,65.0,25.758757528271268,48.256807606623674,1,48.256807606623674,Fall,2024,9,True,kaggle_shopping
143231,Socks,Gap,Men's Fashion,91.0,15.462775664450836,76.92887414534974,1,76.92887414534974,Spring,2024,5,True,kaggle_shopping
143332,Hoodie,Uniqlo,Men's Fashion,60.0,26.84316504277056,43.89410097433767,1,43.89410097433767,Spring,2024,5,True,kaggle_shopping
143433,Pants,Forever 21,Men's Fashion,69.0,29.30124637437356,48.782140001682244,1,48.782140001682244,Winter,2024,1,True,kaggle_shopping
143534,Coat,Patagonia,Women's Fashion,52.0,29.527459024314506,36.64572130735645,1,36.64572130735645,Spring,2024,5,True,kaggle_shopping
143635,Boots,Puma,Footwear,49.0,25.175096547127254,36.66420269190765,1,36.66420269190765,Fall,2024,9,True,kaggle_shopping
143736,Sneakers,Nike,Footwear,85.0,26.061552008919193,62.84768079241868,1,62.84768079241868,Spring,2024,5,True,kaggle_shopping
143837,Sweater,Forever 21,Men's Fashion,86.0,25.777382903539205,63.83145070295628,1,63.83145070295628,Spring,2024,5,True,kaggle_shopping
143938,Handbag,Kate Spade,Accessories,51.0,19.408826005901645,41.10149873699016,1,41.10149873699016,Winter,2024,1,True,kaggle_shopping
144039,Belt,Michael Kors,Accessories,56.0,18.853397479507954,45.442097411475544,1,45.442097411475544,Winter,2024,1,True,kaggle_shopping
144140,Belt,Fossil,Accessories,72.0,17.843745229787224,59.152503434553196,1,59.152503434553196,Fall,2024,9,True,kaggle_shopping
144241,Hoodie,Gap,Men's Fashion,27.0,17.237166839762065,22.345964953264243,1,22.345964953264243,Fall,2024,9,True,kaggle_shopping
144342,Sunglasses,Michael Kors,Accessories,43.0,22.159109232136625,33.47158303018125,1,33.47158303018125,Summer,2024,6,True,kaggle_shopping
144443,Sneakers,Nike,Footwear,56.0,26.62907328547628,41.08771896013329,1,41.08771896013329,Spring,2024,5,True,kaggle_shopping
144544,T-shirt,H&M,Men's Fashion,37.0,21.6155228920877,29.00225652992755,1,29.00225652992755,Fall,2024,9,True,kaggle_shopping
144645,Dress,Uniqlo,Men's Fashion,21.0,28.20762959253038,15.07639778556862,1,15.07639778556862,Fall,2024,9,True,kaggle_shopping
144746,Hoodie,H&M,Men's Fashion,91.0,17.017966502047106,75.51365048313714,1,75.51365048313714,Winter,2024,1,True,kaggle_shopping
144847,Sweater,Gap,Men's Fashion,95.0,20.378072510726,75.6408311148103,1,75.6408311148103,Summer,2024,6,True,kaggle_shopping
144948,Belt,Kate Spade,Accessories,54.0,23.25430568260407,41.4426749313938,1,41.4426749313938,Spring,2024,5,True,kaggle_shopping
145049,Socks,Uniqlo,Men's Fashion,36.0,23.598925616184474,27.50438677817359,1,27.50438677817359,Spring,2024,5,True,kaggle_shopping
145150,Sunglasses,Michael Kors,Accessories,71.0,25.127436812602916,53.159519863051926,1,53.159519863051926,Fall,2024,9,True,kaggle_shopping
145251,Coat,Canada Goose,Women's Fashion,31.0,27.930318851268304,22.341601156106822,1,22.341601156106822,Summer,2024,6,True,kaggle_shopping
145352,Hat,Fossil,Accessories,89.0,28.12993291342862,63.96435970704852,1,63.96435970704852,Spring,2024,5,True,kaggle_shopping
145453,Pants,Gap,Men's Fashion,83.0,17.79428769179466,68.23074121581043,1,68.23074121581043,Winter,2024,1,True,kaggle_shopping
145554,Backpack,Fossil,Accessories,42.0,19.070455838558917,33.99040854780525,1,33.99040854780525,Spring,2024,5,True,kaggle_shopping
145655,Shorts,Gap,Men's Fashion,91.0,23.16022103230275,69.92419886060449,1,69.92419886060449,Summer,2024,6,True,kaggle_shopping
145756,Jacket,Patagonia,Women's Fashion,61.0,23.208283092249744,46.84294731372766,1,46.84294731372766,Spring,2024,5,True,kaggle_shopping
145857,Backpack,Fossil,Accessories,66.0,27.96478726543633,47.543240404812025,1,47.543240404812025,Summer,2024,6,True,kaggle_shopping
145958,Scarf,Fossil,Accessories,22.0,21.353809538272415,17.302161901580067,1,17.302161901580067,Spring,2024,5,True,kaggle_shopping
146059,Hoodie,Zara,Men's Fashion,68.0,29.848660817845506,47.70291064386505,1,47.70291064386505,Winter,2024,1,True,kaggle_shopping
146160,Skirt,Gap,Men's Fashion,43.0,29.314699097791223,30.394679387949772,1,30.394679387949772,Fall,2024,9,True,kaggle_shopping
146261,Dress,Gap,Men's Fashion,32.0,21.384929057767447,25.156822701514418,1,25.156822701514418,Fall,2024,9,True,kaggle_shopping
146362,Coat,Columbia,Women's Fashion,46.0,20.841059308521235,36.41311271808023,1,36.41311271808023,Fall,2024,9,True,kaggle_shopping
146463,Blouse,H&M,Men's Fashion,90.0,18.497258887651526,73.35246700111362,1,73.35246700111362,Summer,2024,6,True,kaggle_shopping
146564,Hat,Kate Spade,Accessories,75.0,25.66840850603655,55.74869362047259,1,55.74869362047259,Fall,2024,9,True,kaggle_shopping
146665,Handbag,Coach,Accessories,69.0,25.165787895332162,51.635606352220805,1,51.635606352220805,Winter,2024,1,True,kaggle_shopping
146766,Belt,Coach,Accessories,40.0,28.295984004756196,28.68160639809752,1,28.68160639809752,Fall,2024,9,True,kaggle_shopping
146867,Belt,Coach,Accessories,63.0,28.5640690619265,45.00463649098631,1,45.00463649098631,Fall,2024,9,True,kaggle_shopping
146968,Shirt,Uniqlo,Men's Fashion,36.0,26.903963631909676,26.314573092512518,1,26.314573092512518,Summer,2024,6,True,kaggle_shopping
147069,Shoes,Adidas,Footwear,75.0,28.586358530497392,53.560231102126956,1,53.560231102126956,Winter,2024,1,True,kaggle_shopping
147170,Scarf,Kate Spade,Accessories,67.0,28.2294376213886,48.08627679366964,1,48.08627679366964,Summer,2024,6,True,kaggle_shopping
147271,Pants,H&M,Men's Fashion,64.0,29.00115979091951,45.439257733811516,1,45.439257733811516,Spring,2024,5,True,kaggle_shopping
147372,Blouse,Zara,Men's Fashion,61.0,27.936129034547704,43.958961288925906,1,43.958961288925906,Fall,2024,9,True,kaggle_shopping
147473,Gloves,Kate Spade,Accessories,40.0,19.968741904135115,32.01250323834596,1,32.01250323834596,Winter,2024,1,True,kaggle_shopping
147574,Handbag,Michael Kors,Accessories,97.0,20.476578195255946,77.13771915060174,1,77.13771915060174,Fall,2024,9,True,kaggle_shopping
147675,Sneakers,Adidas,Footwear,31.0,25.360587684054998,23.138217817942948,1,23.138217817942948,Spring,2024,5,True,kaggle_shopping
147776,Sandals,Converse,Footwear,65.0,15.172995552842837,55.13755289065215,1,55.13755289065215,Spring,2024,5,True,kaggle_shopping
147877,Sunglasses,Kate Spade,Accessories,54.0,23.586899444861317,41.263074299774885,1,41.263074299774885,Spring,2024,5,True,kaggle_shopping
147978,Jacket,North Face,Women's Fashion,49.0,28.971677932237732,34.803877813203506,1,34.803877813203506,Fall,2024,9,True,kaggle_shopping
148079,T-shirt,Forever 21,Men's Fashion,64.0,28.78114241616629,45.58006885365357,1,45.58006885365357,Fall,2024,9,True,kaggle_shopping
148180,Sneakers,New Balance,Footwear,35.0,18.19043337840827,28.633348317557108,1,28.633348317557108,Winter,2024,1,True,kaggle_shopping
148281,Shoes,Puma,Footwear,86.0,28.701772476035003,61.3164756706099,1,61.3164756706099,Winter,2024,1,True,kaggle_shopping
148382,Jacket,Canada Goose,Women's Fashion,55.0,22.622586920682956,42.557577193624375,1,42.557577193624375,Winter,2024,1,True,kaggle_shopping
148483,Scarf,Michael Kors,Accessories,58.0,25.552696088398292,43.179436268728985,1,43.179436268728985,Spring,2024,5,True,kaggle_shopping
148584,Sneakers,New Balance,Footwear,96.0,20.861018995987592,75.97342176385192,1,75.97342176385192,Fall,2024,9,True,kaggle_shopping
148685,Jewelry,Fossil,Accessories,64.0,16.20985717203964,53.62569140989463,1,53.62569140989463,Fall,2024,9,True,kaggle_shopping
148786,Jacket,Columbia,Women's Fashion,56.0,19.63751145297904,45.00299358633174,1,45.00299358633174,Fall,2024,9,True,kaggle_shopping
148887,Blouse,H&M,Men's Fashion,85.0,17.057383308491932,70.50122418778186,1,70.50122418778186,Winter,2024,1,True,kaggle_shopping
148988,Dress,Forever 21,Men's Fashion,23.0,20.57915917738015,18.266793389202565,1,18.266793389202565,Spring,2024,5,True,kaggle_shopping
149089,Scarf,Coach,Accessories,72.0,15.993851537600873,60.484426892927374,1,60.484426892927374,Fall,2024,9,True,kaggle_shopping
149190,Hat,Kate Spade,Accessories,38.0,25.372694542719373,28.358376073766635,1,28.358376073766635,Summer,2024,6,True,kaggle_shopping
149291,Blouse,Gap,Men's Fashion,29.0,18.13092579764091,23.742031518684136,1,23.742031518684136,Winter,2024,1,True,kaggle_shopping
149392,Gloves,Michael Kors,Accessories,46.0,18.294722669072897,37.58442757222647,1,37.58442757222647,Spring,2024,5,True,kaggle_shopping
149493,Gloves,Coach,Accessories,58.0,24.81276026085863,43.60859904870199,1,43.60859904870199,Spring,2024,5,True,kaggle_shopping
149594,Coat,Patagonia,Women's Fashion,43.0,21.313710862839734,33.835104328978915,1,33.835104328978915,Fall,2024,9,True,kaggle_shopping
149695,Scarf,Coach,Accessories,32.0,23.13029381907429,24.598305977896228,1,24.598305977896228,Spring,2024,5,True,kaggle_shopping
149796,Pants,Forever 21,Men's Fashion,30.0,28.017981136539547,21.594605659038134,1,21.594605659038134,Winter,2024,1,True,kaggle_shopping
149897,Sunglasses,Coach,Accessories,67.0,18.43757932727721,54.64682185072427,1,54.64682185072427,Summer,2024,6,True,kaggle_shopping
149998,Dress,H&M,Men's Fashion,45.0,22.56463844273889,34.8459127007675,1,34.8459127007675,Summer,2024,6,True,kaggle_shopping
150099,Hat,Fossil,Accessories,81.0,20.01750286234482,64.7858226815007,1,64.7858226815007,Winter,2024,1,True,kaggle_shopping
150100,Backpack,Coach,Accessories,23.0,22.414282498581493,17.844715025326256,1,17.844715025326256,Fall,2024,9,True,kaggle_shopping
150201,Sandals,Converse,Footwear,59.0,17.687331485872768,48.564474423335064,1,48.564474423335064,Fall,2024,9,True,kaggle_shopping
150302,Sunglasses,Kate Spade,Accessories,21.0,17.362137705934803,17.353951081753692,1,17.353951081753692,Summer,2024,6,True,kaggle_shopping
150403,Backpack,Coach,Accessories,20.0,22.688393261612376,15.462321347677525,1,15.462321347677525,Spring,2024,5,True,kaggle_shopping
150504,Jewelry,Kate Spade,Accessories,28.0,16.70416195272008,23.322834653238374,1,23.322834653238374,Winter,2024,1,True,kaggle_shopping
150605,Socks,Uniqlo,Men's Fashion,100.0,25.203542823069363,74.79645717693064,1,74.79645717693064,Winter,2024,1,True,kaggle_shopping
150706,Shirt,Zara,Men's Fashion,46.0,18.85761096794695,37.325498954744404,1,37.325498954744404,Spring,2024,5,True,kaggle_shopping
150807,Handbag,Coach,Accessories,61.0,18.1478158188939,49.929832350474726,1,49.929832350474726,Spring,2024,5,True,kaggle_shopping
150908,Blouse,Gap,Men's Fashion,58.0,21.331387957542923,45.627794984625105,1,45.627794984625105,Winter,2024,1,True,kaggle_shopping
151009,Backpack,Fossil,Accessories,50.0,22.32696335567274,38.836518322163634,1,38.836518322163634,Spring,2024,5,True,kaggle_shopping
151110,Hat,Michael Kors,Accessories,93.0,27.769891873691265,67.17400055746712,1,67.17400055746712,Summer,2024,6,True,kaggle_shopping
151211,Skirt,Uniqlo,Men's Fashion,24.0,16.284710692314437,20.091669433844533,1,20.091669433844533,Summer,2024,6,True,kaggle_shopping
151312,Shorts,Gap,Men's Fashion,100.0,18.798218869420516,81.20178113057949,1,81.20178113057949,Summer,2024,6,True,kaggle_shopping
151413,Blouse,Zara,Men's Fashion,79.0,21.039874478352143,62.37849916210181,1,62.37849916210181,Fall,2024,9,True,kaggle_shopping
151514,Socks,Uniqlo,Men's Fashion,51.0,21.22619057304785,40.17464280774559,1,40.17464280774559,Summer,2024,6,True,kaggle_shopping
151615,Belt,Michael Kors,Accessories,90.0,18.80312365539062,73.07718871014845,1,73.07718871014845,Winter,2024,1,True,kaggle_shopping
151716,Boots,Converse,Footwear,56.0,29.04918430604219,39.73245678861637,1,39.73245678861637,Summer,2024,6,True,kaggle_shopping
151817,Shorts,Zara,Men's Fashion,25.0,16.119925455314235,20.970018636171442,1,20.970018636171442,Spring,2024,5,True,kaggle_shopping
151918,Shirt,H&M,Men's Fashion,75.0,18.646668828800625,61.01499837839953,1,61.01499837839953,Summer,2024,6,True,kaggle_shopping
152019,Handbag,Coach,Accessories,75.0,22.42974715646581,58.17768963265063,1,58.17768963265063,Summer,2024,6,True,kaggle_shopping
152120,Jeans,H&M,Men's Fashion,53.0,18.15819420319485,43.37615707230673,1,43.37615707230673,Summer,2024,6,True,kaggle_shopping
152221,Dress,Uniqlo,Men's Fashion,100.0,17.269028050553608,82.73097194944638,1,82.73097194944638,Spring,2024,5,True,kaggle_shopping
152322,Dress,Gap,Men's Fashion,27.0,16.985500630552405,22.41391482975085,1,22.41391482975085,Fall,2024,9,True,kaggle_shopping
152423,Sandals,Puma,Footwear,60.0,15.235652537751744,50.85860847734895,1,50.85860847734895,Fall,2024,9,True,kaggle_shopping
152524,Jacket,North Face,Women's Fashion,23.0,27.250010739048857,16.73249753001876,1,16.73249753001876,Fall,2024,9,True,kaggle_shopping
152625,Coat,North Face,Women's Fashion,40.0,17.84341713100156,32.862633147599375,1,32.862633147599375,Winter,2024,1,True,kaggle_shopping
152726,Pants,Forever 21,Men's Fashion,38.0,22.3655228331422,29.501101323405962,1,29.501101323405962,Summer,2024,6,True,kaggle_shopping
152827,Backpack,Kate Spade,Accessories,90.0,19.406627541653503,72.53403521251185,1,72.53403521251185,Summer,2024,6,True,kaggle_shopping
152928,Blouse,Forever 21,Men's Fashion,97.0,21.45841785916547,76.1853346766095,1,76.1853346766095,Summer,2024,6,True,kaggle_shopping
153029,Skirt,Zara,Men's Fashion,38.0,22.656204052090626,29.390642460205562,1,29.390642460205562,Fall,2024,9,True,kaggle_shopping
153130,Sandals,Adidas,Footwear,30.0,24.898214918941733,22.530535524317482,1,22.530535524317482,Summer,2024,6,True,kaggle_shopping
153231,Pants,Zara,Men's Fashion,88.0,19.220918831033263,71.08559142869073,1,71.08559142869073,Fall,2024,9,True,kaggle_shopping
153332,Hat,Kate Spade,Accessories,33.0,15.755487086783708,27.800689261361377,1,27.800689261361377,Winter,2024,1,True,kaggle_shopping
153433,Hoodie,H&M,Men's Fashion,60.0,27.737352680882132,43.35758839147072,1,43.35758839147072,Winter,2024,1,True,kaggle_shopping
153534,Sweater,Uniqlo,Men's Fashion,64.0,16.363280596148563,53.52750041846492,1,53.52750041846492,Summer,2024,6,True,kaggle_shopping
153635,Scarf,Michael Kors,Accessories,95.0,24.531301534183733,71.69526354252545,1,71.69526354252545,Fall,2024,9,True,kaggle_shopping
153736,Sneakers,Converse,Footwear,83.0,20.508286656627806,65.97812207499892,1,65.97812207499892,Winter,2024,1,True,kaggle_shopping
153837,Boots,New Balance,Footwear,97.0,23.189720058854505,74.50597154291113,1,74.50597154291113,Winter,2024,1,True,kaggle_shopping
153938,Coat,Patagonia,Women's Fashion,38.0,19.108338688465757,30.738831298383012,1,30.738831298383012,Spring,2024,5,True,kaggle_shopping
154039,Boots,Adidas,Footwear,48.0,19.21243944269891,38.77802906750453,1,38.77802906750453,Summer,2024,6,True,kaggle_shopping
154140,Sandals,Adidas,Footwear,76.0,15.295868178011961,64.37514018471092,1,64.37514018471092,Spring,2024,5,True,kaggle_shopping
154241,Pants,Uniqlo,Men's Fashion,25.0,22.369293716577257,19.407676570855685,1,19.407676570855685,Summer,2024,6,True,kaggle_shopping
154342,Hoodie,Uniqlo,Men's Fashion,92.0,24.19470283078254,69.74087339568007,1,69.74087339568007,Spring,2024,5,True,kaggle_shopping
154443,Sandals,Puma,Footwear,47.0,27.928024439321955,33.873828513518674,1,33.873828513518674,Fall,2024,9,True,kaggle_shopping
154544,Sweater,Zara,Men's Fashion,36.0,28.490030848669768,25.743588894478883,1,25.743588894478883,Fall,2024,9,True,kaggle_shopping
154645,Belt,Kate Spade,Accessories,51.0,29.51736837241152,35.94614213007012,1,35.94614213007012,Fall,2024,9,True,kaggle_shopping
154746,Jeans,Uniqlo,Men's Fashion,35.0,22.31010017776976,27.191464937780587,1,27.191464937780587,Summer,2024,6,True,kaggle_shopping
154847,Hoodie,Forever 21,Men's Fashion,57.0,25.180061210095367,42.64736511024564,1,42.64736511024564,Summer,2024,6,True,kaggle_shopping
154948,Boots,Puma,Footwear,95.0,17.8376248432166,78.05425639894423,1,78.05425639894423,Summer,2024,6,True,kaggle_shopping
155049,Socks,H&M,Men's Fashion,41.0,15.017163232637296,34.84296307461871,1,34.84296307461871,Winter,2024,1,True,kaggle_shopping
155150,Dress,Gap,Men's Fashion,44.0,21.828778661563945,34.39533738891187,1,34.39533738891187,Winter,2024,1,True,kaggle_shopping
155251,Jacket,Columbia,Women's Fashion,34.0,22.859227836540107,26.227862535576364,1,26.227862535576364,Fall,2024,9,True,kaggle_shopping
155352,Jacket,Columbia,Women's Fashion,25.0,20.272830102490527,19.931792474377367,1,19.931792474377367,Spring,2024,5,True,kaggle_shopping
155453,Boots,New Balance,Footwear,93.0,23.983699502163876,70.69515946298759,1,70.69515946298759,Winter,2024,1,True,kaggle_shopping
155554,Sneakers,Converse,Footwear,50.0,22.919543656440936,38.54022817177953,1,38.54022817177953,Winter,2024,1,True,kaggle_shopping
155655,Pants,Forever 21,Men's Fashion,79.0,23.05101397187847,60.789698962216015,1,60.789698962216015,Fall,2024,9,True,kaggle_shopping
155756,Coat,North Face,Women's Fashion,100.0,20.95457436639323,79.04542563360677,1,79.04542563360677,Spring,2024,5,True,kaggle_shopping
155857,Shirt,Forever 21,Men's Fashion,57.0,20.413952267732284,45.3640472073926,1,45.3640472073926,Spring,2024,5,True,kaggle_shopping
155958,Sweater,Zara,Men's Fashion,28.0,27.316958776850594,20.351251542481837,1,20.351251542481837,Spring,2024,5,True,kaggle_shopping
156059,Shoes,Puma,Footwear,35.0,24.410211453920624,26.45642599112778,1,26.45642599112778,Winter,2024,1,True,kaggle_shopping
156160,Boots,Nike,Footwear,85.0,20.297335816024777,67.74726455637894,1,67.74726455637894,Fall,2024,9,True,kaggle_shopping
156261,Sunglasses,Fossil,Accessories,95.0,29.28747444918691,67.17689927327244,1,67.17689927327244,Summer,2024,6,True,kaggle_shopping
156362,Sneakers,Nike,Footwear,90.0,18.41456592938014,73.42689066355788,1,73.42689066355788,Summer,2024,6,True,kaggle_shopping
156463,Jewelry,Fossil,Accessories,49.0,25.593605892574292,36.4591331126386,1,36.4591331126386,Summer,2024,6,True,kaggle_shopping
156564,Belt,Kate Spade,Accessories,92.0,15.939097269157763,77.33603051237486,1,77.33603051237486,Winter,2024,1,True,kaggle_shopping
156665,Gloves,Fossil,Accessories,72.0,17.571092811887418,59.34881317544105,1,59.34881317544105,Winter,2024,1,True,kaggle_shopping
156766,Shorts,Forever 21,Men's Fashion,71.0,16.920730073657012,58.98628164770352,1,58.98628164770352,Summer,2024,6,True,kaggle_shopping
156867,Jewelry,Fossil,Accessories,27.0,29.63259735697324,18.999198713617226,1,18.999198713617226,Winter,2024,1,True,kaggle_shopping
156968,Gloves,Michael Kors,Accessories,39.0,21.43445014803956,30.64056444226457,1,30.64056444226457,Fall,2024,9,True,kaggle_shopping
157069,Jewelry,Fossil,Accessories,98.0,17.169717351952116,81.17367699508692,1,81.17367699508692,Winter,2024,1,True,kaggle_shopping
157170,Sandals,New Balance,Footwear,27.0,22.574072830130696,20.905000335864713,1,20.905000335864713,Spring,2024,5,True,kaggle_shopping
157271,Jewelry,Kate Spade,Accessories,71.0,21.14407386749837,55.98770755407616,1,55.98770755407616,Spring,2024,5,True,kaggle_shopping
157372,Hat,Kate Spade,Accessories,24.0,17.60721237262651,19.774269030569638,1,19.774269030569638,Spring,2024,5,True,kaggle_shopping
157473,Shorts,H&M,Men's Fashion,63.0,16.17443620259092,52.81010519236772,1,52.81010519236772,Fall,2024,9,True,kaggle_shopping
157574,Sweater,Zara,Men's Fashion,72.0,24.09910516633674,54.64864428023755,1,54.64864428023755,Fall,2024,9,True,kaggle_shopping
157675,Blouse,H&M,Men's Fashion,61.0,25.272207680887742,45.58395331465848,1,45.58395331465848,Spring,2024,5,True,kaggle_shopping
157776,Hat,Fossil,Accessories,56.0,15.17111427888067,47.50417600382683,1,47.50417600382683,Fall,2024,9,True,kaggle_shopping
157877,Belt,Fossil,Accessories,32.0,19.192473440739057,25.858408498963502,1,25.858408498963502,Summer,2024,6,True,kaggle_shopping
157978,Gloves,Fossil,Accessories,23.0,23.853015642896583,17.51380640213379,1,17.51380640213379,Summer,2024,6,True,kaggle_shopping
158079,Coat,Columbia,Women's Fashion,100.0,23.665872814240245,76.33412718575975,1,76.33412718575975,Spring,2024,5,True,kaggle_shopping
158180,Jewelry,Michael Kors,Accessories,74.0,23.31607604208879,56.7461037288543,1,56.7461037288543,Fall,2024,9,True,kaggle_shopping
158281,Skirt,H&M,Men's Fashion,33.0,22.44247418287804,25.593983519650248,1,25.593983519650248,Spring,2024,5,True,kaggle_shopping
158382,Gloves,Fossil,Accessories,67.0,27.300043492451838,48.70897086005727,1,48.70897086005727,Spring,2024,5,True,kaggle_shopping
158483,Jewelry,Coach,Accessories,61.0,16.551465060500064,50.903606313094954,1,50.903606313094954,Summer,2024,6,True,kaggle_shopping
158584,Shorts,Gap,Men's Fashion,46.0,17.35952931156204,38.014616516681464,1,38.014616516681464,Summer,2024,6,True,kaggle_shopping
158685,Gloves,Fossil,Accessories,56.0,21.07192711822683,44.19972081379298,1,44.19972081379298,Spring,2024,5,True,kaggle_shopping
158786,Sneakers,Converse,Footwear,73.0,20.536447106306653,58.00839361239614,1,58.00839361239614,Spring,2024,5,True,kaggle_shopping
158887,Skirt,Forever 21,Men's Fashion,44.0,20.847400962313813,34.827143576581925,1,34.827143576581925,Summer,2024,6,True,kaggle_shopping
158988,Hat,Michael Kors,Accessories,44.0,23.74867412487692,33.55058338505415,1,33.55058338505415,Winter,2024,1,True,kaggle_shopping
159089,Jewelry,Coach,Accessories,26.0,24.933171020040792,19.517375534789394,1,19.517375534789394,Summer,2024,6,True,kaggle_shopping
159190,Sneakers,Puma,Footwear,52.0,23.81732208984485,39.614992513280676,1,39.614992513280676,Spring,2024,5,True,kaggle_shopping
159291,Shirt,Forever 21,Men's Fashion,54.0,23.66810775871444,41.2192218102942,1,41.2192218102942,Summer,2024,6,True,kaggle_shopping
159392,Jacket,Columbia,Women's Fashion,38.0,19.164102785640985,30.717640941456427,1,30.717640941456427,Summer,2024,6,True,kaggle_shopping
159493,Belt,Fossil,Accessories,44.0,22.124849064143216,34.265066411776985,1,34.265066411776985,Fall,2024,9,True,kaggle_shopping
159594,T-shirt,Forever 21,Men's Fashion,76.0,24.34316535892855,57.4991943272143,1,57.4991943272143,Spring,2024,5,True,kaggle_shopping
159695,Jewelry,Michael Kors,Accessories,23.0,15.788187065683182,19.36871697489287,1,19.36871697489287,Winter,2024,1,True,kaggle_shopping
159796,T-shirt,Forever 21,Men's Fashion,98.0,22.859680714869768,75.59751289942763,1,75.59751289942763,Winter,2024,1,True,kaggle_shopping
159897,Jacket,Canada Goose,Women's Fashion,33.0,19.33548537992513,26.619289824624705,1,26.619289824624705,Spring,2024,5,True,kaggle_shopping
159998,Sweater,Zara,Men's Fashion,32.0,21.445534192597954,25.137429058368653,1,25.137429058368653,Summer,2024,6,True,kaggle_shopping
160099,Boots,Adidas,Footwear,85.0,23.829762452583232,64.74470191530425,1,64.74470191530425,Fall,2024,9,True,kaggle_shopping
160100,Jeans,Forever 21,Men's Fashion,69.0,21.801210798005275,53.95716454937636,1,53.95716454937636,Summer,2024,6,True,kaggle_shopping
160201,Jeans,H&M,Men's Fashion,55.0,18.514442051098854,44.81705687189563,1,44.81705687189563,Spring,2024,5,True,kaggle_shopping
160302,Pants,H&M,Men's Fashion,66.0,19.98767783629789,52.808132628043396,1,52.808132628043396,Summer,2024,6,True,kaggle_shopping
160403,Jacket,Canada Goose,Women's Fashion,30.0,17.032423634402832,24.89027290967915,1,24.89027290967915,Fall,2024,9,True,kaggle_shopping
160504,Jacket,Columbia,Women's Fashion,80.0,20.66783620048197,63.465731039614425,1,63.465731039614425,Winter,2024,1,True,kaggle_shopping
160605,Belt,Fossil,Accessories,20.0,24.087968200571062,15.182406359885787,1,15.182406359885787,Summer,2024,6,True,kaggle_shopping
160706,Shirt,Uniqlo,Men's Fashion,30.0,24.633638619086412,22.609908414274077,1,22.609908414274077,Fall,2024,9,True,kaggle_shopping
160807,Dress,Gap,Men's Fashion,86.0,27.3707159650238,62.46118427007953,1,62.46118427007953,Winter,2024,1,True,kaggle_shopping
160908,Blouse,Gap,Men's Fashion,84.0,19.06856803518442,67.98240285044508,1,67.98240285044508,Spring,2024,5,True,kaggle_shopping
161009,Dress,H&M,Men's Fashion,54.0,24.498536839343963,40.77079010675426,1,40.77079010675426,Summer,2024,6,True,kaggle_shopping
161110,Blouse,Uniqlo,Men's Fashion,30.0,17.571803305885997,24.728459008234204,1,24.728459008234204,Fall,2024,9,True,kaggle_shopping
161211,Dress,Uniqlo,Men's Fashion,91.0,23.6792306745303,69.45190008617742,1,69.45190008617742,Winter,2024,1,True,kaggle_shopping
161312,Sneakers,Nike,Footwear,23.0,24.626048698667816,17.336008799306402,1,17.336008799306402,Winter,2024,1,True,kaggle_shopping
161413,Socks,Gap,Men's Fashion,35.0,28.410909290987476,25.056181748154383,1,25.056181748154383,Spring,2024,5,True,kaggle_shopping
161514,Shoes,Converse,Footwear,90.0,22.42712302356842,69.81558927878842,1,69.81558927878842,Winter,2024,1,True,kaggle_shopping
161615,Jeans,Zara,Men's Fashion,93.0,23.77393528449047,70.89024018542386,1,70.89024018542386,Fall,2024,9,True,kaggle_shopping
161716,Jeans,Gap,Men's Fashion,68.0,25.64909267722379,50.55861697948782,1,50.55861697948782,Winter,2024,1,True,kaggle_shopping
161817,Gloves,Michael Kors,Accessories,41.0,19.922243367545583,32.83188021930631,1,32.83188021930631,Spring,2024,5,True,kaggle_shopping
161918,Belt,Coach,Accessories,73.0,23.81006069107189,55.618655695517525,1,55.618655695517525,Winter,2024,1,True,kaggle_shopping
162019,Sunglasses,Michael Kors,Accessories,73.0,19.202198619247543,58.98239500794929,1,58.98239500794929,Fall,2024,9,True,kaggle_shopping
162120,Hat,Coach,Accessories,66.0,16.022724782569007,55.42500164350445,1,55.42500164350445,Summer,2024,6,True,kaggle_shopping
162221,Backpack,Fossil,Accessories,59.0,17.740673113927087,48.53300286278302,1,48.53300286278302,Summer,2024,6,True,kaggle_shopping
162322,Shorts,Forever 21,Men's Fashion,72.0,15.407184135220039,60.90682742264157,1,60.90682742264157,Spring,2024,5,True,kaggle_shopping
162423,Socks,Gap,Men's Fashion,88.0,18.980858102595874,71.29684486971563,1,71.29684486971563,Summer,2024,6,True,kaggle_shopping
162524,Socks,Forever 21,Men's Fashion,76.0,23.09048689369754,58.451229960789874,1,58.451229960789874,Summer,2024,6,True,kaggle_shopping
162625,Belt,Kate Spade,Accessories,31.0,27.182353922545147,22.573470284011,1,22.573470284011,Winter,2024,1,True,kaggle_shopping
162726,Jacket,Canada Goose,Women's Fashion,22.0,18.556989162932688,17.91746238415481,1,17.91746238415481,Summer,2024,6,True,kaggle_shopping
162827,Hat,Michael Kors,Accessories,75.0,22.98254706201783,57.76308970348663,1,57.76308970348663,Fall,2024,9,True,kaggle_shopping
162928,T-shirt,H&M,Men's Fashion,75.0,16.597445565179846,62.55191582611511,1,62.55191582611511,Spring,2024,5,True,kaggle_shopping
163029,Backpack,Kate Spade,Accessories,63.0,24.01818139243079,47.8685457227686,1,47.8685457227686,Winter,2024,1,True,kaggle_shopping
163130,Coat,Patagonia,Women's Fashion,21.0,21.869524166759362,16.407399924980535,1,16.407399924980535,Spring,2024,5,True,kaggle_shopping
163231,Backpack,Fossil,Accessories,83.0,17.716578037817005,68.29524022861189,1,68.29524022861189,Spring,2024,5,True,kaggle_shopping
163332,Jacket,Canada Goose,Women's Fashion,46.0,16.290631741546083,38.5063093988888,1,38.5063093988888,Winter,2024,1,True,kaggle_shopping
163433,Shoes,Converse,Footwear,59.0,23.793282359150407,44.96196340810126,1,44.96196340810126,Summer,2024,6,True,kaggle_shopping
163534,Blouse,Uniqlo,Men's Fashion,66.0,26.55973942638522,48.47057197858575,1,48.47057197858575,Summer,2024,6,True,kaggle_shopping
163635,Sandals,Adidas,Footwear,74.0,17.544200572562275,61.01729157630392,1,61.01729157630392,Fall,2024,9,True,kaggle_shopping
163736,Sunglasses,Coach,Accessories,82.0,22.761009758899583,63.33597199770234,1,63.33597199770234,Summer,2024,6,True,kaggle_shopping
163837,Shoes,Puma,Footwear,89.0,18.14073221296302,72.85474833046291,1,72.85474833046291,Spring,2024,5,True,kaggle_shopping
163938,Dress,Gap,Men's Fashion,65.0,20.162417964436663,51.894428323116166,1,51.894428323116166,Fall,2024,9,True,kaggle_shopping
164039,Belt,Fossil,Accessories,55.0,18.70957089476877,44.709736007877176,1,44.709736007877176,Spring,2024,5,True,kaggle_shopping
164140,Shorts,Gap,Men's Fashion,95.0,27.88241935691788,68.51170161092801,1,68.51170161092801,Winter,2024,1,True,kaggle_shopping
164241,Handbag,Coach,Accessories,77.0,23.374356022938194,59.00174586233759,1,59.00174586233759,Winter,2024,1,True,kaggle_shopping
164342,Blouse,H&M,Men's Fashion,44.0,20.192421589408262,35.11533450066037,1,35.11533450066037,Winter,2024,1,True,kaggle_shopping
164443,Jeans,Uniqlo,Men's Fashion,89.0,26.22660836032266,65.65831855931283,1,65.65831855931283,Fall,2024,9,True,kaggle_shopping
164544,Jewelry,Kate Spade,Accessories,24.0,28.913466704068433,17.060767991023575,1,17.060767991023575,Spring,2024,5,True,kaggle_shopping
164645,Belt,Kate Spade,Accessories,43.0,28.126143427786943,30.905758326051615,1,30.905758326051615,Winter,2024,1,True,kaggle_shopping
164746,Sneakers,New Balance,Footwear,51.0,18.662764037271646,41.48199034099146,1,41.48199034099146,Summer,2024,6,True,kaggle_shopping
164847,Hat,Coach,Accessories,46.0,28.7353990413009,32.781716441001585,1,32.781716441001585,Summer,2024,6,True,kaggle_shopping
164948,Dress,Forever 21,Men's Fashion,32.0,16.740576952656163,26.64301537515003,1,26.64301537515003,Summer,2024,6,True,kaggle_shopping
165049,Sneakers,Puma,Footwear,55.0,20.103500400127093,43.9430747799301,1,43.9430747799301,Spring,2024,5,True,kaggle_shopping
165150,Sunglasses,Coach,Accessories,26.0,29.889794788181874,18.228653355072712,1,18.228653355072712,Summer,2024,6,True,kaggle_shopping
165251,Handbag,Michael Kors,Accessories,29.0,28.586274155105492,20.70998049501941,1,20.70998049501941,Summer,2024,6,True,kaggle_shopping
165352,Blouse,Uniqlo,Men's Fashion,49.0,21.18376292031929,38.61995616904355,1,38.61995616904355,Spring,2024,5,True,kaggle_shopping
165453,Blouse,Forever 21,Men's Fashion,45.0,16.692180761936974,37.48851865712837,1,37.48851865712837,Spring,2024,5,True,kaggle_shopping
165554,Shorts,Zara,Men's Fashion,48.0,21.380578713779816,37.73732221738569,1,37.73732221738569,Winter,2024,1,True,kaggle_shopping
165655,Shorts,Uniqlo,Men's Fashion,47.0,15.028069867943223,39.936807162066685,1,39.936807162066685,Winter,2024,1,True,kaggle_shopping
165756,Hoodie,Gap,Men's Fashion,57.0,23.947146065200627,43.35012674283564,1,43.35012674283564,Fall,2024,9,True,kaggle_shopping
165857,Backpack,Michael Kors,Accessories,34.0,24.550810284253384,25.65272450335385,1,25.65272450335385,Fall,2024,9,True,kaggle_shopping
165958,Sunglasses,Michael Kors,Accessories,75.0,28.908487025338083,53.318634730996436,1,53.318634730996436,Fall,2024,9,True,kaggle_shopping
166059,Scarf,Michael Kors,Accessories,94.0,16.969058887667888,78.04908464559219,1,78.04908464559219,Fall,2024,9,True,kaggle_shopping
166160,Hat,Michael Kors,Accessories,84.0,19.2084111108075,67.8649346669217,1,67.8649346669217,Winter,2024,1,True,kaggle_shopping
166261,Scarf,Fossil,Accessories,38.0,17.895080461638912,31.199869424577212,1,31.199869424577212,Summer,2024,6,True,kaggle_shopping
166362,Scarf,Coach,Accessories,75.0,15.123267398643648,63.65754945101727,1,63.65754945101727,Winter,2024,1,True,kaggle_shopping
166463,Pants,Forever 21,Men's Fashion,44.0,27.190444490848293,32.03620442402676,1,32.03620442402676,Fall,2024,9,True,kaggle_shopping
166564,Backpack,Kate Spade,Accessories,33.0,21.77282175028921,25.814968822404563,1,25.814968822404563,Summer,2024,6,True,kaggle_shopping
166665,Sunglasses,Kate Spade,Accessories,93.0,25.385944905719963,69.39107123768042,1,69.39107123768042,Fall,2024,9,True,kaggle_shopping
166766,Sneakers,Puma,Footwear,99.0,17.628404859261586,81.54787918933103,1,81.54787918933103,Winter,2024,1,True,kaggle_shopping
166867,Backpack,Coach,Accessories,33.0,15.372368251668952,27.927118476949246,1,27.927118476949246,Spring,2024,5,True,kaggle_shopping
166968,Sneakers,Puma,Footwear,76.0,24.016170822525417,57.74771017488068,1,57.74771017488068,Spring,2024,5,True,kaggle_shopping
167069,Skirt,Forever 21,Men's Fashion,63.0,17.2802692940057,52.11343034477641,1,52.11343034477641,Summer,2024,6,True,kaggle_shopping
167170,Pants,H&M,Men's Fashion,41.0,16.5453232568891,34.216417464675466,1,34.216417464675466,Winter,2024,1,True,kaggle_shopping
167271,Jewelry,Kate Spade,Accessories,88.0,21.341131112005773,69.21980462143492,1,69.21980462143492,Winter,2024,1,True,kaggle_shopping
167372,Skirt,H&M,Men's Fashion,92.0,21.62300082342953,72.10683924244483,1,72.10683924244483,Summer,2024,6,True,kaggle_shopping
167473,T-shirt,Gap,Men's Fashion,31.0,22.370107680675837,24.065266618990492,1,24.065266618990492,Summer,2024,6,True,kaggle_shopping
167574,Skirt,H&M,Men's Fashion,25.0,24.20896769597602,18.947758076005993,1,18.947758076005993,Spring,2024,5,True,kaggle_shopping
167675,Shirt,Gap,Men's Fashion,28.0,20.8664017848469,22.15740750024287,1,22.15740750024287,Spring,2024,5,True,kaggle_shopping
167776,Dress,H&M,Men's Fashion,75.0,24.420591139230012,56.684556645577494,1,56.684556645577494,Spring,2024,5,True,kaggle_shopping
167877,Boots,Puma,Footwear,34.0,26.101225540136063,25.125583316353737,1,25.125583316353737,Spring,2024,5,True,kaggle_shopping
167978,Pants,H&M,Men's Fashion,97.0,16.0008569968178,81.47916871308674,1,81.47916871308674,Winter,2024,1,True,kaggle_shopping
168079,Jacket,Columbia,Women's Fashion,80.0,27.328614077686893,58.13710873785048,1,58.13710873785048,Summer,2024,6,True,kaggle_shopping
168180,Sneakers,Adidas,Footwear,71.0,29.232467459434304,50.24494810380164,1,50.24494810380164,Summer,2024,6,True,kaggle_shopping
168281,Jewelry,Kate Spade,Accessories,77.0,26.687539973121936,56.450594220696104,1,56.450594220696104,Fall,2024,9,True,kaggle_shopping
168382,Belt,Coach,Accessories,41.0,22.629860687741516,31.72175711802598,1,31.72175711802598,Spring,2024,5,True,kaggle_shopping
168483,Scarf,Fossil,Accessories,92.0,17.501969716822092,75.89818786052368,1,75.89818786052368,Summer,2024,6,True,kaggle_shopping
168584,Blouse,Gap,Men's Fashion,95.0,21.891711079830998,74.20287447416055,1,74.20287447416055,Spring,2024,5,True,kaggle_shopping
168685,Sweater,Gap,Men's Fashion,25.0,29.2420400156247,17.689489996093826,1,17.689489996093826,Fall,2024,9,True,kaggle_shopping
168786,Boots,New Balance,Footwear,77.0,16.144917087113512,64.5684138429226,1,64.5684138429226,Fall,2024,9,True,kaggle_shopping
168887,Socks,Zara,Men's Fashion,99.0,24.683232164818516,74.56360015682966,1,74.56360015682966,Summer,2024,6,True,kaggle_shopping
168988,Belt,Michael Kors,Accessories,24.0,27.20111171211059,17.471733189093456,1,17.471733189093456,Winter,2024,1,True,kaggle_shopping
169089,Sneakers,Nike,Footwear,72.0,28.380892203057243,51.56575761379879,1,51.56575761379879,Summer,2024,6,True,kaggle_shopping
169190,Jeans,Gap,Men's Fashion,80.0,15.610401650849631,67.51167867932028,1,67.51167867932028,Winter,2024,1,True,kaggle_shopping
169291,Skirt,Gap,Men's Fashion,100.0,25.914835755406823,74.08516424459317,1,74.08516424459317,Winter,2024,1,True,kaggle_shopping
169392,Shoes,Puma,Footwear,83.0,17.69468448027816,68.31341188136913,1,68.31341188136913,Summer,2024,6,True,kaggle_shopping
169493,Dress,Uniqlo,Men's Fashion,95.0,16.0607581705668,79.74227973796154,1,79.74227973796154,Spring,2024,5,True,kaggle_shopping
169594,Handbag,Coach,Accessories,41.0,22.865288843990843,31.625231573963756,1,31.625231573963756,Summer,2024,6,True,kaggle_shopping
169695,Backpack,Michael Kors,Accessories,35.0,29.01541180139193,24.844605869512822,1,24.844605869512822,Spring,2024,5,True,kaggle_shopping
169796,Jewelry,Kate Spade,Accessories,30.0,27.719834382174916,21.684049685347524,1,21.684049685347524,Fall,2024,9,True,kaggle_shopping
169897,Hat,Coach,Accessories,21.0,16.63837998976269,17.505940202149837,1,17.505940202149837,Winter,2024,1,True,kaggle_shopping
169998,Jewelry,Fossil,Accessories,85.0,18.848889502155316,68.97844392316797,1,68.97844392316797,Fall,2024,9,True,kaggle_shopping
170099,Shirt,Uniqlo,Men's Fashion,54.0,26.40785106828914,39.73976042312387,1,39.73976042312387,Winter,2024,1,True,kaggle_shopping
170100,Boots,Adidas,Footwear,26.0,28.447268630627146,18.603710156036943,1,18.603710156036943,Spring,2024,5,True,kaggle_shopping
170201,Shirt,Forever 21,Men's Fashion,59.0,16.86472321113482,49.04981330543046,1,49.04981330543046,Spring,2024,5,True,kaggle_shopping
170302,Sunglasses,Kate Spade,Accessories,48.0,23.653398801930905,36.64636857507317,1,36.64636857507317,Winter,2024,1,True,kaggle_shopping
170403,Shorts,Forever 21,Men's Fashion,98.0,21.942357859876882,76.49648929732065,1,76.49648929732065,Summer,2024,6,True,kaggle_shopping
170504,Sweater,Zara,Men's Fashion,92.0,29.507030905653146,64.8535315667991,1,64.8535315667991,Summer,2024,6,True,kaggle_shopping
170605,Belt,Fossil,Accessories,46.0,21.494358927991453,36.112594893123934,1,36.112594893123934,Winter,2024,1,True,kaggle_shopping
170706,T-shirt,Gap,Men's Fashion,21.0,21.770461115871722,16.42820316566694,1,16.42820316566694,Spring,2024,5,True,kaggle_shopping
170807,Shorts,Forever 21,Men's Fashion,72.0,18.20293629396643,58.89388586834417,1,58.89388586834417,Fall,2024,9,True,kaggle_shopping
170908,Sandals,Converse,Footwear,58.0,29.069192080837166,41.13986859311445,1,41.13986859311445,Fall,2024,9,True,kaggle_shopping
171009,Shirt,Gap,Men's Fashion,93.0,29.310303455832134,65.74141778607611,1,65.74141778607611,Fall,2024,9,True,kaggle_shopping
171110,Socks,Uniqlo,Men's Fashion,31.0,15.966368818005437,26.050425666418313,1,26.050425666418313,Spring,2024,5,True,kaggle_shopping
171211,Pants,Uniqlo,Men's Fashion,26.0,19.842384010980673,20.840980157145026,1,20.840980157145026,Winter,2024,1,True,kaggle_shopping
171312,Skirt,Forever 21,Men's Fashion,68.0,18.292675339733876,55.56098076898096,1,55.56098076898096,Summer,2024,6,True,kaggle_shopping
171413,Jewelry,Michael Kors,Accessories,31.0,28.756717602843906,22.08541754311839,1,22.08541754311839,Summer,2024,6,True,kaggle_shopping
171514,T-shirt,Forever 21,Men's Fashion,41.0,23.98221506339271,31.167291824008988,1,31.167291824008988,Summer,2024,6,True,kaggle_shopping
171615,Jewelry,Fossil,Accessories,62.0,18.611526419752465,50.46085361975347,1,50.46085361975347,Fall,2024,9,True,kaggle_shopping
171716,Hat,Michael Kors,Accessories,41.0,28.434749575738127,29.34175267394737,1,29.34175267394737,Spring,2024,5,True,kaggle_shopping
171817,Blouse,Uniqlo,Men's Fashion,64.0,18.998727787250097,51.84081421615994,1,51.84081421615994,Winter,2024,1,True,kaggle_shopping
171918,Sandals,New Balance,Footwear,72.0,17.93669866042153,59.0855769644965,1,59.0855769644965,Summer,2024,6,True,kaggle_shopping
172019,Handbag,Michael Kors,Accessories,78.0,25.157028664672467,58.37751764155548,1,58.37751764155548,Winter,2024,1,True,kaggle_shopping
172120,Hat,Kate Spade,Accessories,47.0,22.12134159693703,36.6029694494396,1,36.6029694494396,Winter,2024,1,True,kaggle_shopping
172221,Scarf,Coach,Accessories,46.0,20.176889821640934,36.71863068204517,1,36.71863068204517,Summer,2024,6,True,kaggle_shopping
172322,Shorts,Uniqlo,Men's Fashion,43.0,22.62546668052749,33.27104932737318,1,33.27104932737318,Winter,2024,1,True,kaggle_shopping
172423,Backpack,Coach,Accessories,58.0,23.41880133819614,44.41709522384624,1,44.41709522384624,Summer,2024,6,True,kaggle_shopping
172524,Sweater,Gap,Men's Fashion,32.0,24.457109350396628,24.17372500787308,1,24.17372500787308,Winter,2024,1,True,kaggle_shopping
172625,Skirt,Uniqlo,Men's Fashion,45.0,15.202249121805997,38.1589878951873,1,38.1589878951873,Winter,2024,1,True,kaggle_shopping
172726,Sneakers,Nike,Footwear,35.0,22.428787901570654,27.14992423445027,1,27.14992423445027,Summer,2024,6,True,kaggle_shopping
172827,Sunglasses,Fossil,Accessories,21.0,26.877707548414186,15.35568141483302,1,15.35568141483302,Winter,2024,1,True,kaggle_shopping
172928,Dress,Gap,Men's Fashion,64.0,25.061165530627747,47.96085406039824,1,47.96085406039824,Winter,2024,1,True,kaggle_shopping
173029,Blouse,Gap,Men's Fashion,88.0,25.56737597158151,65.50070914500827,1,65.50070914500827,Spring,2024,5,True,kaggle_shopping
173130,Shoes,Nike,Footwear,48.0,26.48733749712068,35.286078001382066,1,35.286078001382066,Summer,2024,6,True,kaggle_shopping
173231,Sweater,Zara,Men's Fashion,36.0,20.05064353706441,28.781768326656813,1,28.781768326656813,Summer,2024,6,True,kaggle_shopping
173332,Gloves,Michael Kors,Accessories,28.0,19.02469181370809,22.673086292161734,1,22.673086292161734,Summer,2024,6,True,kaggle_shopping
173433,Socks,Gap,Men's Fashion,80.0,27.037314990390357,58.37014800768772,1,58.37014800768772,Spring,2024,5,True,kaggle_shopping
173534,Coat,North Face,Women's Fashion,23.0,21.795345347995443,17.98707056996105,1,17.98707056996105,Summer,2024,6,True,kaggle_shopping
173635,Sunglasses,Fossil,Accessories,24.0,22.71839924065916,18.547584182241803,1,18.547584182241803,Summer,2024,6,True,kaggle_shopping
173736,Boots,Adidas,Footwear,22.0,21.689901484026407,17.22822167351419,1,17.22822167351419,Fall,2024,9,True,kaggle_shopping
173837,Dress,Uniqlo,Men's Fashion,21.0,21.473153214299998,16.490637824997,1,16.490637824997,Spring,2024,5,True,kaggle_shopping
173938,Jacket,North Face,Women's Fashion,51.0,24.907888932917274,38.29697664421219,1,38.29697664421219,Spring,2024,5,True,kaggle_shopping
174039,Gloves,Fossil,Accessories,65.0,29.249082974841315,45.98809606635314,1,45.98809606635314,Summer,2024,6,True,kaggle_shopping
174140,Scarf,Michael Kors,Accessories,51.0,23.956688765889538,38.782088729396335,1,38.782088729396335,Spring,2024,5,True,kaggle_shopping
174241,Hoodie,Forever 21,Men's Fashion,32.0,29.948814435418562,22.416379380666058,1,22.416379380666058,Summer,2024,6,True,kaggle_shopping
174342,Coat,Patagonia,Women's Fashion,70.0,19.355612053059133,56.45107156285861,1,56.45107156285861,Spring,2024,5,True,kaggle_shopping
174443,Scarf,Michael Kors,Accessories,77.0,25.714704919894036,57.19967721168159,1,57.19967721168159,Summer,2024,6,True,kaggle_shopping
174544,Coat,Canada Goose,Women's Fashion,90.0,28.8979314823274,63.99186166590534,1,63.99186166590534,Summer,2024,6,True,kaggle_shopping
174645,Scarf,Kate Spade,Accessories,36.0,25.509901047438078,26.81643562292229,1,26.81643562292229,Summer,2024,6,True,kaggle_shopping
174746,Handbag,Kate Spade,Accessories,77.0,28.277911512940708,55.22600813503566,1,55.22600813503566,Summer,2024,6,True,kaggle_shopping
174847,Boots,Nike,Footwear,78.0,29.190751570325396,55.23121377514619,1,55.23121377514619,Summer,2024,6,True,kaggle_shopping
174948,Pants,H&M,Men's Fashion,69.0,17.72604396426194,56.769029664659264,1,56.769029664659264,Summer,2024,6,True,kaggle_shopping
175049,T-shirt,Zara,Men's Fashion,63.0,19.014877144464723,51.02062739898722,1,51.02062739898722,Summer,2024,6,True,kaggle_shopping
175150,Scarf,Michael Kors,Accessories,36.0,19.52166073679588,28.972202134753484,1,28.972202134753484,Winter,2024,1,True,kaggle_shopping
175251,Coat,Patagonia,Women's Fashion,80.0,15.165199136048393,67.86784069116129,1,67.86784069116129,Winter,2024,1,True,kaggle_shopping
175352,Sweater,Gap,Men's Fashion,35.0,27.795170134707707,25.2716904528523,1,25.2716904528523,Summer,2024,6,True,kaggle_shopping
175453,Belt,Fossil,Accessories,93.0,28.969362724399105,66.05849266630884,1,66.05849266630884,Winter,2024,1,True,kaggle_shopping
175554,Belt,Kate Spade,Accessories,25.0,20.6527167756555,19.836820806086124,1,19.836820806086124,Spring,2024,5,True,kaggle_shopping
175655,Sweater,H&M,Men's Fashion,81.0,16.852526651129654,67.34945341258498,1,67.34945341258498,Spring,2024,5,True,kaggle_shopping
175756,Blouse,Uniqlo,Men's Fashion,42.0,19.701731567159484,33.72527274179301,1,33.72527274179301,Spring,2024,5,True,kaggle_shopping
175857,Skirt,H&M,Men's Fashion,36.0,27.044872013145845,26.263846075267494,1,26.263846075267494,Spring,2024,5,True,kaggle_shopping
175958,Jewelry,Coach,Accessories,66.0,15.06828230971174,56.05493367559025,1,56.05493367559025,Spring,2024,5,True,kaggle_shopping
176059,Gloves,Coach,Accessories,37.0,28.781264916659527,26.350931980835973,1,26.350931980835973,Fall,2024,9,True,kaggle_shopping
176160,T-shirt,H&M,Men's Fashion,45.0,28.532841566987525,32.16022129485562,1,32.16022129485562,Winter,2024,1,True,kaggle_shopping
176261,Gloves,Kate Spade,Accessories,86.0,25.720583054160187,63.880298573422245,1,63.880298573422245,Summer,2024,6,True,kaggle_shopping
176362,Sunglasses,Coach,Accessories,24.0,16.950283592445377,19.931931937813108,1,19.931931937813108,Winter,2024,1,True,kaggle_shopping
176463,Shirt,H&M,Men's Fashion,22.0,17.311876955238784,18.19138706984747,1,18.19138706984747,Summer,2024,6,True,kaggle_shopping
176564,Handbag,Kate Spade,Accessories,53.0,27.64371481790137,38.34883114651227,1,38.34883114651227,Spring,2024,5,True,kaggle_shopping
176665,Jacket,Patagonia,Women's Fashion,41.0,23.142966481636268,31.511383742529127,1,31.511383742529127,Fall,2024,9,True,kaggle_shopping
176766,Skirt,Gap,Men's Fashion,64.0,23.581205834079334,48.90802826618923,1,48.90802826618923,Summer,2024,6,True,kaggle_shopping
176867,Handbag,Kate Spade,Accessories,40.0,27.146477610631116,29.141408955747554,1,29.141408955747554,Winter,2024,1,True,kaggle_shopping
176968,Blouse,Uniqlo,Men's Fashion,33.0,15.532086145052237,27.87441157213276,1,27.87441157213276,Summer,2024,6,True,kaggle_shopping
177069,T-shirt,H&M,Men's Fashion,59.0,21.74475013402217,46.17059742092692,1,46.17059742092692,Winter,2024,1,True,kaggle_shopping
177170,Pants,Gap,Men's Fashion,73.0,22.224192472577396,56.7763394950185,1,56.7763394950185,Fall,2024,9,True,kaggle_shopping
177271,Hoodie,Forever 21,Men's Fashion,22.0,23.675581670430347,16.791372032505326,1,16.791372032505326,Winter,2024,1,True,kaggle_shopping
177372,Boots,Converse,Footwear,73.0,27.618306589186115,52.83863618989414,1,52.83863618989414,Fall,2024,9,True,kaggle_shopping
177473,Blouse,Gap,Men's Fashion,62.0,18.719068182452197,50.39417772687964,1,50.39417772687964,Fall,2024,9,True,kaggle_shopping
177574,Coat,North Face,Women's Fashion,56.0,27.91776494255194,40.366051632170915,1,40.366051632170915,Winter,2024,1,True,kaggle_shopping
177675,Pants,Zara,Men's Fashion,90.0,23.473078374038227,68.8742294633656,1,68.8742294633656,Spring,2024,5,True,kaggle_shopping
177776,Sunglasses,Kate Spade,Accessories,44.0,22.13936868566924,34.25867777830554,1,34.25867777830554,Winter,2024,1,True,kaggle_shopping
177877,Jeans,Zara,Men's Fashion,35.0,0.0,35.0,1,35.0,Summer,2024,6,False,kaggle_shopping
177978,Pants,Forever 21,Men's Fashion,71.0,0.0,71.0,1,71.0,Summer,2024,6,False,kaggle_shopping
178079,Dress,H&M,Men's Fashion,52.0,0.0,52.0,1,52.0,Fall,2024,9,False,kaggle_shopping
178180,Shoes,Puma,Footwear,37.0,0.0,37.0,1,37.0,Summer,2024,6,False,kaggle_shopping
178281,Sneakers,Nike,Footwear,95.0,0.0,95.0,1,95.0,Winter,2024,1,False,kaggle_shopping
178382,Socks,Forever 21,Men's Fashion,97.0,0.0,97.0,1,97.0,Fall,2024,9,False,kaggle_shopping
178483,Coat,Patagonia,Women's Fashion,57.0,0.0,57.0,1,57.0,Spring,2024,5,False,kaggle_shopping
178584,Shirt,Uniqlo,Men's Fashion,93.0,0.0,93.0,1,93.0,Spring,2024,5,False,kaggle_shopping
178685,Blouse,Zara,Men's Fashion,48.0,0.0,48.0,1,48.0,Winter,2024,1,False,kaggle_shopping
178786,Gloves,Fossil,Accessories,75.0,0.0,75.0,1,75.0,Fall,2024,9,False,kaggle_shopping
178887,Skirt,Forever 21,Men's Fashion,70.0,0.0,70.0,1,70.0,Winter,2024,1,False,kaggle_shopping
178988,Handbag,Kate Spade,Accessories,26.0,0.0,26.0,1,26.0,Winter,2024,1,False,kaggle_shopping
179089,Shirt,Gap,Men's Fashion,73.0,0.0,73.0,1,73.0,Winter,2024,1,False,kaggle_shopping
179190,Coat,Canada Goose,Women's Fashion,30.0,0.0,30.0,1,30.0,Summer,2024,6,False,kaggle_shopping
179291,Shoes,Nike,Footwear,61.0,0.0,61.0,1,61.0,Summer,2024,6,False,kaggle_shopping
179392,Handbag,Coach,Accessories,75.0,0.0,75.0,1,75.0,Winter,2024,1,False,kaggle_shopping
179493,Jacket,Canada Goose,Women's Fashion,88.0,0.0,88.0,1,88.0,Fall,2024,9,False,kaggle_shopping
179594,Shirt,H&M,Men's Fashion,67.0,0.0,67.0,1,67.0,Summer,2024,6,False,kaggle_shopping
179695,Hat,Michael Kors,Accessories,95.0,0.0,95.0,1,95.0,Fall,2024,9,False,kaggle_shopping
179796,Sunglasses,Michael Kors,Accessories,69.0,0.0,69.0,1,69.0,Spring,2024,5,False,kaggle_shopping
179897,Shirt,Forever 21,Men's Fashion,87.0,0.0,87.0,1,87.0,Fall,2024,9,False,kaggle_shopping
179998,Belt,Coach,Accessories,41.0,0.0,41.0,1,41.0,Winter,2024,1,False,kaggle_shopping
180099,Sweater,Forever 21,Men's Fashion,67.0,0.0,67.0,1,67.0,Spring,2024,5,False,kaggle_shopping
180100,Hoodie,H&M,Men's Fashion,70.0,0.0,70.0,1,70.0,Fall,2024,9,False,kaggle_shopping
180201,Handbag,Kate Spade,Accessories,41.0,0.0,41.0,1,41.0,Winter,2024,1,False,kaggle_shopping
180302,Jeans,Forever 21,Men's Fashion,83.0,0.0,83.0,1,83.0,Summer,2024,6,False,kaggle_shopping
180403,Backpack,Fossil,Accessories,22.0,0.0,22.0,1,22.0,Spring,2024,5,False,kaggle_shopping
180504,Sneakers,Puma,Footwear,20.0,0.0,20.0,1,20.0,Summer,2024,6,False,kaggle_shopping
180605,Jewelry,Fossil,Accessories,29.0,0.0,29.0,1,29.0,Summer,2024,6,False,kaggle_shopping
180706,Sunglasses,Michael Kors,Accessories,87.0,0.0,87.0,1,87.0,Spring,2024,5,False,kaggle_shopping
180807,Shorts,Zara,Men's Fashion,81.0,0.0,81.0,1,81.0,Fall,2024,9,False,kaggle_shopping
180908,Boots,Puma,Footwear,58.0,0.0,58.0,1,58.0,Spring,2024,5,False,kaggle_shopping
181009,Skirt,H&M,Men's Fashion,83.0,0.0,83.0,1,83.0,Winter,2024,1,False,kaggle_shopping
181110,Pants,Uniqlo,Men's Fashion,59.0,0.0,59.0,1,59.0,Fall,2024,9,False,kaggle_shopping
181211,T-shirt,Uniqlo,Men's Fashion,93.0,0.0,93.0,1,93.0,Spring,2024,5,False,kaggle_shopping
181312,T-shirt,Forever 21,Men's Fashion,87.0,0.0,87.0,1,87.0,Fall,2024,9,False,kaggle_shopping
181413,Jacket,Patagonia,Women's Fashion,22.0,0.0,22.0,1,22.0,Winter,2024,1,False,kaggle_shopping
181514,Jeans,Uniqlo,Men's Fashion,71.0,0.0,71.0,1,71.0,Summer,2024,6,False,kaggle_shopping
181615,Dress,H&M,Men's Fashion,69.0,0.0,69.0,1,69.0,Spring,2024,5,False,kaggle_shopping
181716,Blouse,H&M,Men's Fashion,47.0,0.0,47.0,1,47.0,Winter,2024,1,False,kaggle_shopping
181817,Hoodie,Uniqlo,Men's Fashion,50.0,0.0,50.0,1,50.0,Summer,2024,6,False,kaggle_shopping
181918,T-shirt,Uniqlo,Men's Fashion,96.0,0.0,96.0,1,96.0,Winter,2024,1,False,kaggle_shopping
182019,Sweater,Gap,Men's Fashion,39.0,0.0,39.0,1,39.0,Winter,2024,1,False,kaggle_shopping
182120,Shorts,Zara,Men's Fashion,84.0,0.0,84.0,1,84.0,Winter,2024,1,False,kaggle_shopping
182221,Jewelry,Coach,Accessories,28.0,0.0,28.0,1,28.0,Spring,2024,5,False,kaggle_shopping
182322,T-shirt,Zara,Men's Fashion,51.0,0.0,51.0,1,51.0,Summer,2024,6,False,kaggle_shopping
182423,Scarf,Coach,Accessories,20.0,0.0,20.0,1,20.0,Spring,2024,5,False,kaggle_shopping
182524,Shoes,Puma,Footwear,72.0,0.0,72.0,1,72.0,Winter,2024,1,False,kaggle_shopping
182625,Sunglasses,Kate Spade,Accessories,33.0,0.0,33.0,1,33.0,Spring,2024,5,False,kaggle_shopping
182726,Coat,Patagonia,Women's Fashion,28.0,0.0,28.0,1,28.0,Summer,2024,6,False,kaggle_shopping
182827,Blouse,Gap,Men's Fashion,53.0,0.0,53.0,1,53.0,Spring,2024,5,False,kaggle_shopping
182928,Jeans,Gap,Men's Fashion,48.0,0.0,48.0,1,48.0,Fall,2024,9,False,kaggle_shopping
183029,Shorts,Forever 21,Men's Fashion,21.0,0.0,21.0,1,21.0,Winter,2024,1,False,kaggle_shopping
183130,Shirt,H&M,Men's Fashion,22.0,0.0,22.0,1,22.0,Fall,2024,9,False,kaggle_shopping
183231,Backpack,Coach,Accessories,87.0,0.0,87.0,1,87.0,Fall,2024,9,False,kaggle_shopping
183332,Belt,Michael Kors,Accessories,50.0,0.0,50.0,1,50.0,Winter,2024,1,False,kaggle_shopping
183433,Blouse,Zara,Men's Fashion,85.0,0.0,85.0,1,85.0,Summer,2024,6,False,kaggle_shopping
183534,Jeans,H&M,Men's Fashion,98.0,0.0,98.0,1,98.0,Spring,2024,5,False,kaggle_shopping
183635,Dress,Uniqlo,Men's Fashion,34.0,0.0,34.0,1,34.0,Winter,2024,1,False,kaggle_shopping
183736,Shorts,Zara,Men's Fashion,61.0,0.0,61.0,1,61.0,Summer,2024,6,False,kaggle_shopping
183837,Jewelry,Kate Spade,Accessories,98.0,0.0,98.0,1,98.0,Summer,2024,6,False,kaggle_shopping
183938,Handbag,Kate Spade,Accessories,61.0,0.0,61.0,1,61.0,Spring,2024,5,False,kaggle_shopping
184039,Jewelry,Kate Spade,Accessories,98.0,0.0,98.0,1,98.0,Winter,2024,1,False,kaggle_shopping
184140,Pants,Forever 21,Men's Fashion,21.0,0.0,21.0,1,21.0,Fall,2024,9,False,kaggle_shopping
184241,Pants,Gap,Men's Fashion,51.0,0.0,51.0,1,51.0,Winter,2024,1,False,kaggle_shopping
184342,Sandals,Converse,Footwear,80.0,0.0,80.0,1,80.0,Spring,2024,5,False,kaggle_shopping
184443,Skirt,Forever 21,Men's Fashion,72.0,0.0,72.0,1,72.0,Winter,2024,1,False,kaggle_shopping
184544,Sunglasses,Kate Spade,Accessories,63.0,0.0,63.0,1,63.0,Winter,2024,1,False,kaggle_shopping
184645,Skirt,Zara,Men's Fashion,27.0,0.0,27.0,1,27.0,Winter,2024,1,False,kaggle_shopping
184746,Handbag,Kate Spade,Accessories,44.0,0.0,44.0,1,44.0,Summer,2024,6,False,kaggle_shopping
184847,Coat,North Face,Women's Fashion,23.0,0.0,23.0,1,23.0,Winter,2024,1,False,kaggle_shopping
184948,Skirt,Uniqlo,Men's Fashion,93.0,0.0,93.0,1,93.0,Winter,2024,1,False,kaggle_shopping
185049,Hoodie,Uniqlo,Men's Fashion,70.0,0.0,70.0,1,70.0,Fall,2024,9,False,kaggle_shopping
185150,Sunglasses,Michael Kors,Accessories,85.0,0.0,85.0,1,85.0,Fall,2024,9,False,kaggle_shopping
185251,Sweater,Zara,Men's Fashion,40.0,0.0,40.0,1,40.0,Winter,2024,1,False,kaggle_shopping
185352,Boots,Nike,Footwear,29.0,0.0,29.0,1,29.0,Winter,2024,1,False,kaggle_shopping
185453,Skirt,Gap,Men's Fashion,27.0,0.0,27.0,1,27.0,Fall,2024,9,False,kaggle_shopping
185554,Dress,Uniqlo,Men's Fashion,93.0,0.0,93.0,1,93.0,Fall,2024,9,False,kaggle_shopping
185655,Belt,Coach,Accessories,20.0,0.0,20.0,1,20.0,Spring,2024,5,False,kaggle_shopping
185756,Jewelry,Michael Kors,Accessories,55.0,0.0,55.0,1,55.0,Fall,2024,9,False,kaggle_shopping
185857,Dress,Zara,Men's Fashion,94.0,0.0,94.0,1,94.0,Fall,2024,9,False,kaggle_shopping
185958,Hat,Fossil,Accessories,56.0,0.0,56.0,1,56.0,Winter,2024,1,False,kaggle_shopping
186059,Sweater,Forever 21,Men's Fashion,58.0,0.0,58.0,1,58.0,Spring,2024,5,False,kaggle_shopping
186160,Skirt,Zara,Men's Fashion,44.0,0.0,44.0,1,44.0,Spring,2024,5,False,kaggle_shopping
186261,Hoodie,Zara,Men's Fashion,95.0,0.0,95.0,1,95.0,Fall,2024,9,False,kaggle_shopping
186362,Sandals,Adidas,Footwear,42.0,0.0,42.0,1,42.0,Summer,2024,6,False,kaggle_shopping
186463,Jewelry,Fossil,Accessories,93.0,0.0,93.0,1,93.0,Winter,2024,1,False,kaggle_shopping
186564,Dress,Uniqlo,Men's Fashion,56.0,0.0,56.0,1,56.0,Summer,2024,6,False,kaggle_shopping
186665,Hoodie,Gap,Men's Fashion,88.0,0.0,88.0,1,88.0,Spring,2024,5,False,kaggle_shopping
186766,Sweater,Uniqlo,Men's Fashion,54.0,0.0,54.0,1,54.0,Winter,2024,1,False,kaggle_shopping
186867,Jewelry,Fossil,Accessories,89.0,0.0,89.0,1,89.0,Fall,2024,9,False,kaggle_shopping
186968,Sandals,Adidas,Footwear,45.0,0.0,45.0,1,45.0,Summer,2024,6,False,kaggle_shopping
187069,Socks,H&M,Men's Fashion,75.0,0.0,75.0,1,75.0,Winter,2024,1,False,kaggle_shopping
187170,Backpack,Fossil,Accessories,22.0,0.0,22.0,1,22.0,Fall,2024,9,False,kaggle_shopping
187271,Shirt,H&M,Men's Fashion,82.0,0.0,82.0,1,82.0,Fall,2024,9,False,kaggle_shopping
187372,Shoes,New Balance,Footwear,34.0,0.0,34.0,1,34.0,Summer,2024,6,False,kaggle_shopping
187473,Coat,Columbia,Women's Fashion,92.0,0.0,92.0,1,92.0,Summer,2024,6,False,kaggle_shopping
187574,Sweater,H&M,Men's Fashion,78.0,0.0,78.0,1,78.0,Spring,2024,5,False,kaggle_shopping
187675,Jacket,Columbia,Women's Fashion,47.0,0.0,47.0,1,47.0,Spring,2024,5,False,kaggle_shopping
187776,Jacket,Columbia,Women's Fashion,64.0,0.0,64.0,1,64.0,Summer,2024,6,False,kaggle_shopping
187877,Sneakers,Converse,Footwear,44.0,0.0,44.0,1,44.0,Winter,2024,1,False,kaggle_shopping
187978,Belt,Fossil,Accessories,94.0,0.0,94.0,1,94.0,Winter,2024,1,False,kaggle_shopping
188079,Scarf,Coach,Accessories,62.0,0.0,62.0,1,62.0,Winter,2024,1,False,kaggle_shopping
188180,Jewelry,Kate Spade,Accessories,81.0,0.0,81.0,1,81.0,Summer,2024,6,False,kaggle_shopping
188281,T-shirt,Forever 21,Men's Fashion,33.0,0.0,33.0,1,33.0,Fall,2024,9,False,kaggle_shopping
188382,Pants,Zara,Men's Fashion,88.0,0.0,88.0,1,88.0,Fall,2024,9,False,kaggle_shopping
188483,Handbag,Coach,Accessories,49.0,0.0,49.0,1,49.0,Winter,2024,1,False,kaggle_shopping
188584,Backpack,Kate Spade,Accessories,31.0,0.0,31.0,1,31.0,Summer,2024,6,False,kaggle_shopping
188685,Gloves,Fossil,Accessories,29.0,0.0,29.0,1,29.0,Fall,2024,9,False,kaggle_shopping
188786,Jacket,Columbia,Women's Fashion,34.0,0.0,34.0,1,34.0,Spring,2024,5,False,kaggle_shopping
188887,Sweater,Zara,Men's Fashion,38.0,0.0,38.0,1,38.0,Fall,2024,9,False,kaggle_shopping
188988,Blouse,Zara,Men's Fashion,41.0,0.0,41.0,1,41.0,Summer,2024,6,False,kaggle_shopping
189089,Blouse,Forever 21,Men's Fashion,34.0,0.0,34.0,1,34.0,Spring,2024,5,False,kaggle_shopping
189190,Gloves,Michael Kors,Accessories,26.0,0.0,26.0,1,26.0,Summer,2024,6,False,kaggle_shopping
189291,Jeans,Zara,Men's Fashion,98.0,0.0,98.0,1,98.0,Winter,2024,1,False,kaggle_shopping
189392,Sneakers,Converse,Footwear,59.0,0.0,59.0,1,59.0,Fall,2024,9,False,kaggle_shopping
189493,Hat,Coach,Accessories,92.0,0.0,92.0,1,92.0,Fall,2024,9,False,kaggle_shopping
189594,Backpack,Kate Spade,Accessories,40.0,0.0,40.0,1,40.0,Spring,2024,5,False,kaggle_shopping
189695,Jeans,H&M,Men's Fashion,20.0,0.0,20.0,1,20.0,Fall,2024,9,False,kaggle_shopping
189796,Skirt,Gap,Men's Fashion,35.0,0.0,35.0,1,35.0,Spring,2024,5,False,kaggle_shopping
189897,Belt,Fossil,Accessories,35.0,0.0,35.0,1,35.0,Spring,2024,5,False,kaggle_shopping
189998,Dress,Forever 21,Men's Fashion,82.0,0.0,82.0,1,82.0,Winter,2024,1,False,kaggle_shopping
190099,Hoodie,Zara,Men's Fashion,48.0,0.0,48.0,1,48.0,Fall,2024,9,False,kaggle_shopping
190100,Coat,Columbia,Women's Fashion,58.0,0.0,58.0,1,58.0,Winter,2024,1,False,kaggle_shopping
190201,Sweater,Uniqlo,Men's Fashion,57.0,0.0,57.0,1,57.0,Spring,2024,5,False,kaggle_shopping
190302,Shorts,Forever 21,Men's Fashion,96.0,0.0,96.0,1,96.0,Winter,2024,1,False,kaggle_shopping
190403,Sneakers,Puma,Footwear,97.0,0.0,97.0,1,97.0,Summer,2024,6,False,kaggle_shopping
190504,Sweater,Gap,Men's Fashion,42.0,0.0,42.0,1,42.0,Winter,2024,1,False,kaggle_shopping
190605,T-shirt,H&M,Men's Fashion,62.0,0.0,62.0,1,62.0,Spring,2024,5,False,kaggle_shopping
190706,Handbag,Coach,Accessories,67.0,0.0,67.0,1,67.0,Fall,2024,9,False,kaggle_shopping
190807,Sneakers,Nike,Footwear,46.0,0.0,46.0,1,46.0,Summer,2024,6,False,kaggle_shopping
190908,Jacket,North Face,Women's Fashion,71.0,0.0,71.0,1,71.0,Spring,2024,5,False,kaggle_shopping
191009,Backpack,Coach,Accessories,99.0,0.0,99.0,1,99.0,Fall,2024,9,False,kaggle_shopping
191110,Jeans,Gap,Men's Fashion,28.0,0.0,28.0,1,28.0,Fall,2024,9,False,kaggle_shopping
191211,Belt,Coach,Accessories,77.0,0.0,77.0,1,77.0,Summer,2024,6,False,kaggle_shopping
191312,Boots,Adidas,Footwear,63.0,0.0,63.0,1,63.0,Summer,2024,6,False,kaggle_shopping
191413,Shorts,H&M,Men's Fashion,62.0,0.0,62.0,1,62.0,Spring,2024,5,False,kaggle_shopping
191514,Jeans,H&M,Men's Fashion,92.0,0.0,92.0,1,92.0,Summer,2024,6,False,kaggle_shopping
191615,Shoes,Puma,Footwear,72.0,0.0,72.0,1,72.0,Winter,2024,1,False,kaggle_shopping
191716,Hat,Fossil,Accessories,79.0,0.0,79.0,1,79.0,Summer,2024,6,False,kaggle_shopping
191817,T-shirt,Zara,Men's Fashion,27.0,0.0,27.0,1,27.0,Summer,2024,6,False,kaggle_shopping
191918,Sunglasses,Fossil,Accessories,39.0,0.0,39.0,1,39.0,Fall,2024,9,False,kaggle_shopping
192019,Socks,Uniqlo,Men's Fashion,86.0,0.0,86.0,1,86.0,Spring,2024,5,False,kaggle_shopping
192120,Shirt,H&M,Men's Fashion,94.0,0.0,94.0,1,94.0,Fall,2024,9,False,kaggle_shopping
192221,Shorts,Zara,Men's Fashion,53.0,0.0,53.0,1,53.0,Spring,2024,5,False,kaggle_shopping
192322,Shirt,Forever 21,Men's Fashion,85.0,0.0,85.0,1,85.0,Summer,2024,6,False,kaggle_shopping
192423,Socks,Uniqlo,Men's Fashion,50.0,0.0,50.0,1,50.0,Fall,2024,9,False,kaggle_shopping
192524,Pants,Forever 21,Men's Fashion,47.0,0.0,47.0,1,47.0,Winter,2024,1,False,kaggle_shopping
192625,Boots,Nike,Footwear,75.0,0.0,75.0,1,75.0,Winter,2024,1,False,kaggle_shopping
192726,T-shirt,Gap,Men's Fashion,60.0,0.0,60.0,1,60.0,Winter,2024,1,False,kaggle_shopping
192827,T-shirt,Uniqlo,Men's Fashion,36.0,0.0,36.0,1,36.0,Spring,2024,5,False,kaggle_shopping
192928,Coat,Columbia,Women's Fashion,80.0,0.0,80.0,1,80.0,Spring,2024,5,False,kaggle_shopping
193029,Hat,Kate Spade,Accessories,96.0,0.0,96.0,1,96.0,Spring,2024,5,False,kaggle_shopping
193130,Sunglasses,Michael Kors,Accessories,80.0,0.0,80.0,1,80.0,Winter,2024,1,False,kaggle_shopping
193231,Blouse,Gap,Men's Fashion,71.0,0.0,71.0,1,71.0,Summer,2024,6,False,kaggle_shopping
193332,Jewelry,Fossil,Accessories,29.0,0.0,29.0,1,29.0,Fall,2024,9,False,kaggle_shopping
193433,Jewelry,Kate Spade,Accessories,53.0,0.0,53.0,1,53.0,Spring,2024,5,False,kaggle_shopping
193534,Skirt,Forever 21,Men's Fashion,35.0,0.0,35.0,1,35.0,Summer,2024,6,False,kaggle_shopping
193635,Scarf,Fossil,Accessories,75.0,0.0,75.0,1,75.0,Fall,2024,9,False,kaggle_shopping
193736,Pants,H&M,Men's Fashion,52.0,0.0,52.0,1,52.0,Fall,2024,9,False,kaggle_shopping
193837,Hat,Coach,Accessories,77.0,0.0,77.0,1,77.0,Winter,2024,1,False,kaggle_shopping
193938,Gloves,Kate Spade,Accessories,24.0,0.0,24.0,1,24.0,Fall,2024,9,False,kaggle_shopping
194039,Shirt,Gap,Men's Fashion,78.0,0.0,78.0,1,78.0,Winter,2024,1,False,kaggle_shopping
194140,Sandals,Puma,Footwear,98.0,0.0,98.0,1,98.0,Winter,2024,1,False,kaggle_shopping
194241,Socks,H&M,Men's Fashion,57.0,0.0,57.0,1,57.0,Winter,2024,1,False,kaggle_shopping
194342,Handbag,Coach,Accessories,78.0,0.0,78.0,1,78.0,Summer,2024,6,False,kaggle_shopping
194443,Jacket,Canada Goose,Women's Fashion,76.0,0.0,76.0,1,76.0,Fall,2024,9,False,kaggle_shopping
194544,Shorts,Forever 21,Men's Fashion,26.0,0.0,26.0,1,26.0,Spring,2024,5,False,kaggle_shopping
194645,Sandals,Puma,Footwear,78.0,0.0,78.0,1,78.0,Winter,2024,1,False,kaggle_shopping
194746,Scarf,Kate Spade,Accessories,53.0,0.0,53.0,1,53.0,Summer,2024,6,False,kaggle_shopping
194847,Sandals,Adidas,Footwear,100.0,0.0,100.0,1,100.0,Summer,2024,6,False,kaggle_shopping
194948,Jeans,Zara,Men's Fashion,73.0,0.0,73.0,1,73.0,Winter,2024,1,False,kaggle_shopping
195049,Skirt,H&M,Men's Fashion,40.0,0.0,40.0,1,40.0,Winter,2024,1,False,kaggle_shopping
195150,Gloves,Michael Kors,Accessories,76.0,0.0,76.0,1,76.0,Winter,2024,1,False,kaggle_shopping
195251,Skirt,H&M,Men's Fashion,80.0,0.0,80.0,1,80.0,Fall,2024,9,False,kaggle_shopping
195352,Sweater,H&M,Men's Fashion,80.0,0.0,80.0,1,80.0,Winter,2024,1,False,kaggle_shopping
195453,Blouse,H&M,Men's Fashion,67.0,0.0,67.0,1,67.0,Spring,2024,5,False,kaggle_shopping
195554,Sweater,Gap,Men's Fashion,61.0,0.0,61.0,1,61.0,Spring,2024,5,False,kaggle_shopping
195655,Shirt,H&M,Men's Fashion,76.0,0.0,76.0,1,76.0,Spring,2024,5,False,kaggle_shopping
195756,Jewelry,Coach,Accessories,55.0,0.0,55.0,1,55.0,Summer,2024,6,False,kaggle_shopping
195857,T-shirt,Forever 21,Men's Fashion,85.0,0.0,85.0,1,85.0,Summer,2024,6,False,kaggle_shopping
195958,Scarf,Fossil,Accessories,69.0,0.0,69.0,1,69.0,Spring,2024,5,False,kaggle_shopping
196059,Belt,Michael Kors,Accessories,26.0,0.0,26.0,1,26.0,Summer,2024,6,False,kaggle_shopping
196160,T-shirt,Zara,Men's Fashion,64.0,0.0,64.0,1,64.0,Summer,2024,6,False,kaggle_shopping
196261,Sneakers,New Balance,Footwear,60.0,0.0,60.0,1,60.0,Fall,2024,9,False,kaggle_shopping
196362,Gloves,Michael Kors,Accessories,36.0,0.0,36.0,1,36.0,Winter,2024,1,False,kaggle_shopping
196463,Sandals,Converse,Footwear,21.0,0.0,21.0,1,21.0,Spring,2024,5,False,kaggle_shopping
196564,Backpack,Coach,Accessories,72.0,0.0,72.0,1,72.0,Fall,2024,9,False,kaggle_shopping
196665,Pants,Zara,Men's Fashion,62.0,0.0,62.0,1,62.0,Summer,2024,6,False,kaggle_shopping
196766,T-shirt,Gap,Men's Fashion,44.0,0.0,44.0,1,44.0,Winter,2024,1,False,kaggle_shopping
196867,Skirt,H&M,Men's Fashion,52.0,0.0,52.0,1,52.0,Fall,2024,9,False,kaggle_shopping
196968,Gloves,Michael Kors,Accessories,58.0,0.0,58.0,1,58.0,Spring,2024,5,False,kaggle_shopping
197069,Blouse,Gap,Men's Fashion,77.0,0.0,77.0,1,77.0,Spring,2024,5,False,kaggle_shopping
197170,Blouse,Forever 21,Men's Fashion,99.0,0.0,99.0,1,99.0,Spring,2024,5,False,kaggle_shopping
197271,Jeans,H&M,Men's Fashion,96.0,0.0,96.0,1,96.0,Fall,2024,9,False,kaggle_shopping
197372,T-shirt,Uniqlo,Men's Fashion,64.0,0.0,64.0,1,64.0,Summer,2024,6,False,kaggle_shopping
197473,Sweater,Zara,Men's Fashion,44.0,0.0,44.0,1,44.0,Fall,2024,9,False,kaggle_shopping
197574,Pants,H&M,Men's Fashion,33.0,0.0,33.0,1,33.0,Fall,2024,9,False,kaggle_shopping
197675,Boots,Puma,Footwear,71.0,0.0,71.0,1,71.0,Winter,2024,1,False,kaggle_shopping
197776,Skirt,Forever 21,Men's Fashion,36.0,0.0,36.0,1,36.0,Fall,2024,9,False,kaggle_shopping
197877,Gloves,Kate Spade,Accessories,62.0,0.0,62.0,1,62.0,Fall,2024,9,False,kaggle_shopping
197978,Socks,Gap,Men's Fashion,29.0,0.0,29.0,1,29.0,Summer,2024,6,False,kaggle_shopping
198079,T-shirt,H&M,Men's Fashion,33.0,0.0,33.0,1,33.0,Spring,2024,5,False,kaggle_shopping
198180,Blouse,Uniqlo,Men's Fashion,33.0,0.0,33.0,1,33.0,Fall,2024,9,False,kaggle_shopping
198281,Blouse,Gap,Men's Fashion,41.0,0.0,41.0,1,41.0,Winter,2024,1,False,kaggle_shopping
198382,Scarf,Kate Spade,Accessories,54.0,0.0,54.0,1,54.0,Winter,2024,1,False,kaggle_shopping
198483,Backpack,Fossil,Accessories,58.0,0.0,58.0,1,58.0,Spring,2024,5,False,kaggle_shopping
198584,Shorts,Uniqlo,Men's Fashion,30.0,0.0,30.0,1,30.0,Summer,2024,6,False,kaggle_shopping
198685,Jewelry,Kate Spade,Accessories,53.0,0.0,53.0,1,53.0,Winter,2024,1,False,kaggle_shopping
198786,Gloves,Michael Kors,Accessories,91.0,0.0,91.0,1,91.0,Spring,2024,5,False,kaggle_shopping
198887,Hoodie,Zara,Men's Fashion,44.0,0.0,44.0,1,44.0,Fall,2024,9,False,kaggle_shopping
198988,Hoodie,Uniqlo,Men's Fashion,89.0,0.0,89.0,1,89.0,Winter,2024,1,False,kaggle_shopping
199089,Skirt,Uniqlo,Men's Fashion,57.0,0.0,57.0,1,57.0,Spring,2024,5,False,kaggle_shopping
199190,Sunglasses,Michael Kors,Accessories,57.0,0.0,57.0,1,57.0,Spring,2024,5,False,kaggle_shopping
199291,Jewelry,Michael Kors,Accessories,74.0,0.0,74.0,1,74.0,Summer,2024,6,False,kaggle_shopping
199392,Jacket,Patagonia,Women's Fashion,30.0,0.0,30.0,1,30.0,Fall,2024,9,False,kaggle_shopping
199493,Dress,Zara,Men's Fashion,20.0,0.0,20.0,1,20.0,Summer,2024,6,False,kaggle_shopping
199594,Hoodie,H&M,Men's Fashion,90.0,0.0,90.0,1,90.0,Fall,2024,9,False,kaggle_shopping
199695,Jeans,H&M,Men's Fashion,61.0,0.0,61.0,1,61.0,Fall,2024,9,False,kaggle_shopping
199796,Sandals,Puma,Footwear,51.0,0.0,51.0,1,51.0,Fall,2024,9,False,kaggle_shopping
199897,Sunglasses,Fossil,Accessories,97.0,0.0,97.0,1,97.0,Winter,2024,1,False,kaggle_shopping
199998,Pants,Uniqlo,Men's Fashion,97.0,0.0,97.0,1,97.0,Fall,2024,9,False,kaggle_shopping
200099,Shorts,Gap,Men's Fashion,40.0,0.0,40.0,1,40.0,Winter,2024,1,False,kaggle_shopping
200100,Jewelry,Kate Spade,Accessories,85.0,0.0,85.0,1,85.0,Summer,2024,6,False,kaggle_shopping
200201,Socks,Zara,Men's Fashion,76.0,0.0,76.0,1,76.0,Winter,2024,1,False,kaggle_shopping
200302,Sandals,Adidas,Footwear,22.0,0.0,22.0,1,22.0,Spring,2024,5,False,kaggle_shopping
200403,Pants,Zara,Men's Fashion,63.0,0.0,63.0,1,63.0,Summer,2024,6,False,kaggle_shopping
200504,T-shirt,H&M,Men's Fashion,71.0,0.0,71.0,1,71.0,Spring,2024,5,False,kaggle_shopping
200605,Boots,New Balance,Footwear,35.0,0.0,35.0,1,35.0,Summer,2024,6,False,kaggle_shopping
200706,Backpack,Kate Spade,Accessories,30.0,0.0,30.0,1,30.0,Spring,2024,5,False,kaggle_shopping
200807,Skirt,Uniqlo,Men's Fashion,74.0,0.0,74.0,1,74.0,Fall,2024,9,False,kaggle_shopping
200908,Scarf,Michael Kors,Accessories,71.0,0.0,71.0,1,71.0,Winter,2024,1,False,kaggle_shopping
201009,Sweater,Gap,Men's Fashion,84.0,0.0,84.0,1,84.0,Spring,2024,5,False,kaggle_shopping
201110,Sandals,Nike,Footwear,38.0,0.0,38.0,1,38.0,Fall,2024,9,False,kaggle_shopping
201211,Jewelry,Kate Spade,Accessories,81.0,0.0,81.0,1,81.0,Spring,2024,5,False,kaggle_shopping
201312,Sweater,Forever 21,Men's Fashion,56.0,0.0,56.0,1,56.0,Winter,2024,1,False,kaggle_shopping
201413,Skirt,H&M,Men's Fashion,48.0,0.0,48.0,1,48.0,Winter,2024,1,False,kaggle_shopping
201514,Shorts,Uniqlo,Men's Fashion,97.0,0.0,97.0,1,97.0,Fall,2024,9,False,kaggle_shopping
201615,Backpack,Coach,Accessories,74.0,0.0,74.0,1,74.0,Fall,2024,9,False,kaggle_shopping
201716,Hoodie,Forever 21,Men's Fashion,50.0,0.0,50.0,1,50.0,Winter,2024,1,False,kaggle_shopping
201817,Skirt,Forever 21,Men's Fashion,71.0,0.0,71.0,1,71.0,Winter,2024,1,False,kaggle_shopping
201918,Skirt,Zara,Men's Fashion,33.0,0.0,33.0,1,33.0,Summer,2024,6,False,kaggle_shopping
202019,Backpack,Coach,Accessories,56.0,0.0,56.0,1,56.0,Summer,2024,6,False,kaggle_shopping
202120,Blouse,Gap,Men's Fashion,84.0,0.0,84.0,1,84.0,Spring,2024,5,False,kaggle_shopping
202221,Shirt,Zara,Men's Fashion,36.0,0.0,36.0,1,36.0,Fall,2024,9,False,kaggle_shopping
202322,Gloves,Michael Kors,Accessories,63.0,0.0,63.0,1,63.0,Summer,2024,6,False,kaggle_shopping
202423,Sandals,Converse,Footwear,36.0,0.0,36.0,1,36.0,Summer,2024,6,False,kaggle_shopping
202524,Jacket,North Face,Women's Fashion,63.0,0.0,63.0,1,63.0,Fall,2024,9,False,kaggle_shopping
202625,Sneakers,Puma,Footwear,32.0,0.0,32.0,1,32.0,Winter,2024,1,False,kaggle_shopping
202726,Backpack,Fossil,Accessories,93.0,0.0,93.0,1,93.0,Spring,2024,5,False,kaggle_shopping
202827,Pants,Uniqlo,Men's Fashion,29.0,0.0,29.0,1,29.0,Summer,2024,6,False,kaggle_shopping
202928,Sunglasses,Fossil,Accessories,92.0,0.0,92.0,1,92.0,Summer,2024,6,False,kaggle_shopping
203029,Jeans,Zara,Men's Fashion,33.0,0.0,33.0,1,33.0,Fall,2024,9,False,kaggle_shopping
203130,Pants,Uniqlo,Men's Fashion,52.0,0.0,52.0,1,52.0,Spring,2024,5,False,kaggle_shopping
203231,Jewelry,Coach,Accessories,42.0,0.0,42.0,1,42.0,Spring,2024,5,False,kaggle_shopping
203332,Hoodie,Uniqlo,Men's Fashion,36.0,0.0,36.0,1,36.0,Spring,2024,5,False,kaggle_shopping
203433,Sandals,New Balance,Footwear,67.0,0.0,67.0,1,67.0,Summer,2024,6,False,kaggle_shopping
203534,Jacket,Canada Goose,Women's Fashion,43.0,0.0,43.0,1,43.0,Winter,2024,1,False,kaggle_shopping
203635,Blouse,H&M,Men's Fashion,68.0,0.0,68.0,1,68.0,Spring,2024,5,False,kaggle_shopping
203736,Jewelry,Fossil,Accessories,60.0,0.0,60.0,1,60.0,Summer,2024,6,False,kaggle_shopping
203837,Socks,Forever 21,Men's Fashion,53.0,0.0,53.0,1,53.0,Summer,2024,6,False,kaggle_shopping
203938,Jeans,Forever 21,Men's Fashion,23.0,0.0,23.0,1,23.0,Spring,2024,5,False,kaggle_shopping
204039,Gloves,Michael Kors,Accessories,57.0,0.0,57.0,1,57.0,Winter,2024,1,False,kaggle_shopping
204140,Hat,Coach,Accessories,89.0,0.0,89.0,1,89.0,Fall,2024,9,False,kaggle_shopping
204241,Shoes,Nike,Footwear,99.0,0.0,99.0,1,99.0,Winter,2024,1,False,kaggle_shopping
204342,Pants,Gap,Men's Fashion,28.0,0.0,28.0,1,28.0,Fall,2024,9,False,kaggle_shopping
204443,Socks,Uniqlo,Men's Fashion,53.0,0.0,53.0,1,53.0,Summer,2024,6,False,kaggle_shopping
204544,Hoodie,Forever 21,Men's Fashion,45.0,0.0,45.0,1,45.0,Winter,2024,1,False,kaggle_shopping
204645,Hoodie,Forever 21,Men's Fashion,38.0,0.0,38.0,1,38.0,Winter,2024,1,False,kaggle_shopping
204746,Pants,Zara,Men's Fashion,49.0,0.0,49.0,1,49.0,Summer,2024,6,False,kaggle_shopping
204847,Shirt,Forever 21,Men's Fashion,32.0,0.0,32.0,1,32.0,Summer,2024,6,False,kaggle_shopping
204948,T-shirt,Zara,Men's Fashion,37.0,0.0,37.0,1,37.0,Winter,2024,1,False,kaggle_shopping
205049,Dress,Zara,Men's Fashion,80.0,0.0,80.0,1,80.0,Winter,2024,1,False,kaggle_shopping
205150,Backpack,Coach,Accessories,78.0,0.0,78.0,1,78.0,Summer,2024,6,False,kaggle_shopping
205251,Gloves,Kate Spade,Accessories,53.0,0.0,53.0,1,53.0,Summer,2024,6,False,kaggle_shopping
205352,Shoes,Nike,Footwear,82.0,0.0,82.0,1,82.0,Summer,2024,6,False,kaggle_shopping
205453,Skirt,H&M,Men's Fashion,33.0,0.0,33.0,1,33.0,Spring,2024,5,False,kaggle_shopping
205554,Gloves,Coach,Accessories,77.0,0.0,77.0,1,77.0,Winter,2024,1,False,kaggle_shopping
205655,Hoodie,Gap,Men's Fashion,56.0,0.0,56.0,1,56.0,Winter,2024,1,False,kaggle_shopping
205756,Socks,Uniqlo,Men's Fashion,37.0,0.0,37.0,1,37.0,Winter,2024,1,False,kaggle_shopping
205857,Gloves,Coach,Accessories,54.0,0.0,54.0,1,54.0,Spring,2024,5,False,kaggle_shopping
205958,Shorts,Zara,Men's Fashion,67.0,0.0,67.0,1,67.0,Winter,2024,1,False,kaggle_shopping
206059,Shoes,Nike,Footwear,90.0,0.0,90.0,1,90.0,Fall,2024,9,False,kaggle_shopping
206160,Jeans,Forever 21,Men's Fashion,72.0,0.0,72.0,1,72.0,Summer,2024,6,False,kaggle_shopping
206261,Boots,Converse,Footwear,59.0,0.0,59.0,1,59.0,Summer,2024,6,False,kaggle_shopping
206362,Hat,Fossil,Accessories,45.0,0.0,45.0,1,45.0,Fall,2024,9,False,kaggle_shopping
206463,Shorts,Zara,Men's Fashion,30.0,0.0,30.0,1,30.0,Spring,2024,5,False,kaggle_shopping
206564,Pants,H&M,Men's Fashion,51.0,0.0,51.0,1,51.0,Summer,2024,6,False,kaggle_shopping
206665,Sweater,H&M,Men's Fashion,90.0,0.0,90.0,1,90.0,Fall,2024,9,False,kaggle_shopping
206766,Jacket,North Face,Women's Fashion,95.0,0.0,95.0,1,95.0,Winter,2024,1,False,kaggle_shopping
206867,Dress,H&M,Men's Fashion,81.0,0.0,81.0,1,81.0,Fall,2024,9,False,kaggle_shopping
206968,Shirt,Zara,Men's Fashion,70.0,0.0,70.0,1,70.0,Spring,2024,5,False,kaggle_shopping
207069,Dress,Uniqlo,Men's Fashion,32.0,0.0,32.0,1,32.0,Winter,2024,1,False,kaggle_shopping
207170,Belt,Kate Spade,Accessories,94.0,0.0,94.0,1,94.0,Spring,2024,5,False,kaggle_shopping
207271,Hat,Kate Spade,Accessories,29.0,0.0,29.0,1,29.0,Spring,2024,5,False,kaggle_shopping
207372,Backpack,Michael Kors,Accessories,31.0,0.0,31.0,1,31.0,Summer,2024,6,False,kaggle_shopping
207473,Skirt,Forever 21,Men's Fashion,20.0,0.0,20.0,1,20.0,Fall,2024,9,False,kaggle_shopping
207574,Gloves,Kate Spade,Accessories,44.0,0.0,44.0,1,44.0,Winter,2024,1,False,kaggle_shopping
207675,Jacket,Patagonia,Women's Fashion,77.0,0.0,77.0,1,77.0,Fall,2024,9,False,kaggle_shopping
207776,Handbag,Michael Kors,Accessories,51.0,0.0,51.0,1,51.0,Spring,2024,5,False,kaggle_shopping
207877,Sandals,New Balance,Footwear,49.0,0.0,49.0,1,49.0,Summer,2024,6,False,kaggle_shopping
207978,Sunglasses,Fossil,Accessories,78.0,0.0,78.0,1,78.0,Spring,2024,5,False,kaggle_shopping
208079,Jeans,Uniqlo,Men's Fashion,98.0,0.0,98.0,1,98.0,Spring,2024,5,False,kaggle_shopping
208180,Sandals,New Balance,Footwear,94.0,0.0,94.0,1,94.0,Winter,2024,1,False,kaggle_shopping
208281,Shoes,Adidas,Footwear,91.0,0.0,91.0,1,91.0,Summer,2024,6,False,kaggle_shopping
208382,Sunglasses,Fossil,Accessories,77.0,0.0,77.0,1,77.0,Summer,2024,6,False,kaggle_shopping
208483,Scarf,Michael Kors,Accessories,97.0,0.0,97.0,1,97.0,Summer,2024,6,False,kaggle_shopping
208584,Skirt,Uniqlo,Men's Fashion,58.0,0.0,58.0,1,58.0,Summer,2024,6,False,kaggle_shopping
208685,Gloves,Fossil,Accessories,97.0,0.0,97.0,1,97.0,Spring,2024,5,False,kaggle_shopping
208786,Coat,Columbia,Women's Fashion,48.0,0.0,48.0,1,48.0,Summer,2024,6,False,kaggle_shopping
208887,Belt,Fossil,Accessories,23.0,0.0,23.0,1,23.0,Summer,2024,6,False,kaggle_shopping
208988,Pants,Uniqlo,Men's Fashion,79.0,0.0,79.0,1,79.0,Winter,2024,1,False,kaggle_shopping
209089,Jewelry,Michael Kors,Accessories,42.0,0.0,42.0,1,42.0,Spring,2024,5,False,kaggle_shopping
209190,Backpack,Fossil,Accessories,95.0,0.0,95.0,1,95.0,Spring,2024,5,False,kaggle_shopping
209291,Sneakers,Converse,Footwear,29.0,0.0,29.0,1,29.0,Summer,2024,6,False,kaggle_shopping
209392,Hoodie,Uniqlo,Men's Fashion,98.0,0.0,98.0,1,98.0,Winter,2024,1,False,kaggle_shopping
209493,Blouse,Forever 21,Men's Fashion,96.0,0.0,96.0,1,96.0,Spring,2024,5,False,kaggle_shopping
209594,Sunglasses,Michael Kors,Accessories,66.0,0.0,66.0,1,66.0,Fall,2024,9,False,kaggle_shopping
209695,Boots,Nike,Footwear,80.0,0.0,80.0,1,80.0,Spring,2024,5,False,kaggle_shopping
209796,Sneakers,Converse,Footwear,27.0,0.0,27.0,1,27.0,Summer,2024,6,False,kaggle_shopping
209897,Backpack,Michael Kors,Accessories,25.0,0.0,25.0,1,25.0,Fall,2024,9,False,kaggle_shopping
209998,Pants,Forever 21,Men's Fashion,45.0,0.0,45.0,1,45.0,Fall,2024,9,False,kaggle_shopping
210099,Socks,Zara,Men's Fashion,89.0,0.0,89.0,1,89.0,Winter,2024,1,False,kaggle_shopping
210100,Belt,Kate Spade,Accessories,27.0,0.0,27.0,1,27.0,Winter,2024,1,False,kaggle_shopping
210201,Sunglasses,Kate Spade,Accessories,90.0,0.0,90.0,1,90.0,Winter,2024,1,False,kaggle_shopping
210302,Shirt,H&M,Men's Fashion,65.0,0.0,65.0,1,65.0,Summer,2024,6,False,kaggle_shopping
210403,Sneakers,Converse,Footwear,72.0,0.0,72.0,1,72.0,Spring,2024,5,False,kaggle_shopping
210504,Shoes,Adidas,Footwear,70.0,0.0,70.0,1,70.0,Fall,2024,9,False,kaggle_shopping
210605,Sandals,Converse,Footwear,82.0,0.0,82.0,1,82.0,Winter,2024,1,False,kaggle_shopping
210706,Scarf,Coach,Accessories,97.0,0.0,97.0,1,97.0,Fall,2024,9,False,kaggle_shopping
210807,Shirt,Uniqlo,Men's Fashion,25.0,0.0,25.0,1,25.0,Summer,2024,6,False,kaggle_shopping
210908,Skirt,Uniqlo,Men's Fashion,48.0,0.0,48.0,1,48.0,Spring,2024,5,False,kaggle_shopping
211009,Boots,New Balance,Footwear,99.0,0.0,99.0,1,99.0,Summer,2024,6,False,kaggle_shopping
211110,Sweater,H&M,Men's Fashion,21.0,0.0,21.0,1,21.0,Summer,2024,6,False,kaggle_shopping
211211,Sandals,Puma,Footwear,94.0,0.0,94.0,1,94.0,Spring,2024,5,False,kaggle_shopping
211312,Jeans,H&M,Men's Fashion,53.0,0.0,53.0,1,53.0,Fall,2024,9,False,kaggle_shopping
211413,Backpack,Coach,Accessories,70.0,0.0,70.0,1,70.0,Winter,2024,1,False,kaggle_shopping
211514,Skirt,H&M,Men's Fashion,26.0,0.0,26.0,1,26.0,Summer,2024,6,False,kaggle_shopping
211615,Belt,Kate Spade,Accessories,82.0,0.0,82.0,1,82.0,Summer,2024,6,False,kaggle_shopping
211716,Shoes,New Balance,Footwear,47.0,0.0,47.0,1,47.0,Winter,2024,1,False,kaggle_shopping
211817,Socks,Zara,Men's Fashion,32.0,0.0,32.0,1,32.0,Winter,2024,1,False,kaggle_shopping
211918,Backpack,Fossil,Accessories,97.0,0.0,97.0,1,97.0,Fall,2024,9,False,kaggle_shopping
212019,Shirt,Gap,Men's Fashion,68.0,0.0,68.0,1,68.0,Winter,2024,1,False,kaggle_shopping
212120,Sweater,Uniqlo,Men's Fashion,23.0,0.0,23.0,1,23.0,Winter,2024,1,False,kaggle_shopping
212221,Handbag,Michael Kors,Accessories,33.0,0.0,33.0,1,33.0,Winter,2024,1,False,kaggle_shopping
212322,Jewelry,Kate Spade,Accessories,38.0,0.0,38.0,1,38.0,Winter,2024,1,False,kaggle_shopping
212423,Socks,Uniqlo,Men's Fashion,68.0,0.0,68.0,1,68.0,Winter,2024,1,False,kaggle_shopping
212524,Socks,Forever 21,Men's Fashion,23.0,0.0,23.0,1,23.0,Fall,2024,9,False,kaggle_shopping
212625,Shirt,Uniqlo,Men's Fashion,29.0,0.0,29.0,1,29.0,Summer,2024,6,False,kaggle_shopping
212726,Scarf,Michael Kors,Accessories,35.0,0.0,35.0,1,35.0,Winter,2024,1,False,kaggle_shopping
212827,Shoes,Nike,Footwear,73.0,0.0,73.0,1,73.0,Fall,2024,9,False,kaggle_shopping
212928,Shoes,New Balance,Footwear,84.0,0.0,84.0,1,84.0,Fall,2024,9,False,kaggle_shopping
213029,Scarf,Fossil,Accessories,23.0,0.0,23.0,1,23.0,Spring,2024,5,False,kaggle_shopping
213130,Sunglasses,Coach,Accessories,67.0,0.0,67.0,1,67.0,Summer,2024,6,False,kaggle_shopping
213231,Socks,Forever 21,Men's Fashion,51.0,0.0,51.0,1,51.0,Spring,2024,5,False,kaggle_shopping
213332,Blouse,Zara,Men's Fashion,36.0,0.0,36.0,1,36.0,Winter,2024,1,False,kaggle_shopping
213433,Jeans,Zara,Men's Fashion,55.0,0.0,55.0,1,55.0,Summer,2024,6,False,kaggle_shopping
213534,Shorts,Gap,Men's Fashion,30.0,0.0,30.0,1,30.0,Spring,2024,5,False,kaggle_shopping
213635,T-shirt,Gap,Men's Fashion,70.0,0.0,70.0,1,70.0,Summer,2024,6,False,kaggle_shopping
213736,Blouse,Forever 21,Men's Fashion,63.0,0.0,63.0,1,63.0,Winter,2024,1,False,kaggle_shopping
213837,Belt,Kate Spade,Accessories,87.0,0.0,87.0,1,87.0,Summer,2024,6,False,kaggle_shopping
213938,Blouse,Uniqlo,Men's Fashion,70.0,0.0,70.0,1,70.0,Spring,2024,5,False,kaggle_shopping
214039,T-shirt,Gap,Men's Fashion,51.0,0.0,51.0,1,51.0,Spring,2024,5,False,kaggle_shopping
214140,Jewelry,Coach,Accessories,25.0,0.0,25.0,1,25.0,Spring,2024,5,False,kaggle_shopping
214241,Jacket,North Face,Women's Fashion,32.0,0.0,32.0,1,32.0,Winter,2024,1,False,kaggle_shopping
214342,Shoes,Puma,Footwear,52.0,0.0,52.0,1,52.0,Spring,2024,5,False,kaggle_shopping
214443,Gloves,Kate Spade,Accessories,33.0,0.0,33.0,1,33.0,Summer,2024,6,False,kaggle_shopping
214544,Jeans,H&M,Men's Fashion,68.0,0.0,68.0,1,68.0,Spring,2024,5,False,kaggle_shopping
214645,Jewelry,Michael Kors,Accessories,20.0,0.0,20.0,1,20.0,Fall,2024,9,False,kaggle_shopping
214746,Pants,Forever 21,Men's Fashion,32.0,0.0,32.0,1,32.0,Winter,2024,1,False,kaggle_shopping
214847,Jewelry,Kate Spade,Accessories,82.0,0.0,82.0,1,82.0,Summer,2024,6,False,kaggle_shopping
214948,Sneakers,Puma,Footwear,64.0,0.0,64.0,1,64.0,Winter,2024,1,False,kaggle_shopping
215049,Boots,Converse,Footwear,24.0,0.0,24.0,1,24.0,Fall,2024,9,False,kaggle_shopping
215150,Hat,Kate Spade,Accessories,96.0,0.0,96.0,1,96.0,Summer,2024,6,False,kaggle_shopping
215251,T-shirt,Uniqlo,Men's Fashion,94.0,0.0,94.0,1,94.0,Spring,2024,5,False,kaggle_shopping
215352,Backpack,Kate Spade,Accessories,48.0,0.0,48.0,1,48.0,Winter,2024,1,False,kaggle_shopping
215453,Sunglasses,Michael Kors,Accessories,60.0,0.0,60.0,1,60.0,Spring,2024,5,False,kaggle_shopping
215554,Sweater,Forever 21,Men's Fashion,56.0,0.0,56.0,1,56.0,Spring,2024,5,False,kaggle_shopping
215655,Handbag,Fossil,Accessories,33.0,0.0,33.0,1,33.0,Fall,2024,9,False,kaggle_shopping
215756,Backpack,Kate Spade,Accessories,46.0,0.0,46.0,1,46.0,Spring,2024,5,False,kaggle_shopping
215857,Socks,Zara,Men's Fashion,37.0,0.0,37.0,1,37.0,Spring,2024,5,False,kaggle_shopping
215958,Shirt,Gap,Men's Fashion,98.0,0.0,98.0,1,98.0,Winter,2024,1,False,kaggle_shopping
216059,Shorts,Zara,Men's Fashion,50.0,0.0,50.0,1,50.0,Spring,2024,5,False,kaggle_shopping
216160,Belt,Fossil,Accessories,63.0,0.0,63.0,1,63.0,Fall,2024,9,False,kaggle_shopping
216261,Sweater,Forever 21,Men's Fashion,70.0,0.0,70.0,1,70.0,Summer,2024,6,False,kaggle_shopping
216362,Coat,Patagonia,Women's Fashion,63.0,0.0,63.0,1,63.0,Fall,2024,9,False,kaggle_shopping
216463,Shorts,Uniqlo,Men's Fashion,86.0,0.0,86.0,1,86.0,Fall,2024,9,False,kaggle_shopping
216564,Shoes,Nike,Footwear,99.0,0.0,99.0,1,99.0,Summer,2024,6,False,kaggle_shopping
216665,Sneakers,Adidas,Footwear,40.0,0.0,40.0,1,40.0,Spring,2024,5,False,kaggle_shopping
216766,Sneakers,Converse,Footwear,92.0,0.0,92.0,1,92.0,Fall,2024,9,False,kaggle_shopping
216867,Pants,Uniqlo,Men's Fashion,21.0,0.0,21.0,1,21.0,Fall,2024,9,False,kaggle_shopping
216968,Jewelry,Coach,Accessories,81.0,0.0,81.0,1,81.0,Summer,2024,6,False,kaggle_shopping
217069,T-shirt,Gap,Men's Fashion,82.0,0.0,82.0,1,82.0,Fall,2024,9,False,kaggle_shopping
217170,Jewelry,Fossil,Accessories,88.0,0.0,88.0,1,88.0,Spring,2024,5,False,kaggle_shopping
217271,Jacket,Columbia,Women's Fashion,100.0,0.0,100.0,1,100.0,Fall,2024,9,False,kaggle_shopping
217372,Backpack,Kate Spade,Accessories,66.0,0.0,66.0,1,66.0,Winter,2024,1,False,kaggle_shopping
217473,Belt,Fossil,Accessories,25.0,0.0,25.0,1,25.0,Winter,2024,1,False,kaggle_shopping
217574,Scarf,Kate Spade,Accessories,53.0,0.0,53.0,1,53.0,Summer,2024,6,False,kaggle_shopping
217675,Sweater,H&M,Men's Fashion,28.0,0.0,28.0,1,28.0,Fall,2024,9,False,kaggle_shopping
217776,Gloves,Coach,Accessories,23.0,0.0,23.0,1,23.0,Fall,2024,9,False,kaggle_shopping
217877,Scarf,Kate Spade,Accessories,34.0,0.0,34.0,1,34.0,Fall,2024,9,False,kaggle_shopping
217978,Dress,Zara,Men's Fashion,42.0,0.0,42.0,1,42.0,Spring,2024,5,False,kaggle_shopping
218079,Jeans,Uniqlo,Men's Fashion,24.0,0.0,24.0,1,24.0,Summer,2024,6,False,kaggle_shopping
218180,Sunglasses,Fossil,Accessories,47.0,0.0,47.0,1,47.0,Fall,2024,9,False,kaggle_shopping
218281,Coat,Patagonia,Women's Fashion,78.0,0.0,78.0,1,78.0,Spring,2024,5,False,kaggle_shopping
218382,Jeans,Gap,Men's Fashion,89.0,0.0,89.0,1,89.0,Summer,2024,6,False,kaggle_shopping
218483,Scarf,Coach,Accessories,59.0,0.0,59.0,1,59.0,Fall,2024,9,False,kaggle_shopping
218584,Blouse,Zara,Men's Fashion,94.0,0.0,94.0,1,94.0,Summer,2024,6,False,kaggle_shopping
218685,Jeans,H&M,Men's Fashion,49.0,0.0,49.0,1,49.0,Fall,2024,9,False,kaggle_shopping
218786,Dress,Zara,Men's Fashion,89.0,0.0,89.0,1,89.0,Summer,2024,6,False,kaggle_shopping
218887,Hat,Coach,Accessories,91.0,0.0,91.0,1,91.0,Summer,2024,6,False,kaggle_shopping
218988,Sandals,Nike,Footwear,89.0,0.0,89.0,1,89.0,Spring,2024,5,False,kaggle_shopping
219089,Jacket,North Face,Women's Fashion,57.0,0.0,57.0,1,57.0,Spring,2024,5,False,kaggle_shopping
219190,Socks,Gap,Men's Fashion,71.0,0.0,71.0,1,71.0,Winter,2024,1,False,kaggle_shopping
219291,Jeans,Zara,Men's Fashion,97.0,0.0,97.0,1,97.0,Fall,2024,9,False,kaggle_shopping
219392,Sandals,New Balance,Footwear,45.0,0.0,45.0,1,45.0,Fall,2024,9,False,kaggle_shopping
219493,Dress,Zara,Men's Fashion,91.0,0.0,91.0,1,91.0,Spring,2024,5,False,kaggle_shopping
219594,Socks,Gap,Men's Fashion,25.0,0.0,25.0,1,25.0,Spring,2024,5,False,kaggle_shopping
219695,Hoodie,Uniqlo,Men's Fashion,63.0,0.0,63.0,1,63.0,Fall,2024,9,False,kaggle_shopping
219796,Dress,H&M,Men's Fashion,52.0,0.0,52.0,1,52.0,Summer,2024,6,False,kaggle_shopping
219897,Sneakers,New Balance,Footwear,43.0,0.0,43.0,1,43.0,Winter,2024,1,False,kaggle_shopping
219998,T-shirt,Gap,Men's Fashion,28.0,0.0,28.0,1,28.0,Summer,2024,6,False,kaggle_shopping
220099,T-shirt,H&M,Men's Fashion,78.0,0.0,78.0,1,78.0,Summer,2024,6,False,kaggle_shopping
220100,Sweater,Uniqlo,Men's Fashion,31.0,0.0,31.0,1,31.0,Spring,2024,5,False,kaggle_shopping
220201,Shirt,Uniqlo,Men's Fashion,23.0,0.0,23.0,1,23.0,Winter,2024,1,False,kaggle_shopping
220302,Hat,Fossil,Accessories,25.0,0.0,25.0,1,25.0,Spring,2024,5,False,kaggle_shopping
220403,Pants,Gap,Men's Fashion,86.0,0.0,86.0,1,86.0,Summer,2024,6,False,kaggle_shopping
220504,Shoes,Converse,Footwear,88.0,0.0,88.0,1,88.0,Spring,2024,5,False,kaggle_shopping
220605,Gloves,Michael Kors,Accessories,35.0,0.0,35.0,1,35.0,Spring,2024,5,False,kaggle_shopping
220706,Jewelry,Kate Spade,Accessories,34.0,0.0,34.0,1,34.0,Fall,2024,9,False,kaggle_shopping
220807,Pants,Gap,Men's Fashion,75.0,0.0,75.0,1,75.0,Winter,2024,1,False,kaggle_shopping
220908,Hoodie,Zara,Men's Fashion,46.0,0.0,46.0,1,46.0,Winter,2024,1,False,kaggle_shopping
221009,Jewelry,Kate Spade,Accessories,31.0,0.0,31.0,1,31.0,Fall,2024,9,False,kaggle_shopping
221110,Socks,Forever 21,Men's Fashion,93.0,0.0,93.0,1,93.0,Spring,2024,5,False,kaggle_shopping
221211,Sunglasses,Kate Spade,Accessories,85.0,0.0,85.0,1,85.0,Spring,2024,5,False,kaggle_shopping
221312,Belt,Kate Spade,Accessories,68.0,0.0,68.0,1,68.0,Fall,2024,9,False,kaggle_shopping
221413,Dress,Forever 21,Men's Fashion,40.0,0.0,40.0,1,40.0,Spring,2024,5,False,kaggle_shopping
221514,Shirt,Uniqlo,Men's Fashion,51.0,0.0,51.0,1,51.0,Winter,2024,1,False,kaggle_shopping
221615,Scarf,Michael Kors,Accessories,85.0,0.0,85.0,1,85.0,Winter,2024,1,False,kaggle_shopping
221716,Jacket,Canada Goose,Women's Fashion,23.0,0.0,23.0,1,23.0,Summer,2024,6,False,kaggle_shopping
221817,Dress,H&M,Men's Fashion,28.0,0.0,28.0,1,28.0,Summer,2024,6,False,kaggle_shopping
221918,Socks,Zara,Men's Fashion,44.0,0.0,44.0,1,44.0,Fall,2024,9,False,kaggle_shopping
222019,Jewelry,Kate Spade,Accessories,57.0,0.0,57.0,1,57.0,Spring,2024,5,False,kaggle_shopping
222120,Scarf,Michael Kors,Accessories,98.0,0.0,98.0,1,98.0,Fall,2024,9,False,kaggle_shopping
222221,Backpack,Coach,Accessories,68.0,0.0,68.0,1,68.0,Winter,2024,1,False,kaggle_shopping
222322,Jacket,North Face,Women's Fashion,36.0,0.0,36.0,1,36.0,Fall,2024,9,False,kaggle_shopping
222423,Coat,Patagonia,Women's Fashion,71.0,0.0,71.0,1,71.0,Spring,2024,5,False,kaggle_shopping
222524,Skirt,H&M,Men's Fashion,60.0,0.0,60.0,1,60.0,Fall,2024,9,False,kaggle_shopping
222625,Coat,Canada Goose,Women's Fashion,87.0,0.0,87.0,1,87.0,Fall,2024,9,False,kaggle_shopping
222726,Shoes,New Balance,Footwear,38.0,0.0,38.0,1,38.0,Winter,2024,1,False,kaggle_shopping
222827,Boots,Adidas,Footwear,45.0,0.0,45.0,1,45.0,Spring,2024,5,False,kaggle_shopping
222928,Coat,Columbia,Women's Fashion,47.0,0.0,47.0,1,47.0,Fall,2024,9,False,kaggle_shopping
223029,Skirt,Zara,Men's Fashion,57.0,0.0,57.0,1,57.0,Fall,2024,9,False,kaggle_shopping
223130,Backpack,Kate Spade,Accessories,68.0,0.0,68.0,1,68.0,Summer,2024,6,False,kaggle_shopping
223231,Shorts,Gap,Men's Fashion,52.0,0.0,52.0,1,52.0,Fall,2024,9,False,kaggle_shopping
223332,Skirt,Forever 21,Men's Fashion,87.0,0.0,87.0,1,87.0,Fall,2024,9,False,kaggle_shopping
223433,Hat,Fossil,Accessories,34.0,0.0,34.0,1,34.0,Summer,2024,6,False,kaggle_shopping
223534,Sandals,Adidas,Footwear,41.0,0.0,41.0,1,41.0,Winter,2024,1,False,kaggle_shopping
223635,Sunglasses,Kate Spade,Accessories,94.0,0.0,94.0,1,94.0,Winter,2024,1,False,kaggle_shopping
223736,Sunglasses,Coach,Accessories,93.0,0.0,93.0,1,93.0,Summer,2024,6,False,kaggle_shopping
223837,Socks,Uniqlo,Men's Fashion,51.0,0.0,51.0,1,51.0,Winter,2024,1,False,kaggle_shopping
223938,Sweater,Forever 21,Men's Fashion,42.0,0.0,42.0,1,42.0,Fall,2024,9,False,kaggle_shopping
224039,Boots,Puma,Footwear,95.0,0.0,95.0,1,95.0,Winter,2024,1,False,kaggle_shopping
224140,Handbag,Fossil,Accessories,90.0,0.0,90.0,1,90.0,Fall,2024,9,False,kaggle_shopping
224241,Dress,Gap,Men's Fashion,98.0,0.0,98.0,1,98.0,Winter,2024,1,False,kaggle_shopping
224342,Hat,Coach,Accessories,39.0,0.0,39.0,1,39.0,Winter,2024,1,False,kaggle_shopping
224443,Sandals,New Balance,Footwear,66.0,0.0,66.0,1,66.0,Fall,2024,9,False,kaggle_shopping
224544,Shoes,Adidas,Footwear,23.0,0.0,23.0,1,23.0,Winter,2024,1,False,kaggle_shopping
224645,Skirt,H&M,Men's Fashion,73.0,0.0,73.0,1,73.0,Winter,2024,1,False,kaggle_shopping
224746,Sunglasses,Kate Spade,Accessories,23.0,0.0,23.0,1,23.0,Summer,2024,6,False,kaggle_shopping
224847,Skirt,H&M,Men's Fashion,43.0,0.0,43.0,1,43.0,Fall,2024,9,False,kaggle_shopping
224948,T-shirt,Uniqlo,Men's Fashion,45.0,0.0,45.0,1,45.0,Winter,2024,1,False,kaggle_shopping
225049,Sandals,Converse,Footwear,21.0,0.0,21.0,1,21.0,Winter,2024,1,False,kaggle_shopping
225150,Shirt,Zara,Men's Fashion,40.0,0.0,40.0,1,40.0,Spring,2024,5,False,kaggle_shopping
225251,Jeans,Uniqlo,Men's Fashion,58.0,0.0,58.0,1,58.0,Fall,2024,9,False,kaggle_shopping
225352,Shorts,H&M,Men's Fashion,48.0,0.0,48.0,1,48.0,Summer,2024,6,False,kaggle_shopping
225453,Shirt,Uniqlo,Men's Fashion,94.0,0.0,94.0,1,94.0,Fall,2024,9,False,kaggle_shopping
225554,Scarf,Kate Spade,Accessories,74.0,0.0,74.0,1,74.0,Spring,2024,5,False,kaggle_shopping
225655,Handbag,Coach,Accessories,51.0,0.0,51.0,1,51.0,Fall,2024,9,False,kaggle_shopping
225756,Skirt,Forever 21,Men's Fashion,83.0,0.0,83.0,1,83.0,Winter,2024,1,False,kaggle_shopping
225857,Handbag,Fossil,Accessories,68.0,0.0,68.0,1,68.0,Winter,2024,1,False,kaggle_shopping
225958,Gloves,Coach,Accessories,84.0,0.0,84.0,1,84.0,Spring,2024,5,False,kaggle_shopping
226059,Shirt,Gap,Men's Fashion,58.0,0.0,58.0,1,58.0,Fall,2024,9,False,kaggle_shopping
226160,Blouse,Forever 21,Men's Fashion,92.0,0.0,92.0,1,92.0,Winter,2024,1,False,kaggle_shopping
226261,Dress,Gap,Men's Fashion,69.0,0.0,69.0,1,69.0,Summer,2024,6,False,kaggle_shopping
226362,Shorts,Uniqlo,Men's Fashion,48.0,0.0,48.0,1,48.0,Summer,2024,6,False,kaggle_shopping
226463,Shoes,Adidas,Footwear,60.0,0.0,60.0,1,60.0,Spring,2024,5,False,kaggle_shopping
226564,Sandals,Nike,Footwear,20.0,0.0,20.0,1,20.0,Winter,2024,1,False,kaggle_shopping
226665,Pants,Uniqlo,Men's Fashion,55.0,0.0,55.0,1,55.0,Summer,2024,6,False,kaggle_shopping
226766,Jacket,Canada Goose,Women's Fashion,88.0,0.0,88.0,1,88.0,Spring,2024,5,False,kaggle_shopping
226867,Skirt,H&M,Men's Fashion,48.0,0.0,48.0,1,48.0,Winter,2024,1,False,kaggle_shopping
226968,Handbag,Fossil,Accessories,74.0,0.0,74.0,1,74.0,Spring,2024,5,False,kaggle_shopping
227069,Coat,Canada Goose,Women's Fashion,42.0,0.0,42.0,1,42.0,Fall,2024,9,False,kaggle_shopping
227170,Sweater,Zara,Men's Fashion,32.0,0.0,32.0,1,32.0,Fall,2024,9,False,kaggle_shopping
227271,Shorts,Forever 21,Men's Fashion,98.0,0.0,98.0,1,98.0,Summer,2024,6,False,kaggle_shopping
227372,Skirt,H&M,Men's Fashion,89.0,0.0,89.0,1,89.0,Fall,2024,9,False,kaggle_shopping
227473,Gloves,Coach,Accessories,97.0,0.0,97.0,1,97.0,Summer,2024,6,False,kaggle_shopping
227574,Backpack,Kate Spade,Accessories,49.0,0.0,49.0,1,49.0,Spring,2024,5,False,kaggle_shopping
227675,Dress,H&M,Men's Fashion,50.0,0.0,50.0,1,50.0,Spring,2024,5,False,kaggle_shopping
227776,Belt,Michael Kors,Accessories,91.0,0.0,91.0,1,91.0,Winter,2024,1,False,kaggle_shopping
227877,Gloves,Fossil,Accessories,93.0,0.0,93.0,1,93.0,Winter,2024,1,False,kaggle_shopping
227978,Jewelry,Coach,Accessories,98.0,0.0,98.0,1,98.0,Summer,2024,6,False,kaggle_shopping
228079,Socks,Forever 21,Men's Fashion,82.0,0.0,82.0,1,82.0,Fall,2024,9,False,kaggle_shopping
228180,Coat,Canada Goose,Women's Fashion,37.0,0.0,37.0,1,37.0,Summer,2024,6,False,kaggle_shopping
228281,Handbag,Coach,Accessories,63.0,0.0,63.0,1,63.0,Fall,2024,9,False,kaggle_shopping
228382,Blouse,H&M,Men's Fashion,99.0,0.0,99.0,1,99.0,Winter,2024,1,False,kaggle_shopping
228483,Shorts,Gap,Men's Fashion,37.0,0.0,37.0,1,37.0,Spring,2024,5,False,kaggle_shopping
228584,Shoes,New Balance,Footwear,34.0,0.0,34.0,1,34.0,Spring,2024,5,False,kaggle_shopping
228685,Shorts,Zara,Men's Fashion,32.0,0.0,32.0,1,32.0,Winter,2024,1,False,kaggle_shopping
228786,Sandals,Puma,Footwear,23.0,0.0,23.0,1,23.0,Winter,2024,1,False,kaggle_shopping
228887,Blouse,Zara,Men's Fashion,78.0,0.0,78.0,1,78.0,Spring,2024,5,False,kaggle_shopping
228988,Coat,North Face,Women's Fashion,54.0,0.0,54.0,1,54.0,Winter,2024,1,False,kaggle_shopping
229089,Blouse,Forever 21,Men's Fashion,94.0,0.0,94.0,1,94.0,Fall,2024,9,False,kaggle_shopping
229190,Belt,Michael Kors,Accessories,75.0,0.0,75.0,1,75.0,Spring,2024,5,False,kaggle_shopping
229291,Blouse,Zara,Men's Fashion,69.0,0.0,69.0,1,69.0,Summer,2024,6,False,kaggle_shopping
229392,Scarf,Michael Kors,Accessories,35.0,0.0,35.0,1,35.0,Winter,2024,1,False,kaggle_shopping
229493,Shirt,H&M,Men's Fashion,78.0,0.0,78.0,1,78.0,Spring,2024,5,False,kaggle_shopping
229594,Socks,H&M,Men's Fashion,29.0,0.0,29.0,1,29.0,Summer,2024,6,False,kaggle_shopping
229695,Jeans,H&M,Men's Fashion,62.0,0.0,62.0,1,62.0,Fall,2024,9,False,kaggle_shopping
229796,Dress,H&M,Men's Fashion,58.0,0.0,58.0,1,58.0,Spring,2024,5,False,kaggle_shopping
229897,Boots,Puma,Footwear,88.0,0.0,88.0,1,88.0,Summer,2024,6,False,kaggle_shopping
229998,Scarf,Michael Kors,Accessories,80.0,0.0,80.0,1,80.0,Summer,2024,6,False,kaggle_shopping
230099,Scarf,Coach,Accessories,47.0,0.0,47.0,1,47.0,Summer,2024,6,False,kaggle_shopping
230100,Gloves,Michael Kors,Accessories,51.0,0.0,51.0,1,51.0,Summer,2024,6,False,kaggle_shopping
230201,Pants,Uniqlo,Men's Fashion,25.0,0.0,25.0,1,25.0,Spring,2024,5,False,kaggle_shopping
230302,Dress,Forever 21,Men's Fashion,36.0,0.0,36.0,1,36.0,Summer,2024,6,False,kaggle_shopping
230403,Dress,H&M,Men's Fashion,79.0,0.0,79.0,1,79.0,Winter,2024,1,False,kaggle_shopping
230504,Jeans,Uniqlo,Men's Fashion,41.0,0.0,41.0,1,41.0,Winter,2024,1,False,kaggle_shopping
230605,Sweater,Uniqlo,Men's Fashion,68.0,0.0,68.0,1,68.0,Fall,2024,9,False,kaggle_shopping
230706,Sandals,Adidas,Footwear,51.0,0.0,51.0,1,51.0,Spring,2024,5,False,kaggle_shopping
230807,Handbag,Fossil,Accessories,38.0,0.0,38.0,1,38.0,Fall,2024,9,False,kaggle_shopping
230908,Scarf,Michael Kors,Accessories,46.0,0.0,46.0,1,46.0,Summer,2024,6,False,kaggle_shopping
231009,Sandals,Puma,Footwear,20.0,0.0,20.0,1,20.0,Summer,2024,6,False,kaggle_shopping
231110,Sunglasses,Kate Spade,Accessories,25.0,0.0,25.0,1,25.0,Summer,2024,6,False,kaggle_shopping
231211,Sweater,Forever 21,Men's Fashion,89.0,0.0,89.0,1,89.0,Winter,2024,1,False,kaggle_shopping
231312,Pants,H&M,Men's Fashion,77.0,0.0,77.0,1,77.0,Winter,2024,1,False,kaggle_shopping
231413,Hat,Coach,Accessories,94.0,0.0,94.0,1,94.0,Fall,2024,9,False,kaggle_shopping
231514,Belt,Fossil,Accessories,100.0,0.0,100.0,1,100.0,Fall,2024,9,False,kaggle_shopping
231615,Sandals,New Balance,Footwear,96.0,0.0,96.0,1,96.0,Winter,2024,1,False,kaggle_shopping
231716,Pants,H&M,Men's Fashion,36.0,0.0,36.0,1,36.0,Winter,2024,1,False,kaggle_shopping
231817,Jewelry,Kate Spade,Accessories,27.0,0.0,27.0,1,27.0,Fall,2024,9,False,kaggle_shopping
231918,Sunglasses,Michael Kors,Accessories,67.0,0.0,67.0,1,67.0,Winter,2024,1,False,kaggle_shopping
232019,Blouse,Forever 21,Men's Fashion,91.0,0.0,91.0,1,91.0,Fall,2024,9,False,kaggle_shopping
232120,Belt,Kate Spade,Accessories,62.0,0.0,62.0,1,62.0,Fall,2024,9,False,kaggle_shopping
232221,Shorts,Uniqlo,Men's Fashion,88.0,0.0,88.0,1,88.0,Fall,2024,9,False,kaggle_shopping
232322,Pants,Uniqlo,Men's Fashion,66.0,0.0,66.0,1,66.0,Summer,2024,6,False,kaggle_shopping
232423,Sandals,Adidas,Footwear,65.0,0.0,65.0,1,65.0,Fall,2024,9,False,kaggle_shopping
232524,Gloves,Kate Spade,Accessories,25.0,0.0,25.0,1,25.0,Winter,2024,1,False,kaggle_shopping
232625,Belt,Michael Kors,Accessories,64.0,0.0,64.0,1,64.0,Spring,2024,5,False,kaggle_shopping
232726,Shirt,Uniqlo,Men's Fashion,72.0,0.0,72.0,1,72.0,Spring,2024,5,False,kaggle_shopping
232827,Scarf,Kate Spade,Accessories,74.0,0.0,74.0,1,74.0,Summer,2024,6,False,kaggle_shopping
232928,Gloves,Fossil,Accessories,50.0,0.0,50.0,1,50.0,Fall,2024,9,False,kaggle_shopping
233029,Pants,H&M,Men's Fashion,97.0,0.0,97.0,1,97.0,Fall,2024,9,False,kaggle_shopping
233130,Sneakers,Converse,Footwear,36.0,0.0,36.0,1,36.0,Spring,2024,5,False,kaggle_shopping
233231,Jacket,Canada Goose,Women's Fashion,49.0,0.0,49.0,1,49.0,Fall,2024,9,False,kaggle_shopping
233332,Shoes,Adidas,Footwear,64.0,0.0,64.0,1,64.0,Spring,2024,5,False,kaggle_shopping
233433,Blouse,Zara,Men's Fashion,31.0,0.0,31.0,1,31.0,Summer,2024,6,False,kaggle_shopping
233534,Boots,Converse,Footwear,66.0,0.0,66.0,1,66.0,Winter,2024,1,False,kaggle_shopping
233635,Socks,Zara,Men's Fashion,82.0,0.0,82.0,1,82.0,Spring,2024,5,False,kaggle_shopping
233736,T-shirt,Uniqlo,Men's Fashion,88.0,0.0,88.0,1,88.0,Winter,2024,1,False,kaggle_shopping
233837,Sandals,Puma,Footwear,34.0,0.0,34.0,1,34.0,Summer,2024,6,False,kaggle_shopping
233938,Sneakers,Nike,Footwear,84.0,0.0,84.0,1,84.0,Winter,2024,1,False,kaggle_shopping
234039,Jewelry,Michael Kors,Accessories,96.0,0.0,96.0,1,96.0,Summer,2024,6,False,kaggle_shopping
234140,Sandals,Converse,Footwear,71.0,0.0,71.0,1,71.0,Winter,2024,1,False,kaggle_shopping
234241,Jacket,Columbia,Women's Fashion,77.0,0.0,77.0,1,77.0,Summer,2024,6,False,kaggle_shopping
234342,Skirt,Gap,Men's Fashion,66.0,0.0,66.0,1,66.0,Spring,2024,5,False,kaggle_shopping
234443,Shirt,H&M,Men's Fashion,21.0,0.0,21.0,1,21.0,Winter,2024,1,False,kaggle_shopping
234544,Shorts,Zara,Men's Fashion,37.0,0.0,37.0,1,37.0,Summer,2024,6,False,kaggle_shopping
234645,Socks,Uniqlo,Men's Fashion,90.0,0.0,90.0,1,90.0,Fall,2024,9,False,kaggle_shopping
234746,Jacket,Patagonia,Women's Fashion,96.0,0.0,96.0,1,96.0,Fall,2024,9,False,kaggle_shopping
234847,Jewelry,Michael Kors,Accessories,37.0,0.0,37.0,1,37.0,Summer,2024,6,False,kaggle_shopping
234948,T-shirt,Zara,Men's Fashion,66.0,0.0,66.0,1,66.0,Winter,2024,1,False,kaggle_shopping
235049,Gloves,Fossil,Accessories,45.0,0.0,45.0,1,45.0,Spring,2024,5,False,kaggle_shopping
235150,Shoes,Converse,Footwear,89.0,0.0,89.0,1,89.0,Summer,2024,6,False,kaggle_shopping
235251,Shoes,New Balance,Footwear,94.0,0.0,94.0,1,94.0,Fall,2024,9,False,kaggle_shopping
235352,Shoes,Nike,Footwear,96.0,0.0,96.0,1,96.0,Summer,2024,6,False,kaggle_shopping
235453,Hoodie,H&M,Men's Fashion,31.0,0.0,31.0,1,31.0,Spring,2024,5,False,kaggle_shopping
235554,Belt,Kate Spade,Accessories,79.0,0.0,79.0,1,79.0,Winter,2024,1,False,kaggle_shopping
235655,Coat,North Face,Women's Fashion,39.0,0.0,39.0,1,39.0,Spring,2024,5,False,kaggle_shopping
235756,Blouse,Gap,Men's Fashion,22.0,0.0,22.0,1,22.0,Fall,2024,9,False,kaggle_shopping
235857,Skirt,H&M,Men's Fashion,32.0,0.0,32.0,1,32.0,Fall,2024,9,False,kaggle_shopping
235958,T-shirt,H&M,Men's Fashion,71.0,0.0,71.0,1,71.0,Winter,2024,1,False,kaggle_shopping
236059,Jeans,Zara,Men's Fashion,96.0,0.0,96.0,1,96.0,Spring,2024,5,False,kaggle_shopping
236160,Scarf,Kate Spade,Accessories,82.0,0.0,82.0,1,82.0,Fall,2024,9,False,kaggle_shopping
236261,Backpack,Kate Spade,Accessories,76.0,0.0,76.0,1,76.0,Spring,2024,5,False,kaggle_shopping
236362,Backpack,Fossil,Accessories,22.0,0.0,22.0,1,22.0,Winter,2024,1,False,kaggle_shopping
236463,Scarf,Michael Kors,Accessories,40.0,0.0,40.0,1,40.0,Winter,2024,1,False,kaggle_shopping
236564,Hat,Fossil,Accessories,92.0,0.0,92.0,1,92.0,Summer,2024,6,False,kaggle_shopping
236665,Coat,Canada Goose,Women's Fashion,94.0,0.0,94.0,1,94.0,Fall,2024,9,False,kaggle_shopping
236766,Dress,Gap,Men's Fashion,44.0,0.0,44.0,1,44.0,Fall,2024,9,False,kaggle_shopping
236867,Gloves,Kate Spade,Accessories,49.0,0.0,49.0,1,49.0,Spring,2024,5,False,kaggle_shopping
236968,Sweater,Gap,Men's Fashion,26.0,0.0,26.0,1,26.0,Spring,2024,5,False,kaggle_shopping
237069,Skirt,Zara,Men's Fashion,38.0,0.0,38.0,1,38.0,Fall,2024,9,False,kaggle_shopping
237170,Blouse,Gap,Men's Fashion,72.0,0.0,72.0,1,72.0,Spring,2024,5,False,kaggle_shopping
237271,Dress,Uniqlo,Men's Fashion,99.0,0.0,99.0,1,99.0,Summer,2024,6,False,kaggle_shopping
237372,Jacket,North Face,Women's Fashion,38.0,0.0,38.0,1,38.0,Spring,2024,5,False,kaggle_shopping
237473,Coat,North Face,Women's Fashion,96.0,0.0,96.0,1,96.0,Winter,2024,1,False,kaggle_shopping
237574,Dress,H&M,Men's Fashion,27.0,0.0,27.0,1,27.0,Spring,2024,5,False,kaggle_shopping
237675,Shorts,Gap,Men's Fashion,24.0,0.0,24.0,1,24.0,Winter,2024,1,False,kaggle_shopping
237776,Jeans,Uniqlo,Men's Fashion,82.0,0.0,82.0,1,82.0,Summer,2024,6,False,kaggle_shopping
237877,Hat,Michael Kors,Accessories,56.0,0.0,56.0,1,56.0,Summer,2024,6,False,kaggle_shopping
237978,Gloves,Coach,Accessories,25.0,0.0,25.0,1,25.0,Fall,2024,9,False,kaggle_shopping
238079,Sneakers,Nike,Footwear,67.0,0.0,67.0,1,67.0,Spring,2024,5,False,kaggle_shopping
238180,Shoes,Converse,Footwear,21.0,0.0,21.0,1,21.0,Summer,2024,6,False,kaggle_shopping
238281,Hoodie,Forever 21,Men's Fashion,27.0,0.0,27.0,1,27.0,Summer,2024,6,False,kaggle_shopping
238382,Sneakers,Converse,Footwear,97.0,0.0,97.0,1,97.0,Fall,2024,9,False,kaggle_shopping
238483,Handbag,Michael Kors,Accessories,45.0,0.0,45.0,1,45.0,Winter,2024,1,False,kaggle_shopping
238584,Blouse,Gap,Men's Fashion,63.0,0.0,63.0,1,63.0,Fall,2024,9,False,kaggle_shopping
238685,Belt,Kate Spade,Accessories,100.0,0.0,100.0,1,100.0,Summer,2024,6,False,kaggle_shopping
238786,Socks,Forever 21,Men's Fashion,38.0,0.0,38.0,1,38.0,Spring,2024,5,False,kaggle_shopping
238887,Blouse,Zara,Men's Fashion,45.0,0.0,45.0,1,45.0,Summer,2024,6,False,kaggle_shopping
238988,Jewelry,Kate Spade,Accessories,91.0,0.0,91.0,1,91.0,Fall,2024,9,False,kaggle_shopping
239089,Shorts,Uniqlo,Men's Fashion,82.0,0.0,82.0,1,82.0,Fall,2024,9,False,kaggle_shopping
239190,Boots,Nike,Footwear,48.0,0.0,48.0,1,48.0,Winter,2024,1,False,kaggle_shopping
239291,Coat,Canada Goose,Women's Fashion,30.0,0.0,30.0,1,30.0,Spring,2024,5,False,kaggle_shopping
239392,T-shirt,H&M,Men's Fashion,34.0,0.0,34.0,1,34.0,Spring,2024,5,False,kaggle_shopping
239493,Sweater,Zara,Men's Fashion,68.0,0.0,68.0,1,68.0,Fall,2024,9,False,kaggle_shopping
239594,Sunglasses,Coach,Accessories,95.0,0.0,95.0,1,95.0,Winter,2024,1,False,kaggle_shopping
239695,Hat,Kate Spade,Accessories,22.0,0.0,22.0,1,22.0,Spring,2024,5,False,kaggle_shopping
239796,Gloves,Kate Spade,Accessories,88.0,0.0,88.0,1,88.0,Fall,2024,9,False,kaggle_shopping
239897,Socks,Forever 21,Men's Fashion,83.0,0.0,83.0,1,83.0,Summer,2024,6,False,kaggle_shopping
239998,Handbag,Michael Kors,Accessories,87.0,0.0,87.0,1,87.0,Spring,2024,5,False,kaggle_shopping
240099,Coat,Columbia,Women's Fashion,57.0,0.0,57.0,1,57.0,Summer,2024,6,False,kaggle_shopping
240100,Coat,Canada Goose,Women's Fashion,88.0,0.0,88.0,1,88.0,Summer,2024,6,False,kaggle_shopping
240201,Pants,H&M,Men's Fashion,20.0,0.0,20.0,1,20.0,Winter,2024,1,False,kaggle_shopping
240302,Belt,Coach,Accessories,39.0,0.0,39.0,1,39.0,Summer,2024,6,False,kaggle_shopping
240403,Sunglasses,Kate Spade,Accessories,71.0,0.0,71.0,1,71.0,Spring,2024,5,False,kaggle_shopping
240504,Hoodie,Zara,Men's Fashion,73.0,0.0,73.0,1,73.0,Winter,2024,1,False,kaggle_shopping
240605,Handbag,Coach,Accessories,63.0,0.0,63.0,1,63.0,Summer,2024,6,False,kaggle_shopping
240706,Gloves,Michael Kors,Accessories,78.0,0.0,78.0,1,78.0,Winter,2024,1,False,kaggle_shopping
240807,Skirt,Uniqlo,Men's Fashion,96.0,0.0,96.0,1,96.0,Fall,2024,9,False,kaggle_shopping
240908,Sunglasses,Kate Spade,Accessories,81.0,0.0,81.0,1,81.0,Winter,2024,1,False,kaggle_shopping
241009,Dress,Zara,Men's Fashion,95.0,0.0,95.0,1,95.0,Fall,2024,9,False,kaggle_shopping
241110,Gloves,Fossil,Accessories,68.0,0.0,68.0,1,68.0,Spring,2024,5,False,kaggle_shopping
241211,Sneakers,Adidas,Footwear,28.0,0.0,28.0,1,28.0,Spring,2024,5,False,kaggle_shopping
241312,T-shirt,Uniqlo,Men's Fashion,30.0,0.0,30.0,1,30.0,Summer,2024,6,False,kaggle_shopping
241413,Dress,Forever 21,Men's Fashion,31.0,0.0,31.0,1,31.0,Summer,2024,6,False,kaggle_shopping
241514,Handbag,Kate Spade,Accessories,95.0,0.0,95.0,1,95.0,Winter,2024,1,False,kaggle_shopping
241615,Socks,Zara,Men's Fashion,79.0,0.0,79.0,1,79.0,Winter,2024,1,False,kaggle_shopping
241716,Sneakers,Nike,Footwear,39.0,0.0,39.0,1,39.0,Winter,2024,1,False,kaggle_shopping
241817,Jacket,Canada Goose,Women's Fashion,34.0,0.0,34.0,1,34.0,Summer,2024,6,False,kaggle_shopping
241918,Hoodie,Gap,Men's Fashion,28.0,0.0,28.0,1,28.0,Spring,2024,5,False,kaggle_shopping
242019,Sandals,Nike,Footwear,38.0,0.0,38.0,1,38.0,Winter,2024,1,False,kaggle_shopping
242120,Shoes,Adidas,Footwear,55.0,0.0,55.0,1,55.0,Spring,2024,5,False,kaggle_shopping
242221,Sandals,Puma,Footwear,31.0,0.0,31.0,1,31.0,Winter,2024,1,False,kaggle_shopping
242322,Coat,Columbia,Women's Fashion,84.0,0.0,84.0,1,84.0,Spring,2024,5,False,kaggle_shopping
242423,Gloves,Kate Spade,Accessories,93.0,0.0,93.0,1,93.0,Winter,2024,1,False,kaggle_shopping
242524,Coat,Columbia,Women's Fashion,28.0,0.0,28.0,1,28.0,Winter,2024,1,False,kaggle_shopping
242625,Boots,Converse,Footwear,55.0,0.0,55.0,1,55.0,Summer,2024,6,False,kaggle_shopping
242726,Skirt,Zara,Men's Fashion,63.0,0.0,63.0,1,63.0,Winter,2024,1,False,kaggle_shopping
242827,Skirt,Forever 21,Men's Fashion,94.0,0.0,94.0,1,94.0,Winter,2024,1,False,kaggle_shopping
242928,Pants,Forever 21,Men's Fashion,36.0,0.0,36.0,1,36.0,Fall,2024,9,False,kaggle_shopping
243029,Hat,Fossil,Accessories,97.0,0.0,97.0,1,97.0,Spring,2024,5,False,kaggle_shopping
243130,Backpack,Fossil,Accessories,63.0,0.0,63.0,1,63.0,Summer,2024,6,False,kaggle_shopping
243231,Scarf,Kate Spade,Accessories,77.0,0.0,77.0,1,77.0,Spring,2024,5,False,kaggle_shopping
243332,Scarf,Coach,Accessories,53.0,0.0,53.0,1,53.0,Fall,2024,9,False,kaggle_shopping
243433,Shirt,Forever 21,Men's Fashion,77.0,0.0,77.0,1,77.0,Spring,2024,5,False,kaggle_shopping
243534,Boots,Puma,Footwear,79.0,0.0,79.0,1,79.0,Summer,2024,6,False,kaggle_shopping
243635,Coat,Columbia,Women's Fashion,37.0,0.0,37.0,1,37.0,Summer,2024,6,False,kaggle_shopping
243736,Belt,Coach,Accessories,94.0,0.0,94.0,1,94.0,Winter,2024,1,False,kaggle_shopping
243837,Boots,Converse,Footwear,76.0,0.0,76.0,1,76.0,Fall,2024,9,False,kaggle_shopping
243938,Sneakers,New Balance,Footwear,68.0,0.0,68.0,1,68.0,Fall,2024,9,False,kaggle_shopping
244039,Shirt,Forever 21,Men's Fashion,65.0,0.0,65.0,1,65.0,Spring,2024,5,False,kaggle_shopping
244140,Blouse,H&M,Men's Fashion,24.0,0.0,24.0,1,24.0,Summer,2024,6,False,kaggle_shopping
244241,Jacket,Columbia,Women's Fashion,31.0,0.0,31.0,1,31.0,Summer,2024,6,False,kaggle_shopping
244342,Skirt,H&M,Men's Fashion,89.0,0.0,89.0,1,89.0,Fall,2024,9,False,kaggle_shopping
244443,Socks,Zara,Men's Fashion,49.0,0.0,49.0,1,49.0,Summer,2024,6,False,kaggle_shopping
244544,Sandals,Converse,Footwear,92.0,0.0,92.0,1,92.0,Fall,2024,9,False,kaggle_shopping
244645,T-shirt,Zara,Men's Fashion,32.0,0.0,32.0,1,32.0,Winter,2024,1,False,kaggle_shopping
244746,Jacket,Canada Goose,Women's Fashion,67.0,0.0,67.0,1,67.0,Winter,2024,1,False,kaggle_shopping
244847,Belt,Coach,Accessories,64.0,0.0,64.0,1,64.0,Fall,2024,9,False,kaggle_shopping
244948,Shoes,Puma,Footwear,84.0,0.0,84.0,1,84.0,Spring,2024,5,False,kaggle_shopping
245049,Blouse,Forever 21,Men's Fashion,34.0,0.0,34.0,1,34.0,Fall,2024,9,False,kaggle_shopping
245150,Shoes,Converse,Footwear,26.0,0.0,26.0,1,26.0,Winter,2024,1,False,kaggle_shopping
245251,Sweater,Gap,Men's Fashion,50.0,0.0,50.0,1,50.0,Fall,2024,9,False,kaggle_shopping
245352,Boots,New Balance,Footwear,46.0,0.0,46.0,1,46.0,Fall,2024,9,False,kaggle_shopping
245453,Handbag,Fossil,Accessories,71.0,0.0,71.0,1,71.0,Fall,2024,9,False,kaggle_shopping
245554,Blouse,Forever 21,Men's Fashion,78.0,0.0,78.0,1,78.0,Summer,2024,6,False,kaggle_shopping
245655,Skirt,Uniqlo,Men's Fashion,35.0,0.0,35.0,1,35.0,Winter,2024,1,False,kaggle_shopping
245756,Backpack,Coach,Accessories,58.0,0.0,58.0,1,58.0,Summer,2024,6,False,kaggle_shopping
245857,Shirt,H&M,Men's Fashion,67.0,0.0,67.0,1,67.0,Fall,2024,9,False,kaggle_shopping
245958,Sweater,Zara,Men's Fashion,93.0,0.0,93.0,1,93.0,Spring,2024,5,False,kaggle_shopping
246059,Scarf,Coach,Accessories,81.0,0.0,81.0,1,81.0,Spring,2024,5,False,kaggle_shopping
246160,Handbag,Kate Spade,Accessories,80.0,0.0,80.0,1,80.0,Fall,2024,9,False,kaggle_shopping
246261,Scarf,Kate Spade,Accessories,64.0,0.0,64.0,1,64.0,Spring,2024,5,False,kaggle_shopping
246362,Jeans,Uniqlo,Men's Fashion,41.0,0.0,41.0,1,41.0,Fall,2024,9,False,kaggle_shopping
246463,Socks,Forever 21,Men's Fashion,79.0,0.0,79.0,1,79.0,Winter,2024,1,False,kaggle_shopping
246564,Sunglasses,Michael Kors,Accessories,60.0,0.0,60.0,1,60.0,Winter,2024,1,False,kaggle_shopping
246665,Sneakers,Puma,Footwear,91.0,0.0,91.0,1,91.0,Winter,2024,1,False,kaggle_shopping
246766,Shoes,New Balance,Footwear,66.0,0.0,66.0,1,66.0,Winter,2024,1,False,kaggle_shopping
246867,Socks,Uniqlo,Men's Fashion,85.0,0.0,85.0,1,85.0,Winter,2024,1,False,kaggle_shopping
246968,Sunglasses,Michael Kors,Accessories,38.0,0.0,38.0,1,38.0,Summer,2024,6,False,kaggle_shopping
247069,Sweater,Gap,Men's Fashion,23.0,0.0,23.0,1,23.0,Winter,2024,1,False,kaggle_shopping
247170,Shoes,Puma,Footwear,71.0,0.0,71.0,1,71.0,Spring,2024,5,False,kaggle_shopping
247271,Socks,Uniqlo,Men's Fashion,25.0,0.0,25.0,1,25.0,Winter,2024,1,False,kaggle_shopping
247372,Boots,Adidas,Footwear,39.0,0.0,39.0,1,39.0,Spring,2024,5,False,kaggle_shopping
247473,Hoodie,Forever 21,Men's Fashion,20.0,0.0,20.0,1,20.0,Spring,2024,5,False,kaggle_shopping
247574,Gloves,Coach,Accessories,73.0,0.0,73.0,1,73.0,Winter,2024,1,False,kaggle_shopping
247675,Backpack,Fossil,Accessories,63.0,0.0,63.0,1,63.0,Fall,2024,9,False,kaggle_shopping
247776,Gloves,Michael Kors,Accessories,94.0,0.0,94.0,1,94.0,Spring,2024,5,False,kaggle_shopping
247877,Blouse,Gap,Men's Fashion,94.0,0.0,94.0,1,94.0,Fall,2024,9,False,kaggle_shopping
247978,Scarf,Michael Kors,Accessories,71.0,0.0,71.0,1,71.0,Summer,2024,6,False,kaggle_shopping
248079,Hat,Michael Kors,Accessories,77.0,0.0,77.0,1,77.0,Spring,2024,5,False,kaggle_shopping
248180,Scarf,Kate Spade,Accessories,66.0,0.0,66.0,1,66.0,Fall,2024,9,False,kaggle_shopping
248281,Sandals,Adidas,Footwear,23.0,0.0,23.0,1,23.0,Summer,2024,6,False,kaggle_shopping
248382,Sweater,Zara,Men's Fashion,60.0,0.0,60.0,1,60.0,Spring,2024,5,False,kaggle_shopping
248483,Backpack,Michael Kors,Accessories,72.0,0.0,72.0,1,72.0,Spring,2024,5,False,kaggle_shopping
248584,Blouse,Gap,Men's Fashion,35.0,0.0,35.0,1,35.0,Winter,2024,1,False,kaggle_shopping
248685,Scarf,Coach,Accessories,31.0,0.0,31.0,1,31.0,Fall,2024,9,False,kaggle_shopping
248786,Socks,Gap,Men's Fashion,33.0,0.0,33.0,1,33.0,Summer,2024,6,False,kaggle_shopping
248887,Hat,Kate Spade,Accessories,95.0,0.0,95.0,1,95.0,Summer,2024,6,False,kaggle_shopping
248988,Dress,Forever 21,Men's Fashion,68.0,0.0,68.0,1,68.0,Fall,2024,9,False,kaggle_shopping
249089,Coat,Patagonia,Women's Fashion,87.0,0.0,87.0,1,87.0,Spring,2024,5,False,kaggle_shopping
249190,Shirt,Zara,Men's Fashion,64.0,0.0,64.0,1,64.0,Winter,2024,1,False,kaggle_shopping
249291,Shirt,Forever 21,Men's Fashion,74.0,0.0,74.0,1,74.0,Winter,2024,1,False,kaggle_shopping
249392,Jeans,Zara,Men's Fashion,62.0,0.0,62.0,1,62.0,Spring,2024,5,False,kaggle_shopping
249493,Socks,Forever 21,Men's Fashion,97.0,0.0,97.0,1,97.0,Winter,2024,1,False,kaggle_shopping
249594,Sandals,Adidas,Footwear,47.0,0.0,47.0,1,47.0,Fall,2024,9,False,kaggle_shopping
249695,Blouse,Forever 21,Men's Fashion,83.0,0.0,83.0,1,83.0,Winter,2024,1,False,kaggle_shopping
249796,Shirt,Zara,Men's Fashion,82.0,0.0,82.0,1,82.0,Spring,2024,5,False,kaggle_shopping
249897,Sunglasses,Michael Kors,Accessories,26.0,0.0,26.0,1,26.0,Fall,2024,9,False,kaggle_shopping
249998,Jacket,Patagonia,Women's Fashion,81.0,0.0,81.0,1,81.0,Winter,2024,1,False,kaggle_shopping
250099,Dress,Gap,Men's Fashion,44.0,0.0,44.0,1,44.0,Spring,2024,5,False,kaggle_shopping
250100,Sunglasses,Michael Kors,Accessories,88.0,0.0,88.0,1,88.0,Winter,2024,1,False,kaggle_shopping
250201,Boots,Converse,Footwear,76.0,0.0,76.0,1,76.0,Winter,2024,1,False,kaggle_shopping
250302,Scarf,Kate Spade,Accessories,89.0,0.0,89.0,1,89.0,Winter,2024,1,False,kaggle_shopping
250403,Shorts,Gap,Men's Fashion,22.0,0.0,22.0,1,22.0,Fall,2024,9,False,kaggle_shopping
250504,Shorts,H&M,Men's Fashion,33.0,0.0,33.0,1,33.0,Winter,2024,1,False,kaggle_shopping
250605,Jeans,Zara,Men's Fashion,97.0,0.0,97.0,1,97.0,Fall,2024,9,False,kaggle_shopping
250706,Scarf,Coach,Accessories,57.0,0.0,57.0,1,57.0,Winter,2024,1,False,kaggle_shopping
250807,Shorts,Uniqlo,Men's Fashion,38.0,0.0,38.0,1,38.0,Summer,2024,6,False,kaggle_shopping
250908,Sneakers,Nike,Footwear,55.0,0.0,55.0,1,55.0,Fall,2024,9,False,kaggle_shopping
251009,Jewelry,Michael Kors,Accessories,37.0,0.0,37.0,1,37.0,Spring,2024,5,False,kaggle_shopping
251110,Shoes,Puma,Footwear,43.0,0.0,43.0,1,43.0,Summer,2024,6,False,kaggle_shopping
251211,Hoodie,H&M,Men's Fashion,96.0,0.0,96.0,1,96.0,Summer,2024,6,False,kaggle_shopping
251312,Jacket,North Face,Women's Fashion,51.0,0.0,51.0,1,51.0,Winter,2024,1,False,kaggle_shopping
251413,Shorts,Zara,Men's Fashion,95.0,0.0,95.0,1,95.0,Fall,2024,9,False,kaggle_shopping
251514,Socks,Forever 21,Men's Fashion,26.0,0.0,26.0,1,26.0,Summer,2024,6,False,kaggle_shopping
251615,Coat,Columbia,Women's Fashion,34.0,0.0,34.0,1,34.0,Fall,2024,9,False,kaggle_shopping
251716,Sandals,Nike,Footwear,83.0,0.0,83.0,1,83.0,Summer,2024,6,False,kaggle_shopping
251817,Backpack,Coach,Accessories,24.0,0.0,24.0,1,24.0,Fall,2024,9,False,kaggle_shopping
251918,Pants,Zara,Men's Fashion,69.0,0.0,69.0,1,69.0,Fall,2024,9,False,kaggle_shopping
252019,Sweater,Gap,Men's Fashion,40.0,0.0,40.0,1,40.0,Fall,2024,9,False,kaggle_shopping
252120,Jacket,Patagonia,Women's Fashion,87.0,0.0,87.0,1,87.0,Winter,2024,1,False,kaggle_shopping
252221,Sneakers,New Balance,Footwear,46.0,0.0,46.0,1,46.0,Spring,2024,5,False,kaggle_shopping
252322,Jewelry,Fossil,Accessories,82.0,0.0,82.0,1,82.0,Winter,2024,1,False,kaggle_shopping
252423,Backpack,Michael Kors,Accessories,81.0,0.0,81.0,1,81.0,Summer,2024,6,False,kaggle_shopping
252524,Jewelry,Kate Spade,Accessories,57.0,0.0,57.0,1,57.0,Winter,2024,1,False,kaggle_shopping
252625,Shoes,Puma,Footwear,49.0,0.0,49.0,1,49.0,Summer,2024,6,False,kaggle_shopping
252726,Jacket,Patagonia,Women's Fashion,42.0,0.0,42.0,1,42.0,Fall,2024,9,False,kaggle_shopping
252827,Jacket,Columbia,Women's Fashion,26.0,0.0,26.0,1,26.0,Spring,2024,5,False,kaggle_shopping
252928,T-shirt,Zara,Men's Fashion,38.0,0.0,38.0,1,38.0,Spring,2024,5,False,kaggle_shopping
253029,Sneakers,New Balance,Footwear,57.0,0.0,57.0,1,57.0,Summer,2024,6,False,kaggle_shopping
253130,Jacket,Patagonia,Women's Fashion,100.0,0.0,100.0,1,100.0,Summer,2024,6,False,kaggle_shopping
253231,Hoodie,Forever 21,Men's Fashion,73.0,0.0,73.0,1,73.0,Fall,2024,9,False,kaggle_shopping
253332,Jacket,North Face,Women's Fashion,66.0,0.0,66.0,1,66.0,Winter,2024,1,False,kaggle_shopping
253433,T-shirt,Zara,Men's Fashion,73.0,0.0,73.0,1,73.0,Spring,2024,5,False,kaggle_shopping
253534,Gloves,Coach,Accessories,45.0,0.0,45.0,1,45.0,Spring,2024,5,False,kaggle_shopping
253635,Sneakers,Adidas,Footwear,27.0,0.0,27.0,1,27.0,Fall,2024,9,False,kaggle_shopping
253736,T-shirt,Gap,Men's Fashion,24.0,0.0,24.0,1,24.0,Fall,2024,9,False,kaggle_shopping
253837,Sneakers,Converse,Footwear,59.0,0.0,59.0,1,59.0,Winter,2024,1,False,kaggle_shopping
253938,Jeans,Uniqlo,Men's Fashion,20.0,0.0,20.0,1,20.0,Winter,2024,1,False,kaggle_shopping
254039,Handbag,Michael Kors,Accessories,44.0,0.0,44.0,1,44.0,Summer,2024,6,False,kaggle_shopping
254140,Socks,H&M,Men's Fashion,90.0,0.0,90.0,1,90.0,Spring,2024,5,False,kaggle_shopping
254241,Jewelry,Michael Kors,Accessories,36.0,0.0,36.0,1,36.0,Fall,2024,9,False,kaggle_shopping
254342,Blouse,Gap,Men's Fashion,95.0,0.0,95.0,1,95.0,Winter,2024,1,False,kaggle_shopping
254443,Backpack,Michael Kors,Accessories,30.0,0.0,30.0,1,30.0,Spring,2024,5,False,kaggle_shopping
254544,Scarf,Fossil,Accessories,65.0,0.0,65.0,1,65.0,Fall,2024,9,False,kaggle_shopping
254645,Scarf,Kate Spade,Accessories,96.0,0.0,96.0,1,96.0,Summer,2024,6,False,kaggle_shopping
254746,Shirt,Forever 21,Men's Fashion,65.0,0.0,65.0,1,65.0,Spring,2024,5,False,kaggle_shopping
254847,Pants,Forever 21,Men's Fashion,47.0,0.0,47.0,1,47.0,Fall,2024,9,False,kaggle_shopping
254948,Hat,Michael Kors,Accessories,25.0,0.0,25.0,1,25.0,Fall,2024,9,False,kaggle_shopping
255049,Coat,Canada Goose,Women's Fashion,56.0,0.0,56.0,1,56.0,Fall,2024,9,False,kaggle_shopping
255150,T-shirt,Zara,Men's Fashion,76.0,0.0,76.0,1,76.0,Fall,2024,9,False,kaggle_shopping
255251,Socks,Uniqlo,Men's Fashion,60.0,0.0,60.0,1,60.0,Fall,2024,9,False,kaggle_shopping
255352,Shirt,Gap,Men's Fashion,67.0,0.0,67.0,1,67.0,Winter,2024,1,False,kaggle_shopping
255453,Sweater,Zara,Men's Fashion,95.0,0.0,95.0,1,95.0,Spring,2024,5,False,kaggle_shopping
255554,Gloves,Michael Kors,Accessories,72.0,0.0,72.0,1,72.0,Winter,2024,1,False,kaggle_shopping
255655,Belt,Michael Kors,Accessories,98.0,0.0,98.0,1,98.0,Spring,2024,5,False,kaggle_shopping
255756,Jeans,H&M,Men's Fashion,83.0,0.0,83.0,1,83.0,Winter,2024,1,False,kaggle_shopping
255857,Handbag,Kate Spade,Accessories,37.0,0.0,37.0,1,37.0,Fall,2024,9,False,kaggle_shopping
255958,T-shirt,Zara,Men's Fashion,85.0,0.0,85.0,1,85.0,Fall,2024,9,False,kaggle_shopping
256059,Socks,H&M,Men's Fashion,36.0,0.0,36.0,1,36.0,Fall,2024,9,False,kaggle_shopping
256160,Jeans,Forever 21,Men's Fashion,36.0,0.0,36.0,1,36.0,Winter,2024,1,False,kaggle_shopping
256261,Scarf,Coach,Accessories,86.0,0.0,86.0,1,86.0,Summer,2024,6,False,kaggle_shopping
256362,Pants,Gap,Men's Fashion,99.0,0.0,99.0,1,99.0,Spring,2024,5,False,kaggle_shopping
256463,Blouse,Gap,Men's Fashion,21.0,0.0,21.0,1,21.0,Summer,2024,6,False,kaggle_shopping
256564,Jacket,Canada Goose,Women's Fashion,84.0,0.0,84.0,1,84.0,Winter,2024,1,False,kaggle_shopping
256665,Sandals,Adidas,Footwear,63.0,0.0,63.0,1,63.0,Spring,2024,5,False,kaggle_shopping
256766,Shorts,Uniqlo,Men's Fashion,84.0,0.0,84.0,1,84.0,Summer,2024,6,False,kaggle_shopping
256867,Shorts,Uniqlo,Men's Fashion,72.0,0.0,72.0,1,72.0,Spring,2024,5,False,kaggle_shopping
256968,Skirt,Zara,Men's Fashion,21.0,0.0,21.0,1,21.0,Winter,2024,1,False,kaggle_shopping
257069,Sandals,New Balance,Footwear,92.0,0.0,92.0,1,92.0,Fall,2024,9,False,kaggle_shopping
257170,Blouse,Forever 21,Men's Fashion,72.0,0.0,72.0,1,72.0,Fall,2024,9,False,kaggle_shopping
257271,Sandals,New Balance,Footwear,83.0,0.0,83.0,1,83.0,Spring,2024,5,False,kaggle_shopping
257372,Shirt,H&M,Men's Fashion,73.0,0.0,73.0,1,73.0,Summer,2024,6,False,kaggle_shopping
257473,Socks,Zara,Men's Fashion,98.0,0.0,98.0,1,98.0,Winter,2024,1,False,kaggle_shopping
257574,T-shirt,Forever 21,Men's Fashion,76.0,0.0,76.0,1,76.0,Fall,2024,9,False,kaggle_shopping
257675,Dress,Zara,Men's Fashion,43.0,0.0,43.0,1,43.0,Summer,2024,6,False,kaggle_shopping
257776,Hat,Coach,Accessories,60.0,0.0,60.0,1,60.0,Summer,2024,6,False,kaggle_shopping
257877,Gloves,Coach,Accessories,40.0,0.0,40.0,1,40.0,Spring,2024,5,False,kaggle_shopping
257978,Socks,Forever 21,Men's Fashion,93.0,0.0,93.0,1,93.0,Winter,2024,1,False,kaggle_shopping
258079,Dress,Zara,Men's Fashion,98.0,0.0,98.0,1,98.0,Fall,2024,9,False,kaggle_shopping
258180,Socks,Uniqlo,Men's Fashion,91.0,0.0,91.0,1,91.0,Summer,2024,6,False,kaggle_shopping
258281,Belt,Michael Kors,Accessories,92.0,0.0,92.0,1,92.0,Fall,2024,9,False,kaggle_shopping
258382,Handbag,Fossil,Accessories,87.0,0.0,87.0,1,87.0,Winter,2024,1,False,kaggle_shopping
258483,Skirt,H&M,Men's Fashion,96.0,0.0,96.0,1,96.0,Fall,2024,9,False,kaggle_shopping
258584,Hoodie,Gap,Men's Fashion,97.0,0.0,97.0,1,97.0,Summer,2024,6,False,kaggle_shopping
258685,Blouse,H&M,Men's Fashion,55.0,0.0,55.0,1,55.0,Spring,2024,5,False,kaggle_shopping
258786,Jeans,H&M,Men's Fashion,58.0,0.0,58.0,1,58.0,Spring,2024,5,False,kaggle_shopping
258887,Boots,Puma,Footwear,21.0,0.0,21.0,1,21.0,Spring,2024,5,False,kaggle_shopping
258988,Handbag,Coach,Accessories,82.0,0.0,82.0,1,82.0,Summer,2024,6,False,kaggle_shopping
259089,Coat,North Face,Women's Fashion,34.0,0.0,34.0,1,34.0,Winter,2024,1,False,kaggle_shopping
259190,Blouse,Uniqlo,Men's Fashion,78.0,0.0,78.0,1,78.0,Spring,2024,5,False,kaggle_shopping
259291,Handbag,Kate Spade,Accessories,47.0,0.0,47.0,1,47.0,Spring,2024,5,False,kaggle_shopping
259392,Sunglasses,Michael Kors,Accessories,96.0,0.0,96.0,1,96.0,Summer,2024,6,False,kaggle_shopping
259493,Socks,Forever 21,Men's Fashion,23.0,0.0,23.0,1,23.0,Fall,2024,9,False,kaggle_shopping
259594,Shoes,Puma,Footwear,27.0,0.0,27.0,1,27.0,Winter,2024,1,False,kaggle_shopping
259695,Backpack,Fossil,Accessories,37.0,0.0,37.0,1,37.0,Spring,2024,5,False,kaggle_shopping
259796,Scarf,Fossil,Accessories,79.0,0.0,79.0,1,79.0,Summer,2024,6,False,kaggle_shopping
259897,Backpack,Coach,Accessories,40.0,0.0,40.0,1,40.0,Summer,2024,6,False,kaggle_shopping
259998,Coat,North Face,Women's Fashion,39.0,0.0,39.0,1,39.0,Fall,2024,9,False,kaggle_shopping
260099,Hoodie,Zara,Men's Fashion,73.0,0.0,73.0,1,73.0,Summer,2024,6,False,kaggle_shopping
260100,Gloves,Coach,Accessories,84.0,0.0,84.0,1,84.0,Fall,2024,9,False,kaggle_shopping
260201,Shorts,Gap,Men's Fashion,94.0,0.0,94.0,1,94.0,Fall,2024,9,False,kaggle_shopping
260302,Skirt,Uniqlo,Men's Fashion,47.0,0.0,47.0,1,47.0,Spring,2024,5,False,kaggle_shopping
260403,Boots,Puma,Footwear,77.0,0.0,77.0,1,77.0,Summer,2024,6,False,kaggle_shopping
260504,Shorts,Forever 21,Men's Fashion,94.0,0.0,94.0,1,94.0,Winter,2024,1,False,kaggle_shopping
260605,Handbag,Fossil,Accessories,75.0,0.0,75.0,1,75.0,Summer,2024,6,False,kaggle_shopping
260706,Dress,Zara,Men's Fashion,82.0,0.0,82.0,1,82.0,Spring,2024,5,False,kaggle_shopping
260807,Shoes,Puma,Footwear,36.0,0.0,36.0,1,36.0,Fall,2024,9,False,kaggle_shopping
260908,Sneakers,New Balance,Footwear,90.0,0.0,90.0,1,90.0,Spring,2024,5,False,kaggle_shopping
261009,Socks,Forever 21,Men's Fashion,48.0,0.0,48.0,1,48.0,Spring,2024,5,False,kaggle_shopping
261110,Jacket,North Face,Women's Fashion,42.0,0.0,42.0,1,42.0,Winter,2024,1,False,kaggle_shopping
261211,Backpack,Fossil,Accessories,33.0,0.0,33.0,1,33.0,Summer,2024,6,False,kaggle_shopping
261312,Socks,Forever 21,Men's Fashion,63.0,0.0,63.0,1,63.0,Summer,2024,6,False,kaggle_shopping
261413,Handbag,Michael Kors,Accessories,53.0,0.0,53.0,1,53.0,Winter,2024,1,False,kaggle_shopping
261514,Hat,Kate Spade,Accessories,37.0,0.0,37.0,1,37.0,Spring,2024,5,False,kaggle_shopping
261615,Blouse,Forever 21,Men's Fashion,92.0,0.0,92.0,1,92.0,Summer,2024,6,False,kaggle_shopping
261716,Shorts,Zara,Men's Fashion,73.0,0.0,73.0,1,73.0,Spring,2024,5,False,kaggle_shopping
261817,Shirt,Gap,Men's Fashion,38.0,0.0,38.0,1,38.0,Spring,2024,5,False,kaggle_shopping
261918,Boots,Converse,Footwear,51.0,0.0,51.0,1,51.0,Fall,2024,9,False,kaggle_shopping
262019,Jacket,Canada Goose,Women's Fashion,90.0,0.0,90.0,1,90.0,Spring,2024,5,False,kaggle_shopping
262120,Jacket,Columbia,Women's Fashion,56.0,0.0,56.0,1,56.0,Summer,2024,6,False,kaggle_shopping
262221,Handbag,Fossil,Accessories,33.0,0.0,33.0,1,33.0,Fall,2024,9,False,kaggle_shopping
262322,Belt,Fossil,Accessories,53.0,0.0,53.0,1,53.0,Winter,2024,1,False,kaggle_shopping
262423,Handbag,Coach,Accessories,24.0,0.0,24.0,1,24.0,Spring,2024,5,False,kaggle_shopping
262524,Coat,Canada Goose,Women's Fashion,59.0,0.0,59.0,1,59.0,Spring,2024,5,False,kaggle_shopping
262625,Sweater,Uniqlo,Men's Fashion,72.0,0.0,72.0,1,72.0,Winter,2024,1,False,kaggle_shopping
262726,Shorts,Forever 21,Men's Fashion,28.0,0.0,28.0,1,28.0,Spring,2024,5,False,kaggle_shopping
262827,Pants,Forever 21,Men's Fashion,36.0,0.0,36.0,1,36.0,Fall,2024,9,False,kaggle_shopping
262928,Jewelry,Fossil,Accessories,47.0,0.0,47.0,1,47.0,Fall,2024,9,False,kaggle_shopping
263029,Gloves,Fossil,Accessories,62.0,0.0,62.0,1,62.0,Spring,2024,5,False,kaggle_shopping
263130,Skirt,Forever 21,Men's Fashion,98.0,0.0,98.0,1,98.0,Spring,2024,5,False,kaggle_shopping
263231,Sandals,Converse,Footwear,28.0,0.0,28.0,1,28.0,Summer,2024,6,False,kaggle_shopping
263332,Socks,Gap,Men's Fashion,86.0,0.0,86.0,1,86.0,Summer,2024,6,False,kaggle_shopping
263433,Jewelry,Kate Spade,Accessories,46.0,0.0,46.0,1,46.0,Summer,2024,6,False,kaggle_shopping
263534,Sunglasses,Coach,Accessories,42.0,0.0,42.0,1,42.0,Fall,2024,9,False,kaggle_shopping
263635,Coat,Columbia,Women's Fashion,80.0,0.0,80.0,1,80.0,Winter,2024,1,False,kaggle_shopping
263736,Belt,Michael Kors,Accessories,39.0,0.0,39.0,1,39.0,Spring,2024,5,False,kaggle_shopping
263837,Coat,North Face,Women's Fashion,49.0,0.0,49.0,1,49.0,Summer,2024,6,False,kaggle_shopping
263938,Scarf,Michael Kors,Accessories,32.0,0.0,32.0,1,32.0,Summer,2024,6,False,kaggle_shopping
264039,Sandals,New Balance,Footwear,73.0,0.0,73.0,1,73.0,Fall,2024,9,False,kaggle_shopping
264140,Belt,Coach,Accessories,42.0,0.0,42.0,1,42.0,Summer,2024,6,False,kaggle_shopping
264241,Scarf,Coach,Accessories,58.0,0.0,58.0,1,58.0,Spring,2024,5,False,kaggle_shopping
264342,Jewelry,Kate Spade,Accessories,22.0,0.0,22.0,1,22.0,Winter,2024,1,False,kaggle_shopping
264443,Scarf,Fossil,Accessories,56.0,0.0,56.0,1,56.0,Spring,2024,5,False,kaggle_shopping
264544,Pants,Gap,Men's Fashion,70.0,0.0,70.0,1,70.0,Spring,2024,5,False,kaggle_shopping
264645,Shoes,Converse,Footwear,50.0,0.0,50.0,1,50.0,Spring,2024,5,False,kaggle_shopping
264746,Boots,Adidas,Footwear,21.0,0.0,21.0,1,21.0,Summer,2024,6,False,kaggle_shopping
264847,Jacket,Patagonia,Women's Fashion,97.0,0.0,97.0,1,97.0,Summer,2024,6,False,kaggle_shopping
264948,Backpack,Kate Spade,Accessories,63.0,0.0,63.0,1,63.0,Winter,2024,1,False,kaggle_shopping
265049,Jacket,Canada Goose,Women's Fashion,60.0,0.0,60.0,1,60.0,Fall,2024,9,False,kaggle_shopping
265150,Boots,Nike,Footwear,52.0,0.0,52.0,1,52.0,Fall,2024,9,False,kaggle_shopping
265251,Shoes,Nike,Footwear,32.0,0.0,32.0,1,32.0,Winter,2024,1,False,kaggle_shopping
265352,Belt,Kate Spade,Accessories,48.0,0.0,48.0,1,48.0,Spring,2024,5,False,kaggle_shopping
265453,Jewelry,Fossil,Accessories,25.0,0.0,25.0,1,25.0,Summer,2024,6,False,kaggle_shopping
265554,Jewelry,Coach,Accessories,68.0,0.0,68.0,1,68.0,Summer,2024,6,False,kaggle_shopping
265655,Pants,Forever 21,Men's Fashion,74.0,0.0,74.0,1,74.0,Fall,2024,9,False,kaggle_shopping
265756,T-shirt,Uniqlo,Men's Fashion,88.0,0.0,88.0,1,88.0,Fall,2024,9,False,kaggle_shopping
265857,Shorts,Gap,Men's Fashion,23.0,0.0,23.0,1,23.0,Spring,2024,5,False,kaggle_shopping
265958,Hoodie,Forever 21,Men's Fashion,32.0,0.0,32.0,1,32.0,Fall,2024,9,False,kaggle_shopping
266059,Belt,Kate Spade,Accessories,71.0,0.0,71.0,1,71.0,Winter,2024,1,False,kaggle_shopping
266160,Boots,Puma,Footwear,62.0,0.0,62.0,1,62.0,Spring,2024,5,False,kaggle_shopping
266261,Hoodie,Forever 21,Men's Fashion,20.0,0.0,20.0,1,20.0,Spring,2024,5,False,kaggle_shopping
266362,Shorts,Gap,Men's Fashion,62.0,0.0,62.0,1,62.0,Spring,2024,5,False,kaggle_shopping
266463,Backpack,Coach,Accessories,81.0,0.0,81.0,1,81.0,Winter,2024,1,False,kaggle_shopping
266564,Scarf,Fossil,Accessories,90.0,0.0,90.0,1,90.0,Winter,2024,1,False,kaggle_shopping
266665,Socks,Zara,Men's Fashion,43.0,0.0,43.0,1,43.0,Fall,2024,9,False,kaggle_shopping
266766,Handbag,Coach,Accessories,38.0,0.0,38.0,1,38.0,Fall,2024,9,False,kaggle_shopping
266867,Sunglasses,Coach,Accessories,25.0,0.0,25.0,1,25.0,Spring,2024,5,False,kaggle_shopping
266968,T-shirt,Uniqlo,Men's Fashion,98.0,0.0,98.0,1,98.0,Winter,2024,1,False,kaggle_shopping
267069,Dress,Forever 21,Men's Fashion,75.0,0.0,75.0,1,75.0,Spring,2024,5,False,kaggle_shopping
267170,Sneakers,Adidas,Footwear,27.0,0.0,27.0,1,27.0,Spring,2024,5,False,kaggle_shopping
267271,Sunglasses,Coach,Accessories,27.0,0.0,27.0,1,27.0,Winter,2024,1,False,kaggle_shopping
267372,Blouse,Uniqlo,Men's Fashion,42.0,0.0,42.0,1,42.0,Fall,2024,9,False,kaggle_shopping
267473,T-shirt,H&M,Men's Fashion,90.0,0.0,90.0,1,90.0,Summer,2024,6,False,kaggle_shopping
267574,Hat,Coach,Accessories,63.0,0.0,63.0,1,63.0,Summer,2024,6,False,kaggle_shopping
267675,Shorts,Gap,Men's Fashion,96.0,0.0,96.0,1,96.0,Fall,2024,9,False,kaggle_shopping
267776,Hoodie,H&M,Men's Fashion,40.0,0.0,40.0,1,40.0,Winter,2024,1,False,kaggle_shopping
267877,Socks,Zara,Men's Fashion,39.0,0.0,39.0,1,39.0,Fall,2024,9,False,kaggle_shopping
267978,Sunglasses,Coach,Accessories,48.0,0.0,48.0,1,48.0,Fall,2024,9,False,kaggle_shopping
268079,Blouse,H&M,Men's Fashion,20.0,0.0,20.0,1,20.0,Summer,2024,6,False,kaggle_shopping
268180,Jeans,H&M,Men's Fashion,29.0,0.0,29.0,1,29.0,Summer,2024,6,False,kaggle_shopping
268281,Dress,Zara,Men's Fashion,81.0,0.0,81.0,1,81.0,Winter,2024,1,False,kaggle_shopping
268382,Dress,Forever 21,Men's Fashion,98.0,0.0,98.0,1,98.0,Fall,2024,9,False,kaggle_shopping
268483,Jeans,H&M,Men's Fashion,93.0,0.0,93.0,1,93.0,Fall,2024,9,False,kaggle_shopping
268584,Socks,Gap,Men's Fashion,30.0,0.0,30.0,1,30.0,Summer,2024,6,False,kaggle_shopping
268685,Sunglasses,Coach,Accessories,37.0,0.0,37.0,1,37.0,Fall,2024,9,False,kaggle_shopping
268786,Coat,Canada Goose,Women's Fashion,28.0,0.0,28.0,1,28.0,Winter,2024,1,False,kaggle_shopping
268887,Scarf,Michael Kors,Accessories,29.0,0.0,29.0,1,29.0,Winter,2024,1,False,kaggle_shopping
268988,Backpack,Coach,Accessories,49.0,0.0,49.0,1,49.0,Summer,2024,6,False,kaggle_shopping
269089,Pants,Zara,Men's Fashion,53.0,0.0,53.0,1,53.0,Winter,2024,1,False,kaggle_shopping
269190,Gloves,Coach,Accessories,66.0,0.0,66.0,1,66.0,Summer,2024,6,False,kaggle_shopping
269291,Jacket,Canada Goose,Women's Fashion,61.0,0.0,61.0,1,61.0,Spring,2024,5,False,kaggle_shopping
269392,Shorts,Gap,Men's Fashion,23.0,0.0,23.0,1,23.0,Summer,2024,6,False,kaggle_shopping
269493,Pants,Forever 21,Men's Fashion,36.0,0.0,36.0,1,36.0,Fall,2024,9,False,kaggle_shopping
269594,Skirt,Gap,Men's Fashion,81.0,0.0,81.0,1,81.0,Fall,2024,9,False,kaggle_shopping
269695,Blouse,Gap,Men's Fashion,56.0,0.0,56.0,1,56.0,Summer,2024,6,False,kaggle_shopping
269796,Shirt,Gap,Men's Fashion,78.0,0.0,78.0,1,78.0,Spring,2024,5,False,kaggle_shopping
269897,Jewelry,Coach,Accessories,25.0,0.0,25.0,1,25.0,Summer,2024,6,False,kaggle_shopping
269998,Backpack,Coach,Accessories,86.0,0.0,86.0,1,86.0,Fall,2024,9,False,kaggle_shopping
270099,Jewelry,Fossil,Accessories,99.0,0.0,99.0,1,99.0,Winter,2024,1,False,kaggle_shopping
270100,Belt,Coach,Accessories,83.0,0.0,83.0,1,83.0,Fall,2024,9,False,kaggle_shopping
270201,Dress,Forever 21,Men's Fashion,33.0,0.0,33.0,1,33.0,Winter,2024,1,False,kaggle_shopping
270302,Coat,Patagonia,Women's Fashion,44.0,0.0,44.0,1,44.0,Fall,2024,9,False,kaggle_shopping
270403,Dress,Gap,Men's Fashion,58.0,0.0,58.0,1,58.0,Spring,2024,5,False,kaggle_shopping
270504,Sweater,Gap,Men's Fashion,54.0,0.0,54.0,1,54.0,Spring,2024,5,False,kaggle_shopping
270605,Hoodie,Zara,Men's Fashion,93.0,0.0,93.0,1,93.0,Spring,2024,5,False,kaggle_shopping
270706,Shoes,Nike,Footwear,98.0,0.0,98.0,1,98.0,Spring,2024,5,False,kaggle_shopping
270807,Shoes,Puma,Footwear,36.0,0.0,36.0,1,36.0,Spring,2024,5,False,kaggle_shopping
270908,Jacket,Patagonia,Women's Fashion,68.0,0.0,68.0,1,68.0,Fall,2024,9,False,kaggle_shopping
271009,Backpack,Kate Spade,Accessories,95.0,0.0,95.0,1,95.0,Summer,2024,6,False,kaggle_shopping
271110,Jeans,Zara,Men's Fashion,93.0,0.0,93.0,1,93.0,Spring,2024,5,False,kaggle_shopping
271211,Jacket,Patagonia,Women's Fashion,99.0,0.0,99.0,1,99.0,Fall,2024,9,False,kaggle_shopping
271312,Sunglasses,Kate Spade,Accessories,22.0,0.0,22.0,1,22.0,Winter,2024,1,False,kaggle_shopping
271413,Gloves,Michael Kors,Accessories,88.0,0.0,88.0,1,88.0,Fall,2024,9,False,kaggle_shopping
271514,Jacket,Canada Goose,Women's Fashion,65.0,0.0,65.0,1,65.0,Spring,2024,5,False,kaggle_shopping
271615,T-shirt,Zara,Men's Fashion,62.0,0.0,62.0,1,62.0,Fall,2024,9,False,kaggle_shopping
271716,Sandals,Nike,Footwear,55.0,0.0,55.0,1,55.0,Spring,2024,5,False,kaggle_shopping
271817,Shorts,Zara,Men's Fashion,97.0,0.0,97.0,1,97.0,Spring,2024,5,False,kaggle_shopping
271918,Handbag,Michael Kors,Accessories,77.0,0.0,77.0,1,77.0,Fall,2024,9,False,kaggle_shopping
272019,Pants,Zara,Men's Fashion,40.0,0.0,40.0,1,40.0,Winter,2024,1,False,kaggle_shopping
272120,Blouse,Forever 21,Men's Fashion,23.0,0.0,23.0,1,23.0,Winter,2024,1,False,kaggle_shopping
272221,Shoes,Nike,Footwear,46.0,0.0,46.0,1,46.0,Winter,2024,1,False,kaggle_shopping
272322,Backpack,Michael Kors,Accessories,75.0,0.0,75.0,1,75.0,Spring,2024,5,False,kaggle_shopping
272423,Shoes,Adidas,Footwear,76.0,0.0,76.0,1,76.0,Fall,2024,9,False,kaggle_shopping
272524,Dress,Forever 21,Men's Fashion,59.0,0.0,59.0,1,59.0,Summer,2024,6,False,kaggle_shopping
272625,Skirt,Forever 21,Men's Fashion,51.0,0.0,51.0,1,51.0,Summer,2024,6,False,kaggle_shopping
272726,Jacket,Columbia,Women's Fashion,46.0,0.0,46.0,1,46.0,Fall,2024,9,False,kaggle_shopping
272827,Shirt,H&M,Men's Fashion,26.0,0.0,26.0,1,26.0,Fall,2024,9,False,kaggle_shopping
272928,Hoodie,Forever 21,Men's Fashion,51.0,0.0,51.0,1,51.0,Summer,2024,6,False,kaggle_shopping
273029,Scarf,Fossil,Accessories,44.0,0.0,44.0,1,44.0,Winter,2024,1,False,kaggle_shopping
273130,Skirt,H&M,Men's Fashion,82.0,0.0,82.0,1,82.0,Spring,2024,5,False,kaggle_shopping
273231,Skirt,Gap,Men's Fashion,44.0,0.0,44.0,1,44.0,Summer,2024,6,False,kaggle_shopping
273332,Scarf,Michael Kors,Accessories,27.0,0.0,27.0,1,27.0,Fall,2024,9,False,kaggle_shopping
273433,Sunglasses,Fossil,Accessories,90.0,0.0,90.0,1,90.0,Fall,2024,9,False,kaggle_shopping
273534,Sandals,Puma,Footwear,58.0,0.0,58.0,1,58.0,Summer,2024,6,False,kaggle_shopping
273635,Hoodie,H&M,Men's Fashion,80.0,0.0,80.0,1,80.0,Spring,2024,5,False,kaggle_shopping
273736,Jacket,Canada Goose,Women's Fashion,40.0,0.0,40.0,1,40.0,Winter,2024,1,False,kaggle_shopping
273837,Pants,Forever 21,Men's Fashion,23.0,0.0,23.0,1,23.0,Spring,2024,5,False,kaggle_shopping
273938,Shirt,Gap,Men's Fashion,34.0,0.0,34.0,1,34.0,Spring,2024,5,False,kaggle_shopping
274039,Blouse,Zara,Men's Fashion,35.0,0.0,35.0,1,35.0,Winter,2024,1,False,kaggle_shopping
274140,Skirt,Zara,Men's Fashion,75.0,0.0,75.0,1,75.0,Summer,2024,6,False,kaggle_shopping
274241,Sunglasses,Kate Spade,Accessories,60.0,0.0,60.0,1,60.0,Winter,2024,1,False,kaggle_shopping
274342,Belt,Kate Spade,Accessories,87.0,0.0,87.0,1,87.0,Summer,2024,6,False,kaggle_shopping
274443,Gloves,Fossil,Accessories,41.0,0.0,41.0,1,41.0,Spring,2024,5,False,kaggle_shopping
274544,Pants,Uniqlo,Men's Fashion,83.0,0.0,83.0,1,83.0,Spring,2024,5,False,kaggle_shopping
274645,Scarf,Fossil,Accessories,81.0,0.0,81.0,1,81.0,Spring,2024,5,False,kaggle_shopping
274746,T-shirt,Uniqlo,Men's Fashion,56.0,0.0,56.0,1,56.0,Summer,2024,6,False,kaggle_shopping
274847,Shoes,Adidas,Footwear,58.0,0.0,58.0,1,58.0,Summer,2024,6,False,kaggle_shopping
274948,Pants,Forever 21,Men's Fashion,84.0,0.0,84.0,1,84.0,Spring,2024,5,False,kaggle_shopping
275049,Gloves,Fossil,Accessories,21.0,0.0,21.0,1,21.0,Fall,2024,9,False,kaggle_shopping
275150,Socks,H&M,Men's Fashion,35.0,0.0,35.0,1,35.0,Summer,2024,6,False,kaggle_shopping
275251,Sneakers,Puma,Footwear,43.0,0.0,43.0,1,43.0,Summer,2024,6,False,kaggle_shopping
275352,Shorts,Forever 21,Men's Fashion,20.0,0.0,20.0,1,20.0,Summer,2024,6,False,kaggle_shopping
275453,Blouse,H&M,Men's Fashion,36.0,0.0,36.0,1,36.0,Fall,2024,9,False,kaggle_shopping
275554,Coat,Canada Goose,Women's Fashion,70.0,0.0,70.0,1,70.0,Fall,2024,9,False,kaggle_shopping
275655,Sunglasses,Michael Kors,Accessories,83.0,0.0,83.0,1,83.0,Summer,2024,6,False,kaggle_shopping
275756,Shorts,Forever 21,Men's Fashion,76.0,0.0,76.0,1,76.0,Winter,2024,1,False,kaggle_shopping
275857,Dress,Forever 21,Men's Fashion,81.0,0.0,81.0,1,81.0,Summer,2024,6,False,kaggle_shopping
275958,Handbag,Fossil,Accessories,47.0,0.0,47.0,1,47.0,Summer,2024,6,False,kaggle_shopping
276059,Boots,Nike,Footwear,35.0,0.0,35.0,1,35.0,Summer,2024,6,False,kaggle_shopping
276160,Pants,Gap,Men's Fashion,85.0,0.0,85.0,1,85.0,Spring,2024,5,False,kaggle_shopping
276261,Boots,New Balance,Footwear,96.0,0.0,96.0,1,96.0,Fall,2024,9,False,kaggle_shopping
276362,Skirt,Gap,Men's Fashion,98.0,0.0,98.0,1,98.0,Summer,2024,6,False,kaggle_shopping
276463,Sneakers,Puma,Footwear,52.0,0.0,52.0,1,52.0,Fall,2024,9,False,kaggle_shopping
276564,Jewelry,Coach,Accessories,84.0,0.0,84.0,1,84.0,Winter,2024,1,False,kaggle_shopping
276665,T-shirt,Uniqlo,Men's Fashion,71.0,0.0,71.0,1,71.0,Winter,2024,1,False,kaggle_shopping
276766,Sandals,Converse,Footwear,95.0,0.0,95.0,1,95.0,Winter,2024,1,False,kaggle_shopping
276867,Boots,New Balance,Footwear,47.0,0.0,47.0,1,47.0,Summer,2024,6,False,kaggle_shopping
276968,Coat,Canada Goose,Women's Fashion,75.0,0.0,75.0,1,75.0,Summer,2024,6,False,kaggle_shopping
277069,Belt,Michael Kors,Accessories,28.0,0.0,28.0,1,28.0,Spring,2024,5,False,kaggle_shopping
277170,Sunglasses,Fossil,Accessories,44.0,0.0,44.0,1,44.0,Fall,2024,9,False,kaggle_shopping
277271,Sandals,New Balance,Footwear,64.0,0.0,64.0,1,64.0,Winter,2024,1,False,kaggle_shopping
277372,Boots,New Balance,Footwear,28.0,0.0,28.0,1,28.0,Spring,2024,5,False,kaggle_shopping
277473,Hoodie,Gap,Men's Fashion,21.0,0.0,21.0,1,21.0,Summer,2024,6,False,kaggle_shopping
277574,Hat,Fossil,Accessories,41.0,0.0,41.0,1,41.0,Fall,2024,9,False,kaggle_shopping
277675,Shorts,Gap,Men's Fashion,38.0,0.0,38.0,1,38.0,Winter,2024,1,False,kaggle_shopping
277776,Backpack,Fossil,Accessories,77.0,0.0,77.0,1,77.0,Spring,2024,5,False,kaggle_shopping
277877,Shorts,Gap,Men's Fashion,43.0,0.0,43.0,1,43.0,Spring,2024,5,False,kaggle_shopping
277978,Belt,Fossil,Accessories,91.0,0.0,91.0,1,91.0,Spring,2024,5,False,kaggle_shopping
278079,Shorts,Uniqlo,Men's Fashion,68.0,0.0,68.0,1,68.0,Spring,2024,5,False,kaggle_shopping
278180,Socks,H&M,Men's Fashion,37.0,0.0,37.0,1,37.0,Fall,2024,9,False,kaggle_shopping
278281,Shoes,Puma,Footwear,23.0,0.0,23.0,1,23.0,Summer,2024,6,False,kaggle_shopping
278382,Sneakers,Adidas,Footwear,65.0,0.0,65.0,1,65.0,Winter,2024,1,False,kaggle_shopping
278483,Backpack,Coach,Accessories,30.0,0.0,30.0,1,30.0,Summer,2024,6,False,kaggle_shopping
278584,Dress,Zara,Men's Fashion,45.0,0.0,45.0,1,45.0,Summer,2024,6,False,kaggle_shopping
278685,Boots,Converse,Footwear,25.0,0.0,25.0,1,25.0,Winter,2024,1,False,kaggle_shopping
278786,Socks,Zara,Men's Fashion,72.0,0.0,72.0,1,72.0,Winter,2024,1,False,kaggle_shopping
278887,Dress,Gap,Men's Fashion,75.0,0.0,75.0,1,75.0,Fall,2024,9,False,kaggle_shopping
278988,Handbag,Michael Kors,Accessories,63.0,0.0,63.0,1,63.0,Spring,2024,5,False,kaggle_shopping
279089,Blouse,Zara,Men's Fashion,35.0,0.0,35.0,1,35.0,Fall,2024,9,False,kaggle_shopping
279190,Belt,Michael Kors,Accessories,32.0,0.0,32.0,1,32.0,Summer,2024,6,False,kaggle_shopping
279291,Pants,Zara,Men's Fashion,25.0,0.0,25.0,1,25.0,Winter,2024,1,False,kaggle_shopping
279392,Sneakers,Adidas,Footwear,90.0,0.0,90.0,1,90.0,Spring,2024,5,False,kaggle_shopping
279493,Boots,Adidas,Footwear,70.0,0.0,70.0,1,70.0,Summer,2024,6,False,kaggle_shopping
279594,Sunglasses,Michael Kors,Accessories,27.0,0.0,27.0,1,27.0,Spring,2024,5,False,kaggle_shopping
279695,Hat,Fossil,Accessories,92.0,0.0,92.0,1,92.0,Fall,2024,9,False,kaggle_shopping
279796,Coat,Patagonia,Women's Fashion,20.0,0.0,20.0,1,20.0,Spring,2024,5,False,kaggle_shopping
279897,Jacket,Canada Goose,Women's Fashion,52.0,0.0,52.0,1,52.0,Winter,2024,1,False,kaggle_shopping
279998,Hoodie,Gap,Men's Fashion,57.0,0.0,57.0,1,57.0,Summer,2024,6,False,kaggle_shopping
280099,Boots,Puma,Footwear,96.0,0.0,96.0,1,96.0,Fall,2024,9,False,kaggle_shopping
280100,T-shirt,H&M,Men's Fashion,68.0,0.0,68.0,1,68.0,Winter,2024,1,False,kaggle_shopping
280201,Sweater,H&M,Men's Fashion,30.0,0.0,30.0,1,30.0,Summer,2024,6,False,kaggle_shopping
280302,Shoes,Puma,Footwear,37.0,0.0,37.0,1,37.0,Fall,2024,9,False,kaggle_shopping
280403,Scarf,Coach,Accessories,42.0,0.0,42.0,1,42.0,Winter,2024,1,False,kaggle_shopping
280504,Dress,H&M,Men's Fashion,54.0,0.0,54.0,1,54.0,Spring,2024,5,False,kaggle_shopping
280605,Jacket,Columbia,Women's Fashion,81.0,0.0,81.0,1,81.0,Spring,2024,5,False,kaggle_shopping
280706,Shoes,Adidas,Footwear,40.0,0.0,40.0,1,40.0,Spring,2024,5,False,kaggle_shopping
280807,Backpack,Fossil,Accessories,88.0,0.0,88.0,1,88.0,Fall,2024,9,False,kaggle_shopping
280908,Dress,Zara,Men's Fashion,94.0,0.0,94.0,1,94.0,Summer,2024,6,False,kaggle_shopping
281009,Shirt,Gap,Men's Fashion,54.0,0.0,54.0,1,54.0,Winter,2024,1,False,kaggle_shopping
281110,Jacket,North Face,Women's Fashion,51.0,0.0,51.0,1,51.0,Summer,2024,6,False,kaggle_shopping
281211,Sunglasses,Kate Spade,Accessories,22.0,0.0,22.0,1,22.0,Spring,2024,5,False,kaggle_shopping
281312,Jacket,Patagonia,Women's Fashion,95.0,0.0,95.0,1,95.0,Fall,2024,9,False,kaggle_shopping
281413,Coat,Columbia,Women's Fashion,57.0,0.0,57.0,1,57.0,Fall,2024,9,False,kaggle_shopping
281514,Sweater,Uniqlo,Men's Fashion,45.0,0.0,45.0,1,45.0,Winter,2024,1,False,kaggle_shopping
281615,Sneakers,Nike,Footwear,92.0,0.0,92.0,1,92.0,Winter,2024,1,False,kaggle_shopping
281716,Shoes,Converse,Footwear,40.0,0.0,40.0,1,40.0,Spring,2024,5,False,kaggle_shopping
281817,Sunglasses,Michael Kors,Accessories,62.0,0.0,62.0,1,62.0,Winter,2024,1,False,kaggle_shopping
281918,Shorts,Forever 21,Men's Fashion,90.0,0.0,90.0,1,90.0,Winter,2024,1,False,kaggle_shopping
282019,Hoodie,Zara,Men's Fashion,82.0,0.0,82.0,1,82.0,Fall,2024,9,False,kaggle_shopping
282120,Scarf,Michael Kors,Accessories,52.0,0.0,52.0,1,52.0,Spring,2024,5,False,kaggle_shopping
282221,Sandals,Nike,Footwear,70.0,0.0,70.0,1,70.0,Spring,2024,5,False,kaggle_shopping
282322,Hat,Kate Spade,Accessories,83.0,0.0,83.0,1,83.0,Spring,2024,5,False,kaggle_shopping
282423,Shoes,Nike,Footwear,49.0,0.0,49.0,1,49.0,Summer,2024,6,False,kaggle_shopping
282524,Sneakers,Puma,Footwear,91.0,0.0,91.0,1,91.0,Spring,2024,5,False,kaggle_shopping
282625,Backpack,Coach,Accessories,99.0,0.0,99.0,1,99.0,Summer,2024,6,False,kaggle_shopping
282726,Belt,Fossil,Accessories,92.0,0.0,92.0,1,92.0,Winter,2024,1,False,kaggle_shopping
282827,Shirt,H&M,Men's Fashion,87.0,0.0,87.0,1,87.0,Winter,2024,1,False,kaggle_shopping
282928,Skirt,Zara,Men's Fashion,28.0,0.0,28.0,1,28.0,Winter,2024,1,False,kaggle_shopping
283029,Gloves,Coach,Accessories,71.0,0.0,71.0,1,71.0,Summer,2024,6,False,kaggle_shopping
283130,Gloves,Coach,Accessories,32.0,0.0,32.0,1,32.0,Winter,2024,1,False,kaggle_shopping
283231,Handbag,Michael Kors,Accessories,33.0,0.0,33.0,1,33.0,Summer,2024,6,False,kaggle_shopping
283332,Socks,Gap,Men's Fashion,75.0,0.0,75.0,1,75.0,Winter,2024,1,False,kaggle_shopping
283433,Backpack,Kate Spade,Accessories,83.0,0.0,83.0,1,83.0,Summer,2024,6,False,kaggle_shopping
283534,Jeans,Zara,Men's Fashion,93.0,0.0,93.0,1,93.0,Summer,2024,6,False,kaggle_shopping
283635,Skirt,H&M,Men's Fashion,29.0,0.0,29.0,1,29.0,Spring,2024,5,False,kaggle_shopping
283736,Hoodie,Uniqlo,Men's Fashion,25.0,0.0,25.0,1,25.0,Spring,2024,5,False,kaggle_shopping
283837,Jewelry,Coach,Accessories,76.0,0.0,76.0,1,76.0,Spring,2024,5,False,kaggle_shopping
283938,Sneakers,Puma,Footwear,81.0,0.0,81.0,1,81.0,Summer,2024,6,False,kaggle_shopping
284039,Shirt,H&M,Men's Fashion,80.0,0.0,80.0,1,80.0,Winter,2024,1,False,kaggle_shopping
284140,Sunglasses,Michael Kors,Accessories,70.0,0.0,70.0,1,70.0,Summer,2024,6,False,kaggle_shopping
284241,Dress,Zara,Men's Fashion,81.0,0.0,81.0,1,81.0,Fall,2024,9,False,kaggle_shopping
284342,Shoes,Nike,Footwear,86.0,0.0,86.0,1,86.0,Spring,2024,5,False,kaggle_shopping
284443,Belt,Coach,Accessories,94.0,0.0,94.0,1,94.0,Fall,2024,9,False,kaggle_shopping
284544,Shirt,Uniqlo,Men's Fashion,66.0,0.0,66.0,1,66.0,Winter,2024,1,False,kaggle_shopping
284645,Boots,Puma,Footwear,98.0,0.0,98.0,1,98.0,Summer,2024,6,False,kaggle_shopping
284746,Hoodie,Uniqlo,Men's Fashion,25.0,0.0,25.0,1,25.0,Fall,2024,9,False,kaggle_shopping
284847,Jeans,Forever 21,Men's Fashion,62.0,0.0,62.0,1,62.0,Winter,2024,1,False,kaggle_shopping
284948,Jacket,Canada Goose,Women's Fashion,98.0,0.0,98.0,1,98.0,Spring,2024,5,False,kaggle_shopping
285049,Jacket,Patagonia,Women's Fashion,53.0,0.0,53.0,1,53.0,Spring,2024,5,False,kaggle_shopping
285150,Sandals,New Balance,Footwear,66.0,0.0,66.0,1,66.0,Spring,2024,5,False,kaggle_shopping
285251,Dress,Gap,Men's Fashion,52.0,0.0,52.0,1,52.0,Fall,2024,9,False,kaggle_shopping
285352,Sweater,Zara,Men's Fashion,64.0,0.0,64.0,1,64.0,Winter,2024,1,False,kaggle_shopping
285453,Gloves,Kate Spade,Accessories,59.0,0.0,59.0,1,59.0,Spring,2024,5,False,kaggle_shopping
285554,Sunglasses,Michael Kors,Accessories,61.0,0.0,61.0,1,61.0,Summer,2024,6,False,kaggle_shopping
285655,Belt,Coach,Accessories,97.0,0.0,97.0,1,97.0,Winter,2024,1,False,kaggle_shopping
285756,Hat,Coach,Accessories,23.0,0.0,23.0,1,23.0,Winter,2024,1,False,kaggle_shopping
285857,Hat,Coach,Accessories,98.0,0.0,98.0,1,98.0,Fall,2024,9,False,kaggle_shopping
285958,Blouse,Uniqlo,Men's Fashion,98.0,0.0,98.0,1,98.0,Summer,2024,6,False,kaggle_shopping
286059,Shoes,Converse,Footwear,59.0,0.0,59.0,1,59.0,Summer,2024,6,False,kaggle_shopping
286160,Skirt,Gap,Men's Fashion,82.0,0.0,82.0,1,82.0,Fall,2024,9,False,kaggle_shopping
286261,Sneakers,New Balance,Footwear,82.0,0.0,82.0,1,82.0,Fall,2024,9,False,kaggle_shopping
286362,T-shirt,Zara,Men's Fashion,41.0,0.0,41.0,1,41.0,Fall,2024,9,False,kaggle_shopping
286463,Handbag,Fossil,Accessories,52.0,0.0,52.0,1,52.0,Fall,2024,9,False,kaggle_shopping
286564,Sweater,H&M,Men's Fashion,41.0,0.0,41.0,1,41.0,Spring,2024,5,False,kaggle_shopping
286665,Gloves,Coach,Accessories,70.0,0.0,70.0,1,70.0,Summer,2024,6,False,kaggle_shopping
286766,Dress,Zara,Men's Fashion,91.0,0.0,91.0,1,91.0,Winter,2024,1,False,kaggle_shopping
286867,Dress,Zara,Men's Fashion,95.0,0.0,95.0,1,95.0,Spring,2024,5,False,kaggle_shopping
286968,Blouse,Uniqlo,Men's Fashion,25.0,0.0,25.0,1,25.0,Spring,2024,5,False,kaggle_shopping
287069,Shirt,H&M,Men's Fashion,89.0,0.0,89.0,1,89.0,Fall,2024,9,False,kaggle_shopping
287170,Boots,Adidas,Footwear,44.0,0.0,44.0,1,44.0,Fall,2024,9,False,kaggle_shopping
287271,Jacket,Patagonia,Women's Fashion,52.0,0.0,52.0,1,52.0,Summer,2024,6,False,kaggle_shopping
287372,Backpack,Coach,Accessories,94.0,0.0,94.0,1,94.0,Spring,2024,5,False,kaggle_shopping
287473,Pants,H&M,Men's Fashion,98.0,0.0,98.0,1,98.0,Spring,2024,5,False,kaggle_shopping
287574,Boots,Nike,Footwear,40.0,0.0,40.0,1,40.0,Fall,2024,9,False,kaggle_shopping
287675,Socks,Gap,Men's Fashion,25.0,0.0,25.0,1,25.0,Fall,2024,9,False,kaggle_shopping
287776,Scarf,Michael Kors,Accessories,62.0,0.0,62.0,1,62.0,Fall,2024,9,False,kaggle_shopping
287877,Blouse,H&M,Men's Fashion,24.0,0.0,24.0,1,24.0,Fall,2024,9,False,kaggle_shopping
287978,Belt,Michael Kors,Accessories,57.0,0.0,57.0,1,57.0,Spring,2024,5,False,kaggle_shopping
288079,Sunglasses,Fossil,Accessories,66.0,0.0,66.0,1,66.0,Winter,2024,1,False,kaggle_shopping
288180,Boots,Puma,Footwear,70.0,0.0,70.0,1,70.0,Winter,2024,1,False,kaggle_shopping
288281,Sandals,Adidas,Footwear,39.0,0.0,39.0,1,39.0,Spring,2024,5,False,kaggle_shopping
288382,Gloves,Kate Spade,Accessories,34.0,0.0,34.0,1,34.0,Spring,2024,5,False,kaggle_shopping
288483,Skirt,Forever 21,Men's Fashion,38.0,0.0,38.0,1,38.0,Spring,2024,5,False,kaggle_shopping
288584,Skirt,Zara,Men's Fashion,70.0,0.0,70.0,1,70.0,Winter,2024,1,False,kaggle_shopping
288685,Blouse,Zara,Men's Fashion,80.0,0.0,80.0,1,80.0,Summer,2024,6,False,kaggle_shopping
288786,Handbag,Fossil,Accessories,51.0,0.0,51.0,1,51.0,Spring,2024,5,False,kaggle_shopping
288887,Boots,Nike,Footwear,79.0,0.0,79.0,1,79.0,Spring,2024,5,False,kaggle_shopping
288988,Boots,Nike,Footwear,92.0,0.0,92.0,1,92.0,Summer,2024,6,False,kaggle_shopping
289089,Sweater,Gap,Men's Fashion,85.0,0.0,85.0,1,85.0,Fall,2024,9,False,kaggle_shopping
289190,Socks,H&M,Men's Fashion,63.0,0.0,63.0,1,63.0,Spring,2024,5,False,kaggle_shopping
289291,Gloves,Coach,Accessories,60.0,0.0,60.0,1,60.0,Fall,2024,9,False,kaggle_shopping
289392,Shorts,Gap,Men's Fashion,44.0,0.0,44.0,1,44.0,Winter,2024,1,False,kaggle_shopping
289493,Boots,Converse,Footwear,57.0,0.0,57.0,1,57.0,Spring,2024,5,False,kaggle_shopping
289594,Jacket,North Face,Women's Fashion,24.0,0.0,24.0,1,24.0,Fall,2024,9,False,kaggle_shopping
289695,Scarf,Michael Kors,Accessories,35.0,0.0,35.0,1,35.0,Winter,2024,1,False,kaggle_shopping
289796,Jacket,North Face,Women's Fashion,73.0,0.0,73.0,1,73.0,Winter,2024,1,False,kaggle_shopping
289897,Jewelry,Fossil,Accessories,42.0,0.0,42.0,1,42.0,Winter,2024,1,False,kaggle_shopping
289998,Hoodie,H&M,Men's Fashion,20.0,0.0,20.0,1,20.0,Winter,2024,1,False,kaggle_shopping
290099,T-shirt,H&M,Men's Fashion,89.0,0.0,89.0,1,89.0,Spring,2024,5,False,kaggle_shopping
290100,Shirt,Gap,Men's Fashion,76.0,0.0,76.0,1,76.0,Fall,2024,9,False,kaggle_shopping
290201,Shirt,Uniqlo,Men's Fashion,56.0,0.0,56.0,1,56.0,Winter,2024,1,False,kaggle_shopping
290302,Coat,Patagonia,Women's Fashion,100.0,0.0,100.0,1,100.0,Fall,2024,9,False,kaggle_shopping
290403,T-shirt,Forever 21,Men's Fashion,44.0,0.0,44.0,1,44.0,Winter,2024,1,False,kaggle_shopping
290504,Hoodie,Gap,Men's Fashion,76.0,0.0,76.0,1,76.0,Spring,2024,5,False,kaggle_shopping
290605,Sunglasses,Kate Spade,Accessories,97.0,0.0,97.0,1,97.0,Fall,2024,9,False,kaggle_shopping
290706,Blouse,Uniqlo,Men's Fashion,39.0,0.0,39.0,1,39.0,Spring,2024,5,False,kaggle_shopping
290807,Hoodie,Gap,Men's Fashion,100.0,0.0,100.0,1,100.0,Spring,2024,5,False,kaggle_shopping
290908,Skirt,Forever 21,Men's Fashion,62.0,0.0,62.0,1,62.0,Spring,2024,5,False,kaggle_shopping
291009,Shorts,Uniqlo,Men's Fashion,98.0,0.0,98.0,1,98.0,Summer,2024,6,False,kaggle_shopping
291110,Jeans,H&M,Men's Fashion,31.0,0.0,31.0,1,31.0,Summer,2024,6,False,kaggle_shopping
291211,Jacket,North Face,Women's Fashion,89.0,0.0,89.0,1,89.0,Fall,2024,9,False,kaggle_shopping
291312,Hoodie,Uniqlo,Men's Fashion,91.0,0.0,91.0,1,91.0,Fall,2024,9,False,kaggle_shopping
291413,Shirt,Zara,Men's Fashion,50.0,0.0,50.0,1,50.0,Summer,2024,6,False,kaggle_shopping
291514,T-shirt,Forever 21,Men's Fashion,32.0,0.0,32.0,1,32.0,Winter,2024,1,False,kaggle_shopping
291615,Blouse,Gap,Men's Fashion,67.0,0.0,67.0,1,67.0,Fall,2024,9,False,kaggle_shopping
291716,Skirt,Zara,Men's Fashion,28.0,0.0,28.0,1,28.0,Spring,2024,5,False,kaggle_shopping
291817,Backpack,Michael Kors,Accessories,65.0,0.0,65.0,1,65.0,Winter,2024,1,False,kaggle_shopping
291918,Shorts,Gap,Men's Fashion,73.0,0.0,73.0,1,73.0,Fall,2024,9,False,kaggle_shopping
292019,Shirt,H&M,Men's Fashion,27.0,0.0,27.0,1,27.0,Spring,2024,5,False,kaggle_shopping
292120,Backpack,Kate Spade,Accessories,89.0,0.0,89.0,1,89.0,Summer,2024,6,False,kaggle_shopping
292221,Shoes,Puma,Footwear,72.0,0.0,72.0,1,72.0,Summer,2024,6,False,kaggle_shopping
292322,Skirt,Zara,Men's Fashion,37.0,0.0,37.0,1,37.0,Fall,2024,9,False,kaggle_shopping
292423,Dress,H&M,Men's Fashion,63.0,0.0,63.0,1,63.0,Summer,2024,6,False,kaggle_shopping
292524,Hat,Coach,Accessories,90.0,0.0,90.0,1,90.0,Fall,2024,9,False,kaggle_shopping
292625,Handbag,Michael Kors,Accessories,62.0,0.0,62.0,1,62.0,Winter,2024,1,False,kaggle_shopping
292726,Handbag,Michael Kors,Accessories,43.0,0.0,43.0,1,43.0,Fall,2024,9,False,kaggle_shopping
292827,Blouse,Gap,Men's Fashion,96.0,0.0,96.0,1,96.0,Fall,2024,9,False,kaggle_shopping
292928,Scarf,Michael Kors,Accessories,83.0,0.0,83.0,1,83.0,Fall,2024,9,False,kaggle_shopping
293029,Jewelry,Michael Kors,Accessories,67.0,0.0,67.0,1,67.0,Fall,2024,9,False,kaggle_shopping
293130,Skirt,Gap,Men's Fashion,90.0,0.0,90.0,1,90.0,Spring,2024,5,False,kaggle_shopping
293231,Hoodie,Zara,Men's Fashion,53.0,0.0,53.0,1,53.0,Winter,2024,1,False,kaggle_shopping
293332,Scarf,Michael Kors,Accessories,37.0,0.0,37.0,1,37.0,Summer,2024,6,False,kaggle_shopping
293433,Jeans,Gap,Men's Fashion,56.0,0.0,56.0,1,56.0,Fall,2024,9,False,kaggle_shopping
293534,Jacket,Columbia,Women's Fashion,43.0,0.0,43.0,1,43.0,Fall,2024,9,False,kaggle_shopping
293635,T-shirt,H&M,Men's Fashion,84.0,0.0,84.0,1,84.0,Winter,2024,1,False,kaggle_shopping
293736,Pants,Forever 21,Men's Fashion,50.0,0.0,50.0,1,50.0,Winter,2024,1,False,kaggle_shopping
293837,Shoes,Puma,Footwear,88.0,0.0,88.0,1,88.0,Summer,2024,6,False,kaggle_shopping
293938,Jacket,North Face,Women's Fashion,50.0,0.0,50.0,1,50.0,Fall,2024,9,False,kaggle_shopping
294039,Scarf,Fossil,Accessories,80.0,0.0,80.0,1,80.0,Summer,2024,6,False,kaggle_shopping
294140,T-shirt,Uniqlo,Men's Fashion,47.0,0.0,47.0,1,47.0,Spring,2024,5,False,kaggle_shopping
294241,Dress,H&M,Men's Fashion,33.0,0.0,33.0,1,33.0,Winter,2024,1,False,kaggle_shopping
294342,Coat,North Face,Women's Fashion,100.0,0.0,100.0,1,100.0,Fall,2024,9,False,kaggle_shopping
294443,Sweater,Gap,Men's Fashion,26.0,0.0,26.0,1,26.0,Summer,2024,6,False,kaggle_shopping
294544,Hat,Coach,Accessories,79.0,0.0,79.0,1,79.0,Summer,2024,6,False,kaggle_shopping
294645,Backpack,Kate Spade,Accessories,77.0,0.0,77.0,1,77.0,Summer,2024,6,False,kaggle_shopping
294746,Socks,H&M,Men's Fashion,36.0,0.0,36.0,1,36.0,Fall,2024,9,False,kaggle_shopping
294847,Jewelry,Fossil,Accessories,21.0,0.0,21.0,1,21.0,Winter,2024,1,False,kaggle_shopping
294948,Boots,Nike,Footwear,72.0,0.0,72.0,1,72.0,Fall,2024,9,False,kaggle_shopping
295049,Coat,Patagonia,Women's Fashion,25.0,0.0,25.0,1,25.0,Spring,2024,5,False,kaggle_shopping
295150,Sweater,H&M,Men's Fashion,79.0,0.0,79.0,1,79.0,Spring,2024,5,False,kaggle_shopping
295251,Blouse,Zara,Men's Fashion,73.0,0.0,73.0,1,73.0,Summer,2024,6,False,kaggle_shopping
295352,Belt,Michael Kors,Accessories,71.0,0.0,71.0,1,71.0,Spring,2024,5,False,kaggle_shopping
295453,Hat,Kate Spade,Accessories,48.0,0.0,48.0,1,48.0,Winter,2024,1,False,kaggle_shopping
295554,Sandals,New Balance,Footwear,28.0,0.0,28.0,1,28.0,Fall,2024,9,False,kaggle_shopping
295655,Boots,New Balance,Footwear,95.0,0.0,95.0,1,95.0,Winter,2024,1,False,kaggle_shopping
295756,Jacket,Columbia,Women's Fashion,48.0,0.0,48.0,1,48.0,Winter,2024,1,False,kaggle_shopping
295857,Dress,Uniqlo,Men's Fashion,93.0,0.0,93.0,1,93.0,Spring,2024,5,False,kaggle_shopping
295958,Jeans,Uniqlo,Men's Fashion,87.0,0.0,87.0,1,87.0,Summer,2024,6,False,kaggle_shopping
296059,Shorts,Zara,Men's Fashion,32.0,0.0,32.0,1,32.0,Fall,2024,9,False,kaggle_shopping
296160,Shirt,Forever 21,Men's Fashion,38.0,0.0,38.0,1,38.0,Spring,2024,5,False,kaggle_shopping
296261,Coat,North Face,Women's Fashion,54.0,0.0,54.0,1,54.0,Fall,2024,9,False,kaggle_shopping
296362,Coat,Patagonia,Women's Fashion,75.0,0.0,75.0,1,75.0,Summer,2024,6,False,kaggle_shopping
296463,T-shirt,Zara,Men's Fashion,56.0,0.0,56.0,1,56.0,Fall,2024,9,False,kaggle_shopping
296564,Sweater,Uniqlo,Men's Fashion,43.0,0.0,43.0,1,43.0,Fall,2024,9,False,kaggle_shopping
296665,Skirt,Gap,Men's Fashion,97.0,0.0,97.0,1,97.0,Fall,2024,9,False,kaggle_shopping
296766,Blouse,H&M,Men's Fashion,75.0,0.0,75.0,1,75.0,Summer,2024,6,False,kaggle_shopping
296867,Sneakers,Nike,Footwear,55.0,0.0,55.0,1,55.0,Summer,2024,6,False,kaggle_shopping
296968,Backpack,Fossil,Accessories,49.0,0.0,49.0,1,49.0,Winter,2024,1,False,kaggle_shopping
297069,Socks,H&M,Men's Fashion,58.0,0.0,58.0,1,58.0,Summer,2024,6,False,kaggle_shopping
297170,Jewelry,Coach,Accessories,34.0,0.0,34.0,1,34.0,Winter,2024,1,False,kaggle_shopping
297271,Shorts,H&M,Men's Fashion,43.0,0.0,43.0,1,43.0,Summer,2024,6,False,kaggle_shopping
297372,Jewelry,Coach,Accessories,48.0,0.0,48.0,1,48.0,Fall,2024,9,False,kaggle_shopping
297473,Sweater,Forever 21,Men's Fashion,40.0,0.0,40.0,1,40.0,Spring,2024,5,False,kaggle_shopping
297574,Shirt,Uniqlo,Men's Fashion,29.0,0.0,29.0,1,29.0,Summer,2024,6,False,kaggle_shopping
297675,Pants,Gap,Men's Fashion,81.0,0.0,81.0,1,81.0,Fall,2024,9,False,kaggle_shopping
297776,Hoodie,Forever 21,Men's Fashion,84.0,0.0,84.0,1,84.0,Spring,2024,5,False,kaggle_shopping
297877,Socks,Gap,Men's Fashion,46.0,0.0,46.0,1,46.0,Summer,2024,6,False,kaggle_shopping
297978,Dress,Uniqlo,Men's Fashion,86.0,0.0,86.0,1,86.0,Summer,2024,6,False,kaggle_shopping
298079,Blouse,Forever 21,Men's Fashion,57.0,0.0,57.0,1,57.0,Winter,2024,1,False,kaggle_shopping
298180,Skirt,Uniqlo,Men's Fashion,61.0,0.0,61.0,1,61.0,Winter,2024,1,False,kaggle_shopping
298281,Backpack,Coach,Accessories,90.0,0.0,90.0,1,90.0,Winter,2024,1,False,kaggle_shopping
298382,Blouse,Forever 21,Men's Fashion,51.0,0.0,51.0,1,51.0,Winter,2024,1,False,kaggle_shopping
298483,Socks,Forever 21,Men's Fashion,48.0,0.0,48.0,1,48.0,Spring,2024,5,False,kaggle_shopping
298584,Boots,Adidas,Footwear,50.0,0.0,50.0,1,50.0,Summer,2024,6,False,kaggle_shopping
298685,Backpack,Coach,Accessories,82.0,0.0,82.0,1,82.0,Summer,2024,6,False,kaggle_shopping
298786,Hat,Michael Kors,Accessories,33.0,0.0,33.0,1,33.0,Spring,2024,5,False,kaggle_shopping
298887,Sandals,Converse,Footwear,28.0,0.0,28.0,1,28.0,Winter,2024,1,False,kaggle_shopping
298988,Hoodie,H&M,Men's Fashion,42.0,0.0,42.0,1,42.0,Spring,2024,5,False,kaggle_shopping
299089,Sunglasses,Kate Spade,Accessories,43.0,0.0,43.0,1,43.0,Fall,2024,9,False,kaggle_shopping
299190,Jeans,Forever 21,Men's Fashion,55.0,0.0,55.0,1,55.0,Winter,2024,1,False,kaggle_shopping
299291,T-shirt,Uniqlo,Men's Fashion,73.0,0.0,73.0,1,73.0,Winter,2024,1,False,kaggle_shopping
299392,Dress,Forever 21,Men's Fashion,39.0,0.0,39.0,1,39.0,Spring,2024,5,False,kaggle_shopping
299493,Belt,Coach,Accessories,20.0,0.0,20.0,1,20.0,Spring,2024,5,False,kaggle_shopping
299594,Jewelry,Michael Kors,Accessories,32.0,0.0,32.0,1,32.0,Spring,2024,5,False,kaggle_shopping
299695,Hoodie,H&M,Men's Fashion,86.0,0.0,86.0,1,86.0,Summer,2024,6,False,kaggle_shopping
299796,Blouse,Forever 21,Men's Fashion,91.0,0.0,91.0,1,91.0,Summer,2024,6,False,kaggle_shopping
299897,Jacket,Patagonia,Women's Fashion,59.0,0.0,59.0,1,59.0,Fall,2024,9,False,kaggle_shopping
299998,Sneakers,Converse,Footwear,33.0,0.0,33.0,1,33.0,Summer,2024,6,False,kaggle_shopping
300099,Boots,New Balance,Footwear,64.0,0.0,64.0,1,64.0,Spring,2024,5,False,kaggle_shopping
300100,Blouse,H&M,Men's Fashion,67.0,0.0,67.0,1,67.0,Winter,2024,1,False,kaggle_shopping
300201,Blouse,Gap,Men's Fashion,43.0,0.0,43.0,1,43.0,Winter,2024,1,False,kaggle_shopping
300302,Boots,Converse,Footwear,32.0,0.0,32.0,1,32.0,Spring,2024,5,False,kaggle_shopping
300403,Scarf,Michael Kors,Accessories,39.0,0.0,39.0,1,39.0,Spring,2024,5,False,kaggle_shopping
300504,Sandals,Converse,Footwear,41.0,0.0,41.0,1,41.0,Spring,2024,5,False,kaggle_shopping
300605,Sunglasses,Coach,Accessories,53.0,0.0,53.0,1,53.0,Winter,2024,1,False,kaggle_shopping
300706,Coat,Patagonia,Women's Fashion,27.0,0.0,27.0,1,27.0,Spring,2024,5,False,kaggle_shopping
300807,Sunglasses,Kate Spade,Accessories,82.0,0.0,82.0,1,82.0,Summer,2024,6,False,kaggle_shopping
300908,Blouse,Gap,Men's Fashion,87.0,0.0,87.0,1,87.0,Winter,2024,1,False,kaggle_shopping
301009,Backpack,Kate Spade,Accessories,78.0,0.0,78.0,1,78.0,Winter,2024,1,False,kaggle_shopping
301110,Belt,Fossil,Accessories,32.0,0.0,32.0,1,32.0,Summer,2024,6,False,kaggle_shopping
301211,Socks,Uniqlo,Men's Fashion,38.0,0.0,38.0,1,38.0,Fall,2024,9,False,kaggle_shopping
301312,Shoes,Nike,Footwear,37.0,0.0,37.0,1,37.0,Winter,2024,1,False,kaggle_shopping
301413,Coat,Columbia,Women's Fashion,83.0,0.0,83.0,1,83.0,Winter,2024,1,False,kaggle_shopping
301514,Sweater,Gap,Men's Fashion,72.0,0.0,72.0,1,72.0,Fall,2024,9,False,kaggle_shopping
301615,Shirt,Zara,Men's Fashion,30.0,0.0,30.0,1,30.0,Fall,2024,9,False,kaggle_shopping
301716,Shorts,Forever 21,Men's Fashion,66.0,0.0,66.0,1,66.0,Winter,2024,1,False,kaggle_shopping
301817,Shirt,H&M,Men's Fashion,45.0,0.0,45.0,1,45.0,Winter,2024,1,False,kaggle_shopping
301918,Sunglasses,Michael Kors,Accessories,73.0,0.0,73.0,1,73.0,Fall,2024,9,False,kaggle_shopping
302019,Shoes,Nike,Footwear,67.0,0.0,67.0,1,67.0,Winter,2024,1,False,kaggle_shopping
302120,Sunglasses,Kate Spade,Accessories,72.0,0.0,72.0,1,72.0,Spring,2024,5,False,kaggle_shopping
302221,Handbag,Kate Spade,Accessories,24.0,0.0,24.0,1,24.0,Fall,2024,9,False,kaggle_shopping
302322,Sunglasses,Kate Spade,Accessories,68.0,0.0,68.0,1,68.0,Winter,2024,1,False,kaggle_shopping
302423,Shirt,Gap,Men's Fashion,70.0,0.0,70.0,1,70.0,Spring,2024,5,False,kaggle_shopping
302524,Shirt,Zara,Men's Fashion,64.0,0.0,64.0,1,64.0,Winter,2024,1,False,kaggle_shopping
302625,Sweater,Forever 21,Men's Fashion,91.0,0.0,91.0,1,91.0,Spring,2024,5,False,kaggle_shopping
302726,Handbag,Michael Kors,Accessories,82.0,0.0,82.0,1,82.0,Winter,2024,1,False,kaggle_shopping
302827,Shirt,Gap,Men's Fashion,24.0,0.0,24.0,1,24.0,Summer,2024,6,False,kaggle_shopping
302928,Jewelry,Michael Kors,Accessories,80.0,0.0,80.0,1,80.0,Spring,2024,5,False,kaggle_shopping
303029,Socks,H&M,Men's Fashion,53.0,0.0,53.0,1,53.0,Winter,2024,1,False,kaggle_shopping
303130,T-shirt,Uniqlo,Men's Fashion,50.0,0.0,50.0,1,50.0,Spring,2024,5,False,kaggle_shopping
303231,Jewelry,Fossil,Accessories,31.0,0.0,31.0,1,31.0,Fall,2024,9,False,kaggle_shopping
303332,Backpack,Kate Spade,Accessories,88.0,0.0,88.0,1,88.0,Spring,2024,5,False,kaggle_shopping
303433,Hat,Fossil,Accessories,52.0,0.0,52.0,1,52.0,Summer,2024,6,False,kaggle_shopping
303534,Gloves,Fossil,Accessories,22.0,0.0,22.0,1,22.0,Fall,2024,9,False,kaggle_shopping
303635,Sneakers,Converse,Footwear,27.0,0.0,27.0,1,27.0,Spring,2024,5,False,kaggle_shopping
303736,Skirt,H&M,Men's Fashion,34.0,0.0,34.0,1,34.0,Spring,2024,5,False,kaggle_shopping
303837,Handbag,Kate Spade,Accessories,39.0,0.0,39.0,1,39.0,Spring,2024,5,False,kaggle_shopping
303938,Sunglasses,Kate Spade,Accessories,53.0,0.0,53.0,1,53.0,Fall,2024,9,False,kaggle_shopping
304039,Sweater,Uniqlo,Men's Fashion,46.0,0.0,46.0,1,46.0,Winter,2024,1,False,kaggle_shopping
304140,Handbag,Coach,Accessories,85.0,0.0,85.0,1,85.0,Summer,2024,6,False,kaggle_shopping
304241,Skirt,Zara,Men's Fashion,86.0,0.0,86.0,1,86.0,Spring,2024,5,False,kaggle_shopping
304342,Socks,Forever 21,Men's Fashion,63.0,0.0,63.0,1,63.0,Summer,2024,6,False,kaggle_shopping
304443,Shirt,Forever 21,Men's Fashion,44.0,0.0,44.0,1,44.0,Spring,2024,5,False,kaggle_shopping
304544,Sneakers,Nike,Footwear,95.0,0.0,95.0,1,95.0,Summer,2024,6,False,kaggle_shopping
304645,Belt,Fossil,Accessories,49.0,0.0,49.0,1,49.0,Summer,2024,6,False,kaggle_shopping
304746,Pants,Forever 21,Men's Fashion,77.0,0.0,77.0,1,77.0,Spring,2024,5,False,kaggle_shopping
304847,Jewelry,Fossil,Accessories,63.0,0.0,63.0,1,63.0,Spring,2024,5,False,kaggle_shopping
304948,Pants,Forever 21,Men's Fashion,83.0,0.0,83.0,1,83.0,Winter,2024,1,False,kaggle_shopping
305049,Jewelry,Fossil,Accessories,93.0,0.0,93.0,1,93.0,Spring,2024,5,False,kaggle_shopping
305150,Jeans,H&M,Men's Fashion,91.0,0.0,91.0,1,91.0,Winter,2024,1,False,kaggle_shopping
305251,Scarf,Michael Kors,Accessories,99.0,0.0,99.0,1,99.0,Fall,2024,9,False,kaggle_shopping
305352,Belt,Fossil,Accessories,24.0,0.0,24.0,1,24.0,Spring,2024,5,False,kaggle_shopping
305453,Dress,H&M,Men's Fashion,82.0,0.0,82.0,1,82.0,Summer,2024,6,False,kaggle_shopping
305554,T-shirt,Forever 21,Men's Fashion,28.0,0.0,28.0,1,28.0,Winter,2024,1,False,kaggle_shopping
305655,Boots,Converse,Footwear,67.0,0.0,67.0,1,67.0,Winter,2024,1,False,kaggle_shopping
305756,Dress,Zara,Men's Fashion,88.0,0.0,88.0,1,88.0,Fall,2024,9,False,kaggle_shopping
305857,Jewelry,Kate Spade,Accessories,70.0,0.0,70.0,1,70.0,Fall,2024,9,False,kaggle_shopping
305958,Skirt,Gap,Men's Fashion,100.0,0.0,100.0,1,100.0,Summer,2024,6,False,kaggle_shopping
306059,Handbag,Coach,Accessories,28.0,0.0,28.0,1,28.0,Summer,2024,6,False,kaggle_shopping
306160,Coat,North Face,Women's Fashion,48.0,0.0,48.0,1,48.0,Spring,2024,5,False,kaggle_shopping
306261,Hoodie,Uniqlo,Men's Fashion,43.0,0.0,43.0,1,43.0,Fall,2024,9,False,kaggle_shopping
306362,Pants,Forever 21,Men's Fashion,40.0,0.0,40.0,1,40.0,Fall,2024,9,False,kaggle_shopping
306463,Boots,New Balance,Footwear,97.0,0.0,97.0,1,97.0,Spring,2024,5,False,kaggle_shopping
306564,Coat,North Face,Women's Fashion,25.0,0.0,25.0,1,25.0,Fall,2024,9,False,kaggle_shopping
306665,Scarf,Coach,Accessories,45.0,0.0,45.0,1,45.0,Summer,2024,6,False,kaggle_shopping
306766,Boots,Nike,Footwear,49.0,0.0,49.0,1,49.0,Fall,2024,9,False,kaggle_shopping
306867,Sneakers,Adidas,Footwear,36.0,0.0,36.0,1,36.0,Summer,2024,6,False,kaggle_shopping
306968,Sweater,Gap,Men's Fashion,48.0,0.0,48.0,1,48.0,Fall,2024,9,False,kaggle_shopping
307069,Belt,Fossil,Accessories,62.0,0.0,62.0,1,62.0,Fall,2024,9,False,kaggle_shopping
307170,Jewelry,Michael Kors,Accessories,74.0,0.0,74.0,1,74.0,Winter,2024,1,False,kaggle_shopping
307271,Handbag,Fossil,Accessories,100.0,0.0,100.0,1,100.0,Fall,2024,9,False,kaggle_shopping
307372,Jacket,North Face,Women's Fashion,39.0,0.0,39.0,1,39.0,Fall,2024,9,False,kaggle_shopping
307473,Boots,New Balance,Footwear,65.0,0.0,65.0,1,65.0,Summer,2024,6,False,kaggle_shopping
307574,Sneakers,Nike,Footwear,99.0,0.0,99.0,1,99.0,Summer,2024,6,False,kaggle_shopping
307675,Scarf,Fossil,Accessories,68.0,0.0,68.0,1,68.0,Winter,2024,1,False,kaggle_shopping
307776,Coat,North Face,Women's Fashion,97.0,0.0,97.0,1,97.0,Summer,2024,6,False,kaggle_shopping
307877,Shorts,Uniqlo,Men's Fashion,47.0,0.0,47.0,1,47.0,Winter,2024,1,False,kaggle_shopping
307978,Shorts,Zara,Men's Fashion,56.0,0.0,56.0,1,56.0,Spring,2024,5,False,kaggle_shopping
308079,Jeans,Zara,Men's Fashion,91.0,0.0,91.0,1,91.0,Fall,2024,9,False,kaggle_shopping
308180,Gloves,Coach,Accessories,93.0,0.0,93.0,1,93.0,Fall,2024,9,False,kaggle_shopping
308281,Pants,H&M,Men's Fashion,36.0,0.0,36.0,1,36.0,Winter,2024,1,False,kaggle_shopping
308382,Dress,Uniqlo,Men's Fashion,45.0,0.0,45.0,1,45.0,Summer,2024,6,False,kaggle_shopping
308483,Pants,Zara,Men's Fashion,44.0,0.0,44.0,1,44.0,Winter,2024,1,False,kaggle_shopping
308584,Gloves,Kate Spade,Accessories,32.0,0.0,32.0,1,32.0,Spring,2024,5,False,kaggle_shopping
308685,Belt,Michael Kors,Accessories,36.0,0.0,36.0,1,36.0,Summer,2024,6,False,kaggle_shopping
308786,Belt,Fossil,Accessories,85.0,0.0,85.0,1,85.0,Summer,2024,6,False,kaggle_shopping
308887,Skirt,Uniqlo,Men's Fashion,36.0,0.0,36.0,1,36.0,Winter,2024,1,False,kaggle_shopping
308988,Socks,Uniqlo,Men's Fashion,55.0,0.0,55.0,1,55.0,Spring,2024,5,False,kaggle_shopping
309089,Belt,Coach,Accessories,20.0,0.0,20.0,1,20.0,Summer,2024,6,False,kaggle_shopping
309190,Shirt,Zara,Men's Fashion,91.0,0.0,91.0,1,91.0,Fall,2024,9,False,kaggle_shopping
309291,Dress,Zara,Men's Fashion,71.0,0.0,71.0,1,71.0,Summer,2024,6,False,kaggle_shopping
309392,Socks,Uniqlo,Men's Fashion,64.0,0.0,64.0,1,64.0,Spring,2024,5,False,kaggle_shopping
309493,Jacket,Columbia,Women's Fashion,21.0,0.0,21.0,1,21.0,Spring,2024,5,False,kaggle_shopping
309594,Sweater,Gap,Men's Fashion,100.0,0.0,100.0,1,100.0,Winter,2024,1,False,kaggle_shopping
309695,Jeans,H&M,Men's Fashion,96.0,0.0,96.0,1,96.0,Summer,2024,6,False,kaggle_shopping
309796,Jewelry,Kate Spade,Accessories,91.0,0.0,91.0,1,91.0,Spring,2024,5,False,kaggle_shopping
309897,Sweater,Zara,Men's Fashion,40.0,0.0,40.0,1,40.0,Spring,2024,5,False,kaggle_shopping
309998,Hoodie,Uniqlo,Men's Fashion,53.0,0.0,53.0,1,53.0,Summer,2024,6,False,kaggle_shopping
310099,Sunglasses,Fossil,Accessories,48.0,0.0,48.0,1,48.0,Winter,2024,1,False,kaggle_shopping
310100,Sandals,Nike,Footwear,70.0,0.0,70.0,1,70.0,Winter,2024,1,False,kaggle_shopping
310201,Coat,North Face,Women's Fashion,29.0,0.0,29.0,1,29.0,Summer,2024,6,False,kaggle_shopping
310302,Belt,Coach,Accessories,29.0,0.0,29.0,1,29.0,Fall,2024,9,False,kaggle_shopping
310403,Blouse,Zara,Men's Fashion,53.0,0.0,53.0,1,53.0,Fall,2024,9,False,kaggle_shopping
310504,Skirt,Uniqlo,Men's Fashion,79.0,0.0,79.0,1,79.0,Winter,2024,1,False,kaggle_shopping
310605,Shorts,H&M,Men's Fashion,65.0,0.0,65.0,1,65.0,Spring,2024,5,False,kaggle_shopping
310706,Dress,Forever 21,Men's Fashion,99.0,0.0,99.0,1,99.0,Summer,2024,6,False,kaggle_shopping
310807,Sunglasses,Fossil,Accessories,60.0,0.0,60.0,1,60.0,Winter,2024,1,False,kaggle_shopping
310908,Shoes,New Balance,Footwear,86.0,0.0,86.0,1,86.0,Winter,2024,1,False,kaggle_shopping
311009,Belt,Michael Kors,Accessories,73.0,0.0,73.0,1,73.0,Winter,2024,1,False,kaggle_shopping
311110,Belt,Kate Spade,Accessories,45.0,0.0,45.0,1,45.0,Winter,2024,1,False,kaggle_shopping
311211,Belt,Michael Kors,Accessories,70.0,0.0,70.0,1,70.0,Summer,2024,6,False,kaggle_shopping
311312,Belt,Michael Kors,Accessories,65.0,0.0,65.0,1,65.0,Fall,2024,9,False,kaggle_shopping
311413,Skirt,Forever 21,Men's Fashion,55.0,0.0,55.0,1,55.0,Summer,2024,6,False,kaggle_shopping
311514,T-shirt,Forever 21,Men's Fashion,65.0,0.0,65.0,1,65.0,Spring,2024,5,False,kaggle_shopping
311615,Scarf,Michael Kors,Accessories,21.0,0.0,21.0,1,21.0,Spring,2024,5,False,kaggle_shopping
311716,Blouse,Uniqlo,Men's Fashion,26.0,0.0,26.0,1,26.0,Summer,2024,6,False,kaggle_shopping
311817,Sunglasses,Michael Kors,Accessories,71.0,0.0,71.0,1,71.0,Summer,2024,6,False,kaggle_shopping
311918,Boots,Adidas,Footwear,41.0,0.0,41.0,1,41.0,Summer,2024,6,False,kaggle_shopping
312019,Jacket,Columbia,Women's Fashion,44.0,0.0,44.0,1,44.0,Winter,2024,1,False,kaggle_shopping
312120,Jeans,Forever 21,Men's Fashion,81.0,0.0,81.0,1,81.0,Fall,2024,9,False,kaggle_shopping
312221,Sunglasses,Fossil,Accessories,77.0,0.0,77.0,1,77.0,Summer,2024,6,False,kaggle_shopping
312322,Sandals,New Balance,Footwear,26.0,0.0,26.0,1,26.0,Fall,2024,9,False,kaggle_shopping
312423,Backpack,Fossil,Accessories,31.0,0.0,31.0,1,31.0,Summer,2024,6,False,kaggle_shopping
312524,Blouse,Zara,Men's Fashion,82.0,0.0,82.0,1,82.0,Spring,2024,5,False,kaggle_shopping
312625,Shoes,Puma,Footwear,60.0,0.0,60.0,1,60.0,Summer,2024,6,False,kaggle_shopping
312726,Shirt,Uniqlo,Men's Fashion,70.0,0.0,70.0,1,70.0,Fall,2024,9,False,kaggle_shopping
312827,Hoodie,Forever 21,Men's Fashion,26.0,0.0,26.0,1,26.0,Winter,2024,1,False,kaggle_shopping
312928,Dress,Zara,Men's Fashion,100.0,0.0,100.0,1,100.0,Summer,2024,6,False,kaggle_shopping
313029,Dress,H&M,Men's Fashion,82.0,0.0,82.0,1,82.0,Summer,2024,6,False,kaggle_shopping
313130,Sneakers,Puma,Footwear,24.0,0.0,24.0,1,24.0,Spring,2024,5,False,kaggle_shopping
313231,Blouse,H&M,Men's Fashion,74.0,0.0,74.0,1,74.0,Summer,2024,6,False,kaggle_shopping
313332,Backpack,Coach,Accessories,58.0,0.0,58.0,1,58.0,Summer,2024,6,False,kaggle_shopping
313433,Sweater,Zara,Men's Fashion,56.0,0.0,56.0,1,56.0,Spring,2024,5,False,kaggle_shopping
313534,Boots,New Balance,Footwear,37.0,0.0,37.0,1,37.0,Spring,2024,5,False,kaggle_shopping
313635,Handbag,Fossil,Accessories,64.0,0.0,64.0,1,64.0,Spring,2024,5,False,kaggle_shopping
313736,Hoodie,Forever 21,Men's Fashion,58.0,0.0,58.0,1,58.0,Spring,2024,5,False,kaggle_shopping
313837,Belt,Fossil,Accessories,44.0,0.0,44.0,1,44.0,Summer,2024,6,False,kaggle_shopping
313938,Jewelry,Michael Kors,Accessories,39.0,0.0,39.0,1,39.0,Summer,2024,6,False,kaggle_shopping
314039,Blouse,Zara,Men's Fashion,48.0,0.0,48.0,1,48.0,Spring,2024,5,False,kaggle_shopping
314140,Handbag,Coach,Accessories,32.0,0.0,32.0,1,32.0,Fall,2024,9,False,kaggle_shopping
314241,Handbag,Coach,Accessories,79.0,0.0,79.0,1,79.0,Winter,2024,1,False,kaggle_shopping
314342,Coat,Patagonia,Women's Fashion,27.0,0.0,27.0,1,27.0,Winter,2024,1,False,kaggle_shopping
314443,Belt,Coach,Accessories,98.0,0.0,98.0,1,98.0,Fall,2024,9,False,kaggle_shopping
314544,Boots,Nike,Footwear,67.0,0.0,67.0,1,67.0,Winter,2024,1,False,kaggle_shopping
314645,Socks,Forever 21,Men's Fashion,37.0,0.0,37.0,1,37.0,Winter,2024,1,False,kaggle_shopping
314746,Shoes,Nike,Footwear,49.0,0.0,49.0,1,49.0,Spring,2024,5,False,kaggle_shopping
314847,Sneakers,Nike,Footwear,74.0,0.0,74.0,1,74.0,Fall,2024,9,False,kaggle_shopping
314948,Jewelry,Michael Kors,Accessories,93.0,0.0,93.0,1,93.0,Summer,2024,6,False,kaggle_shopping
315049,Handbag,Coach,Accessories,60.0,0.0,60.0,1,60.0,Summer,2024,6,False,kaggle_shopping
315150,Coat,Columbia,Women's Fashion,76.0,0.0,76.0,1,76.0,Spring,2024,5,False,kaggle_shopping
315251,Sunglasses,Coach,Accessories,64.0,0.0,64.0,1,64.0,Summer,2024,6,False,kaggle_shopping
315352,Shoes,Adidas,Footwear,38.0,0.0,38.0,1,38.0,Spring,2024,5,False,kaggle_shopping
315453,Shoes,Nike,Footwear,91.0,0.0,91.0,1,91.0,Winter,2024,1,False,kaggle_shopping
315554,Boots,Puma,Footwear,70.0,0.0,70.0,1,70.0,Summer,2024,6,False,kaggle_shopping
315655,Sandals,Nike,Footwear,22.0,0.0,22.0,1,22.0,Fall,2024,9,False,kaggle_shopping
315756,Gloves,Michael Kors,Accessories,59.0,0.0,59.0,1,59.0,Spring,2024,5,False,kaggle_shopping
315857,Backpack,Coach,Accessories,22.0,0.0,22.0,1,22.0,Spring,2024,5,False,kaggle_shopping
315958,Handbag,Michael Kors,Accessories,74.0,0.0,74.0,1,74.0,Winter,2024,1,False,kaggle_shopping
316059,Sweater,H&M,Men's Fashion,71.0,0.0,71.0,1,71.0,Spring,2024,5,False,kaggle_shopping
316160,Coat,North Face,Women's Fashion,80.0,0.0,80.0,1,80.0,Summer,2024,6,False,kaggle_shopping
316261,T-shirt,Forever 21,Men's Fashion,59.0,0.0,59.0,1,59.0,Fall,2024,9,False,kaggle_shopping
316362,Backpack,Kate Spade,Accessories,96.0,0.0,96.0,1,96.0,Fall,2024,9,False,kaggle_shopping
316463,Sunglasses,Coach,Accessories,43.0,0.0,43.0,1,43.0,Winter,2024,1,False,kaggle_shopping
316564,Belt,Michael Kors,Accessories,76.0,0.0,76.0,1,76.0,Winter,2024,1,False,kaggle_shopping
316665,Jacket,Canada Goose,Women's Fashion,59.0,0.0,59.0,1,59.0,Fall,2024,9,False,kaggle_shopping
316766,Skirt,Gap,Men's Fashion,48.0,0.0,48.0,1,48.0,Summer,2024,6,False,kaggle_shopping
316867,Belt,Coach,Accessories,22.0,0.0,22.0,1,22.0,Spring,2024,5,False,kaggle_shopping
316968,Boots,Puma,Footwear,40.0,0.0,40.0,1,40.0,Winter,2024,1,False,kaggle_shopping
317069,Jeans,Forever 21,Men's Fashion,73.0,0.0,73.0,1,73.0,Spring,2024,5,False,kaggle_shopping
317170,Shoes,Puma,Footwear,26.0,0.0,26.0,1,26.0,Fall,2024,9,False,kaggle_shopping
317271,Sweater,Forever 21,Men's Fashion,41.0,0.0,41.0,1,41.0,Spring,2024,5,False,kaggle_shopping
317372,Jewelry,Coach,Accessories,98.0,0.0,98.0,1,98.0,Spring,2024,5,False,kaggle_shopping
317473,Shirt,Uniqlo,Men's Fashion,63.0,0.0,63.0,1,63.0,Winter,2024,1,False,kaggle_shopping
317574,Boots,Nike,Footwear,55.0,0.0,55.0,1,55.0,Winter,2024,1,False,kaggle_shopping
317675,Shorts,Gap,Men's Fashion,90.0,0.0,90.0,1,90.0,Winter,2024,1,False,kaggle_shopping
317776,Handbag,Kate Spade,Accessories,46.0,0.0,46.0,1,46.0,Summer,2024,6,False,kaggle_shopping
317877,Sweater,H&M,Men's Fashion,88.0,0.0,88.0,1,88.0,Spring,2024,5,False,kaggle_shopping
317978,Belt,Fossil,Accessories,95.0,0.0,95.0,1,95.0,Spring,2024,5,False,kaggle_shopping
318079,Belt,Michael Kors,Accessories,31.0,0.0,31.0,1,31.0,Fall,2024,9,False,kaggle_shopping
318180,Hoodie,Uniqlo,Men's Fashion,42.0,0.0,42.0,1,42.0,Spring,2024,5,False,kaggle_shopping
318281,Sneakers,Adidas,Footwear,44.0,0.0,44.0,1,44.0,Winter,2024,1,False,kaggle_shopping
318382,T-shirt,Uniqlo,Men's Fashion,99.0,0.0,99.0,1,99.0,Spring,2024,5,False,kaggle_shopping
318483,Pants,Forever 21,Men's Fashion,20.0,0.0,20.0,1,20.0,Summer,2024,6,False,kaggle_shopping
318584,Scarf,Michael Kors,Accessories,37.0,0.0,37.0,1,37.0,Spring,2024,5,False,kaggle_shopping
318685,Sweater,H&M,Men's Fashion,50.0,0.0,50.0,1,50.0,Winter,2024,1,False,kaggle_shopping
318786,Handbag,Coach,Accessories,73.0,0.0,73.0,1,73.0,Summer,2024,6,False,kaggle_shopping
318887,Shirt,H&M,Men's Fashion,84.0,0.0,84.0,1,84.0,Spring,2024,5,False,kaggle_shopping
318988,Dress,H&M,Men's Fashion,64.0,0.0,64.0,1,64.0,Spring,2024,5,False,kaggle_shopping
319089,Sandals,New Balance,Footwear,21.0,0.0,21.0,1,21.0,Fall,2024,9,False,kaggle_shopping
319190,Shirt,Gap,Men's Fashion,36.0,0.0,36.0,1,36.0,Summer,2024,6,False,kaggle_shopping
319291,Dress,Zara,Men's Fashion,81.0,0.0,81.0,1,81.0,Winter,2024,1,False,kaggle_shopping
319392,Sunglasses,Kate Spade,Accessories,54.0,0.0,54.0,1,54.0,Fall,2024,9,False,kaggle_shopping
319493,Socks,Forever 21,Men's Fashion,63.0,0.0,63.0,1,63.0,Summer,2024,6,False,kaggle_shopping
319594,Sandals,New Balance,Footwear,59.0,0.0,59.0,1,59.0,Summer,2024,6,False,kaggle_shopping
319695,Hat,Michael Kors,Accessories,53.0,0.0,53.0,1,53.0,Fall,2024,9,False,kaggle_shopping
319796,Shirt,Gap,Men's Fashion,63.0,0.0,63.0,1,63.0,Winter,2024,1,False,kaggle_shopping
319897,Shoes,Converse,Footwear,33.0,0.0,33.0,1,33.0,Fall,2024,9,False,kaggle_shopping
319998,Pants,H&M,Men's Fashion,64.0,0.0,64.0,1,64.0,Summer,2024,6,False,kaggle_shopping
320099,Shirt,Uniqlo,Men's Fashion,98.0,0.0,98.0,1,98.0,Fall,2024,9,False,kaggle_shopping
320100,Hat,Michael Kors,Accessories,85.0,0.0,85.0,1,85.0,Winter,2024,1,False,kaggle_shopping
320201,Jewelry,Kate Spade,Accessories,82.0,0.0,82.0,1,82.0,Summer,2024,6,False,kaggle_shopping
320302,Jacket,Patagonia,Women's Fashion,85.0,0.0,85.0,1,85.0,Summer,2024,6,False,kaggle_shopping
320403,Shirt,Uniqlo,Men's Fashion,37.0,0.0,37.0,1,37.0,Winter,2024,1,False,kaggle_shopping
320504,Pants,Gap,Men's Fashion,56.0,0.0,56.0,1,56.0,Summer,2024,6,False,kaggle_shopping
320605,Skirt,Zara,Men's Fashion,33.0,0.0,33.0,1,33.0,Fall,2024,9,False,kaggle_shopping
320706,Sandals,Nike,Footwear,57.0,0.0,57.0,1,57.0,Winter,2024,1,False,kaggle_shopping
320807,Blouse,H&M,Men's Fashion,31.0,0.0,31.0,1,31.0,Winter,2024,1,False,kaggle_shopping
320908,Socks,Zara,Men's Fashion,69.0,0.0,69.0,1,69.0,Fall,2024,9,False,kaggle_shopping
321009,Jacket,Patagonia,Women's Fashion,92.0,0.0,92.0,1,92.0,Winter,2024,1,False,kaggle_shopping
321110,Handbag,Michael Kors,Accessories,46.0,0.0,46.0,1,46.0,Fall,2024,9,False,kaggle_shopping
321211,Belt,Fossil,Accessories,81.0,0.0,81.0,1,81.0,Spring,2024,5,False,kaggle_shopping
321312,Blouse,Gap,Men's Fashion,97.0,0.0,97.0,1,97.0,Fall,2024,9,False,kaggle_shopping
321413,Shirt,Gap,Men's Fashion,93.0,0.0,93.0,1,93.0,Summer,2024,6,False,kaggle_shopping
321514,Handbag,Kate Spade,Accessories,56.0,0.0,56.0,1,56.0,Spring,2024,5,False,kaggle_shopping
321615,Scarf,Fossil,Accessories,53.0,0.0,53.0,1,53.0,Fall,2024,9,False,kaggle_shopping
321716,Coat,Columbia,Women's Fashion,66.0,0.0,66.0,1,66.0,Spring,2024,5,False,kaggle_shopping
321817,Hoodie,H&M,Men's Fashion,50.0,0.0,50.0,1,50.0,Fall,2024,9,False,kaggle_shopping
321918,Shorts,Zara,Men's Fashion,97.0,0.0,97.0,1,97.0,Summer,2024,6,False,kaggle_shopping
322019,Sandals,Puma,Footwear,79.0,0.0,79.0,1,79.0,Winter,2024,1,False,kaggle_shopping
322120,Shirt,Gap,Men's Fashion,76.0,0.0,76.0,1,76.0,Fall,2024,9,False,kaggle_shopping
322221,Hoodie,Zara,Men's Fashion,38.0,0.0,38.0,1,38.0,Fall,2024,9,False,kaggle_shopping
322322,Socks,Gap,Men's Fashion,45.0,0.0,45.0,1,45.0,Fall,2024,9,False,kaggle_shopping
322423,Handbag,Fossil,Accessories,77.0,0.0,77.0,1,77.0,Fall,2024,9,False,kaggle_shopping
322524,Jewelry,Fossil,Accessories,51.0,0.0,51.0,1,51.0,Summer,2024,6,False,kaggle_shopping
322625,Coat,Columbia,Women's Fashion,26.0,0.0,26.0,1,26.0,Spring,2024,5,False,kaggle_shopping
322726,Sunglasses,Fossil,Accessories,76.0,0.0,76.0,1,76.0,Winter,2024,1,False,kaggle_shopping
322827,Gloves,Kate Spade,Accessories,94.0,0.0,94.0,1,94.0,Winter,2024,1,False,kaggle_shopping
322928,Jacket,North Face,Women's Fashion,32.0,0.0,32.0,1,32.0,Fall,2024,9,False,kaggle_shopping
323029,Sandals,Puma,Footwear,20.0,0.0,20.0,1,20.0,Summer,2024,6,False,kaggle_shopping
323130,Pants,Uniqlo,Men's Fashion,20.0,0.0,20.0,1,20.0,Summer,2024,6,False,kaggle_shopping
323231,Jacket,North Face,Women's Fashion,59.0,0.0,59.0,1,59.0,Fall,2024,9,False,kaggle_shopping
323332,Sweater,Uniqlo,Men's Fashion,97.0,0.0,97.0,1,97.0,Summer,2024,6,False,kaggle_shopping
323433,T-shirt,Gap,Men's Fashion,68.0,0.0,68.0,1,68.0,Spring,2024,5,False,kaggle_shopping
323534,Boots,Converse,Footwear,66.0,0.0,66.0,1,66.0,Spring,2024,5,False,kaggle_shopping
323635,Shoes,Nike,Footwear,85.0,0.0,85.0,1,85.0,Spring,2024,5,False,kaggle_shopping
323736,Skirt,Forever 21,Men's Fashion,32.0,0.0,32.0,1,32.0,Fall,2024,9,False,kaggle_shopping
323837,Coat,North Face,Women's Fashion,44.0,0.0,44.0,1,44.0,Spring,2024,5,False,kaggle_shopping
323938,Blouse,Uniqlo,Men's Fashion,95.0,0.0,95.0,1,95.0,Fall,2024,9,False,kaggle_shopping
324039,Sunglasses,Coach,Accessories,85.0,0.0,85.0,1,85.0,Winter,2024,1,False,kaggle_shopping
324140,Gloves,Fossil,Accessories,44.0,0.0,44.0,1,44.0,Summer,2024,6,False,kaggle_shopping
324241,Sunglasses,Kate Spade,Accessories,30.0,0.0,30.0,1,30.0,Winter,2024,1,False,kaggle_shopping
324342,Sneakers,Puma,Footwear,21.0,0.0,21.0,1,21.0,Winter,2024,1,False,kaggle_shopping
324443,Hoodie,Uniqlo,Men's Fashion,22.0,0.0,22.0,1,22.0,Summer,2024,6,False,kaggle_shopping
324544,Boots,Nike,Footwear,70.0,0.0,70.0,1,70.0,Spring,2024,5,False,kaggle_shopping
324645,Handbag,Kate Spade,Accessories,29.0,0.0,29.0,1,29.0,Spring,2024,5,False,kaggle_shopping
324746,Shirt,H&M,Men's Fashion,83.0,0.0,83.0,1,83.0,Winter,2024,1,False,kaggle_shopping
324847,Sweater,Forever 21,Men's Fashion,99.0,0.0,99.0,1,99.0,Winter,2024,1,False,kaggle_shopping
324948,Shorts,Forever 21,Men's Fashion,35.0,0.0,35.0,1,35.0,Fall,2024,9,False,kaggle_shopping
325049,Belt,Michael Kors,Accessories,40.0,0.0,40.0,1,40.0,Winter,2024,1,False,kaggle_shopping
325150,Blouse,Forever 21,Men's Fashion,25.0,0.0,25.0,1,25.0,Spring,2024,5,False,kaggle_shopping
325251,T-shirt,Gap,Men's Fashion,64.0,0.0,64.0,1,64.0,Fall,2024,9,False,kaggle_shopping
325352,Belt,Coach,Accessories,90.0,0.0,90.0,1,90.0,Fall,2024,9,False,kaggle_shopping
325453,Socks,Gap,Men's Fashion,88.0,0.0,88.0,1,88.0,Fall,2024,9,False,kaggle_shopping
325554,Belt,Fossil,Accessories,55.0,0.0,55.0,1,55.0,Winter,2024,1,False,kaggle_shopping
325655,Handbag,Coach,Accessories,90.0,0.0,90.0,1,90.0,Fall,2024,9,False,kaggle_shopping
325756,Shirt,Forever 21,Men's Fashion,50.0,0.0,50.0,1,50.0,Winter,2024,1,False,kaggle_shopping
325857,Belt,Michael Kors,Accessories,34.0,0.0,34.0,1,34.0,Fall,2024,9,False,kaggle_shopping
325958,Jewelry,Coach,Accessories,77.0,0.0,77.0,1,77.0,Winter,2024,1,False,kaggle_shopping
326059,Hat,Kate Spade,Accessories,89.0,0.0,89.0,1,89.0,Winter,2024,1,False,kaggle_shopping
326160,Backpack,Kate Spade,Accessories,87.0,0.0,87.0,1,87.0,Fall,2024,9,False,kaggle_shopping
326261,Dress,Forever 21,Men's Fashion,77.0,0.0,77.0,1,77.0,Winter,2024,1,False,kaggle_shopping
326362,Shoes,Adidas,Footwear,85.0,0.0,85.0,1,85.0,Winter,2024,1,False,kaggle_shopping
326463,Pants,Gap,Men's Fashion,66.0,0.0,66.0,1,66.0,Summer,2024,6,False,kaggle_shopping
326564,Dress,Forever 21,Men's Fashion,32.0,0.0,32.0,1,32.0,Winter,2024,1,False,kaggle_shopping
326665,Jacket,Patagonia,Women's Fashion,92.0,0.0,92.0,1,92.0,Spring,2024,5,False,kaggle_shopping
326766,Shirt,Gap,Men's Fashion,80.0,0.0,80.0,1,80.0,Winter,2024,1,False,kaggle_shopping
326867,Dress,Zara,Men's Fashion,78.0,0.0,78.0,1,78.0,Fall,2024,9,False,kaggle_shopping
326968,Jeans,Uniqlo,Men's Fashion,24.0,0.0,24.0,1,24.0,Spring,2024,5,False,kaggle_shopping
327069,T-shirt,Zara,Men's Fashion,59.0,0.0,59.0,1,59.0,Fall,2024,9,False,kaggle_shopping
327170,Sunglasses,Fossil,Accessories,41.0,0.0,41.0,1,41.0,Spring,2024,5,False,kaggle_shopping
327271,Jewelry,Coach,Accessories,26.0,0.0,26.0,1,26.0,Spring,2024,5,False,kaggle_shopping
327372,Socks,H&M,Men's Fashion,52.0,0.0,52.0,1,52.0,Fall,2024,9,False,kaggle_shopping
327473,Skirt,Forever 21,Men's Fashion,46.0,0.0,46.0,1,46.0,Summer,2024,6,False,kaggle_shopping
327574,Pants,Uniqlo,Men's Fashion,52.0,0.0,52.0,1,52.0,Winter,2024,1,False,kaggle_shopping
327675,Socks,Gap,Men's Fashion,42.0,0.0,42.0,1,42.0,Fall,2024,9,False,kaggle_shopping
327776,Sandals,Nike,Footwear,37.0,0.0,37.0,1,37.0,Spring,2024,5,False,kaggle_shopping
327877,Belt,Kate Spade,Accessories,52.0,0.0,52.0,1,52.0,Fall,2024,9,False,kaggle_shopping
327978,Sandals,Nike,Footwear,34.0,0.0,34.0,1,34.0,Spring,2024,5,False,kaggle_shopping
328079,Shorts,Zara,Men's Fashion,88.0,0.0,88.0,1,88.0,Spring,2024,5,False,kaggle_shopping
328180,Handbag,Coach,Accessories,88.0,0.0,88.0,1,88.0,Fall,2024,9,False,kaggle_shopping
328281,Jacket,Patagonia,Women's Fashion,51.0,0.0,51.0,1,51.0,Summer,2024,6,False,kaggle_shopping
328382,Sunglasses,Michael Kors,Accessories,97.0,0.0,97.0,1,97.0,Fall,2024,9,False,kaggle_shopping
328483,Sneakers,Converse,Footwear,56.0,0.0,56.0,1,56.0,Winter,2024,1,False,kaggle_shopping
328584,Sweater,Gap,Men's Fashion,53.0,0.0,53.0,1,53.0,Spring,2024,5,False,kaggle_shopping
328685,Skirt,H&M,Men's Fashion,71.0,0.0,71.0,1,71.0,Fall,2024,9,False,kaggle_shopping
328786,Jewelry,Kate Spade,Accessories,93.0,0.0,93.0,1,93.0,Winter,2024,1,False,kaggle_shopping
328887,Blouse,Gap,Men's Fashion,72.0,0.0,72.0,1,72.0,Winter,2024,1,False,kaggle_shopping
328988,Blouse,Zara,Men's Fashion,59.0,0.0,59.0,1,59.0,Winter,2024,1,False,kaggle_shopping
329089,Boots,New Balance,Footwear,87.0,0.0,87.0,1,87.0,Summer,2024,6,False,kaggle_shopping
329190,Jeans,H&M,Men's Fashion,78.0,0.0,78.0,1,78.0,Fall,2024,9,False,kaggle_shopping
329291,Hoodie,Gap,Men's Fashion,68.0,0.0,68.0,1,68.0,Winter,2024,1,False,kaggle_shopping
329392,Sweater,Gap,Men's Fashion,76.0,0.0,76.0,1,76.0,Fall,2024,9,False,kaggle_shopping
329493,Gloves,Michael Kors,Accessories,99.0,0.0,99.0,1,99.0,Winter,2024,1,False,kaggle_shopping
329594,Sneakers,Nike,Footwear,52.0,0.0,52.0,1,52.0,Summer,2024,6,False,kaggle_shopping
329695,Sunglasses,Kate Spade,Accessories,58.0,0.0,58.0,1,58.0,Spring,2024,5,False,kaggle_shopping
329796,Belt,Kate Spade,Accessories,59.0,0.0,59.0,1,59.0,Winter,2024,1,False,kaggle_shopping
329897,Sweater,Forever 21,Men's Fashion,71.0,0.0,71.0,1,71.0,Spring,2024,5,False,kaggle_shopping
329998,Gloves,Kate Spade,Accessories,94.0,0.0,94.0,1,94.0,Winter,2024,1,False,kaggle_shopping
330099,Handbag,Kate Spade,Accessories,40.0,0.0,40.0,1,40.0,Winter,2024,1,False,kaggle_shopping
330100,Socks,Uniqlo,Men's Fashion,24.0,0.0,24.0,1,24.0,Spring,2024,5,False,kaggle_shopping
330201,Pants,Gap,Men's Fashion,38.0,0.0,38.0,1,38.0,Fall,2024,9,False,kaggle_shopping
330302,Scarf,Kate Spade,Accessories,37.0,0.0,37.0,1,37.0,Fall,2024,9,False,kaggle_shopping
330403,Coat,North Face,Women's Fashion,29.0,0.0,29.0,1,29.0,Spring,2024,5,False,kaggle_shopping
330504,Jacket,Columbia,Women's Fashion,92.0,0.0,92.0,1,92.0,Fall,2024,9,False,kaggle_shopping
330605,Hoodie,Forever 21,Men's Fashion,24.0,0.0,24.0,1,24.0,Fall,2024,9,False,kaggle_shopping
330706,Boots,New Balance,Footwear,52.0,0.0,52.0,1,52.0,Winter,2024,1,False,kaggle_shopping
330807,Socks,Zara,Men's Fashion,29.0,0.0,29.0,1,29.0,Summer,2024,6,False,kaggle_shopping
330908,Jewelry,Fossil,Accessories,30.0,0.0,30.0,1,30.0,Winter,2024,1,False,kaggle_shopping
331009,Shoes,Converse,Footwear,31.0,0.0,31.0,1,31.0,Fall,2024,9,False,kaggle_shopping
331110,Socks,Zara,Men's Fashion,67.0,0.0,67.0,1,67.0,Summer,2024,6,False,kaggle_shopping
331211,Pants,Uniqlo,Men's Fashion,65.0,0.0,65.0,1,65.0,Winter,2024,1,False,kaggle_shopping
331312,Sneakers,Adidas,Footwear,22.0,0.0,22.0,1,22.0,Winter,2024,1,False,kaggle_shopping
331413,Sunglasses,Kate Spade,Accessories,56.0,0.0,56.0,1,56.0,Winter,2024,1,False,kaggle_shopping
331514,Skirt,Zara,Men's Fashion,78.0,0.0,78.0,1,78.0,Spring,2024,5,False,kaggle_shopping
331615,Coat,Columbia,Women's Fashion,90.0,0.0,90.0,1,90.0,Summer,2024,6,False,kaggle_shopping
331716,Hoodie,Zara,Men's Fashion,85.0,0.0,85.0,1,85.0,Winter,2024,1,False,kaggle_shopping
331817,Sunglasses,Kate Spade,Accessories,58.0,0.0,58.0,1,58.0,Fall,2024,9,False,kaggle_shopping
331918,Skirt,Gap,Men's Fashion,34.0,0.0,34.0,1,34.0,Fall,2024,9,False,kaggle_shopping
332019,Coat,Canada Goose,Women's Fashion,40.0,0.0,40.0,1,40.0,Summer,2024,6,False,kaggle_shopping
332120,Handbag,Michael Kors,Accessories,29.0,0.0,29.0,1,29.0,Fall,2024,9,False,kaggle_shopping
332221,T-shirt,Uniqlo,Men's Fashion,76.0,0.0,76.0,1,76.0,Winter,2024,1,False,kaggle_shopping
332322,Sunglasses,Fossil,Accessories,84.0,0.0,84.0,1,84.0,Fall,2024,9,False,kaggle_shopping
332423,Shirt,H&M,Men's Fashion,65.0,0.0,65.0,1,65.0,Spring,2024,5,False,kaggle_shopping
332524,Hoodie,H&M,Men's Fashion,80.0,0.0,80.0,1,80.0,Winter,2024,1,False,kaggle_shopping
332625,Blouse,Zara,Men's Fashion,98.0,0.0,98.0,1,98.0,Fall,2024,9,False,kaggle_shopping
332726,Sneakers,Converse,Footwear,71.0,0.0,71.0,1,71.0,Spring,2024,5,False,kaggle_shopping
332827,Scarf,Kate Spade,Accessories,69.0,0.0,69.0,1,69.0,Fall,2024,9,False,kaggle_shopping
332928,Jewelry,Kate Spade,Accessories,95.0,0.0,95.0,1,95.0,Spring,2024,5,False,kaggle_shopping
333029,Pants,Forever 21,Men's Fashion,67.0,0.0,67.0,1,67.0,Fall,2024,9,False,kaggle_shopping
333130,Sneakers,Adidas,Footwear,49.0,0.0,49.0,1,49.0,Summer,2024,6,False,kaggle_shopping
333231,Shoes,New Balance,Footwear,97.0,0.0,97.0,1,97.0,Winter,2024,1,False,kaggle_shopping
333332,T-shirt,Forever 21,Men's Fashion,34.0,0.0,34.0,1,34.0,Spring,2024,5,False,kaggle_shopping
333433,Belt,Michael Kors,Accessories,74.0,0.0,74.0,1,74.0,Fall,2024,9,False,kaggle_shopping
333534,Jewelry,Coach,Accessories,96.0,0.0,96.0,1,96.0,Winter,2024,1,False,kaggle_shopping
333635,Belt,Fossil,Accessories,68.0,0.0,68.0,1,68.0,Summer,2024,6,False,kaggle_shopping
333736,Belt,Kate Spade,Accessories,84.0,0.0,84.0,1,84.0,Fall,2024,9,False,kaggle_shopping
333837,T-shirt,H&M,Men's Fashion,57.0,0.0,57.0,1,57.0,Summer,2024,6,False,kaggle_shopping
333938,Sneakers,New Balance,Footwear,84.0,0.0,84.0,1,84.0,Fall,2024,9,False,kaggle_shopping
334039,Sunglasses,Kate Spade,Accessories,32.0,0.0,32.0,1,32.0,Fall,2024,9,False,kaggle_shopping
334140,Sandals,Puma,Footwear,37.0,0.0,37.0,1,37.0,Fall,2024,9,False,kaggle_shopping
334241,Handbag,Kate Spade,Accessories,58.0,0.0,58.0,1,58.0,Summer,2024,6,False,kaggle_shopping
334342,Socks,H&M,Men's Fashion,74.0,0.0,74.0,1,74.0,Fall,2024,9,False,kaggle_shopping
334443,Hoodie,Gap,Men's Fashion,99.0,0.0,99.0,1,99.0,Summer,2024,6,False,kaggle_shopping
334544,Sweater,Forever 21,Men's Fashion,81.0,0.0,81.0,1,81.0,Fall,2024,9,False,kaggle_shopping
334645,Pants,Gap,Men's Fashion,76.0,0.0,76.0,1,76.0,Fall,2024,9,False,kaggle_shopping
334746,Sneakers,Puma,Footwear,98.0,0.0,98.0,1,98.0,Summer,2024,6,False,kaggle_shopping
334847,Gloves,Michael Kors,Accessories,91.0,0.0,91.0,1,91.0,Summer,2024,6,False,kaggle_shopping
334948,T-shirt,H&M,Men's Fashion,79.0,0.0,79.0,1,79.0,Summer,2024,6,False,kaggle_shopping
335049,Backpack,Coach,Accessories,83.0,0.0,83.0,1,83.0,Summer,2024,6,False,kaggle_shopping
335150,Coat,North Face,Women's Fashion,90.0,0.0,90.0,1,90.0,Spring,2024,5,False,kaggle_shopping
335251,Coat,Patagonia,Women's Fashion,20.0,0.0,20.0,1,20.0,Winter,2024,1,False,kaggle_shopping
335352,Sandals,Adidas,Footwear,21.0,0.0,21.0,1,21.0,Spring,2024,5,False,kaggle_shopping
335453,Backpack,Coach,Accessories,60.0,0.0,60.0,1,60.0,Fall,2024,9,False,kaggle_shopping
335554,Sweater,Uniqlo,Men's Fashion,31.0,0.0,31.0,1,31.0,Winter,2024,1,False,kaggle_shopping
335655,Shorts,H&M,Men's Fashion,40.0,0.0,40.0,1,40.0,Fall,2024,9,False,kaggle_shopping
335756,Sunglasses,Fossil,Accessories,26.0,0.0,26.0,1,26.0,Winter,2024,1,False,kaggle_shopping
335857,Shirt,Forever 21,Men's Fashion,98.0,0.0,98.0,1,98.0,Fall,2024,9,False,kaggle_shopping
335958,Shoes,Nike,Footwear,51.0,0.0,51.0,1,51.0,Spring,2024,5,False,kaggle_shopping
336059,Hat,Kate Spade,Accessories,95.0,0.0,95.0,1,95.0,Fall,2024,9,False,kaggle_shopping
336160,Scarf,Coach,Accessories,36.0,0.0,36.0,1,36.0,Summer,2024,6,False,kaggle_shopping
336261,Belt,Michael Kors,Accessories,52.0,0.0,52.0,1,52.0,Winter,2024,1,False,kaggle_shopping
336362,T-shirt,Gap,Men's Fashion,35.0,0.0,35.0,1,35.0,Spring,2024,5,False,kaggle_shopping
336463,Shorts,Forever 21,Men's Fashion,68.0,0.0,68.0,1,68.0,Fall,2024,9,False,kaggle_shopping
336564,Pants,Forever 21,Men's Fashion,50.0,0.0,50.0,1,50.0,Winter,2024,1,False,kaggle_shopping
336665,Sunglasses,Michael Kors,Accessories,100.0,0.0,100.0,1,100.0,Winter,2024,1,False,kaggle_shopping
336766,Coat,Columbia,Women's Fashion,74.0,0.0,74.0,1,74.0,Winter,2024,1,False,kaggle_shopping
336867,Hoodie,Uniqlo,Men's Fashion,45.0,0.0,45.0,1,45.0,Winter,2024,1,False,kaggle_shopping
336968,Dress,Uniqlo,Men's Fashion,97.0,0.0,97.0,1,97.0,Fall,2024,9,False,kaggle_shopping
337069,Blouse,H&M,Men's Fashion,60.0,0.0,60.0,1,60.0,Winter,2024,1,False,kaggle_shopping
337170,Socks,Zara,Men's Fashion,25.0,0.0,25.0,1,25.0,Winter,2024,1,False,kaggle_shopping
337271,Socks,Uniqlo,Men's Fashion,55.0,0.0,55.0,1,55.0,Spring,2024,5,False,kaggle_shopping
337372,Shoes,Adidas,Footwear,99.0,0.0,99.0,1,99.0,Winter,2024,1,False,kaggle_shopping
337473,Belt,Coach,Accessories,45.0,0.0,45.0,1,45.0,Summer,2024,6,False,kaggle_shopping
337574,Sweater,Gap,Men's Fashion,20.0,0.0,20.0,1,20.0,Spring,2024,5,False,kaggle_shopping
337675,Pants,Gap,Men's Fashion,88.0,0.0,88.0,1,88.0,Summer,2024,6,False,kaggle_shopping
337776,Scarf,Coach,Accessories,99.0,0.0,99.0,1,99.0,Summer,2024,6,False,kaggle_shopping
337877,Skirt,Zara,Men's Fashion,86.0,0.0,86.0,1,86.0,Spring,2024,5,False,kaggle_shopping
337978,Dress,Gap,Men's Fashion,70.0,0.0,70.0,1,70.0,Summer,2024,6,False,kaggle_shopping
338079,Hat,Fossil,Accessories,50.0,0.0,50.0,1,50.0,Fall,2024,9,False,kaggle_shopping
338180,Handbag,Fossil,Accessories,57.0,0.0,57.0,1,57.0,Winter,2024,1,False,kaggle_shopping
338281,Pants,Uniqlo,Men's Fashion,69.0,0.0,69.0,1,69.0,Winter,2024,1,False,kaggle_shopping
338382,T-shirt,Gap,Men's Fashion,94.0,0.0,94.0,1,94.0,Fall,2024,9,False,kaggle_shopping
338483,Jacket,Columbia,Women's Fashion,24.0,0.0,24.0,1,24.0,Spring,2024,5,False,kaggle_shopping
338584,Scarf,Michael Kors,Accessories,79.0,0.0,79.0,1,79.0,Spring,2024,5,False,kaggle_shopping
338685,Hat,Coach,Accessories,31.0,0.0,31.0,1,31.0,Fall,2024,9,False,kaggle_shopping
338786,Jacket,Patagonia,Women's Fashion,67.0,0.0,67.0,1,67.0,Winter,2024,1,False,kaggle_shopping
338887,Skirt,Uniqlo,Men's Fashion,63.0,0.0,63.0,1,63.0,Spring,2024,5,False,kaggle_shopping
338988,Handbag,Kate Spade,Accessories,61.0,0.0,61.0,1,61.0,Spring,2024,5,False,kaggle_shopping
339089,Backpack,Kate Spade,Accessories,50.0,0.0,50.0,1,50.0,Summer,2024,6,False,kaggle_shopping
339190,Coat,North Face,Women's Fashion,82.0,0.0,82.0,1,82.0,Spring,2024,5,False,kaggle_shopping
339291,Belt,Michael Kors,Accessories,51.0,0.0,51.0,1,51.0,Fall,2024,9,False,kaggle_shopping
339392,Handbag,Kate Spade,Accessories,23.0,0.0,23.0,1,23.0,Spring,2024,5,False,kaggle_shopping
339493,Coat,Canada Goose,Women's Fashion,91.0,0.0,91.0,1,91.0,Spring,2024,5,False,kaggle_shopping
339594,Sweater,Zara,Men's Fashion,60.0,0.0,60.0,1,60.0,Spring,2024,5,False,kaggle_shopping
339695,Blouse,Zara,Men's Fashion,34.0,0.0,34.0,1,34.0,Summer,2024,6,False,kaggle_shopping
339796,Blouse,H&M,Men's Fashion,23.0,0.0,23.0,1,23.0,Spring,2024,5,False,kaggle_shopping
339897,Belt,Kate Spade,Accessories,82.0,0.0,82.0,1,82.0,Fall,2024,9,False,kaggle_shopping
339998,Jacket,Columbia,Women's Fashion,73.0,0.0,73.0,1,73.0,Fall,2024,9,False,kaggle_shopping
340099,Shorts,Uniqlo,Men's Fashion,32.0,0.0,32.0,1,32.0,Spring,2024,5,False,kaggle_shopping
340100,Hat,Coach,Accessories,80.0,0.0,80.0,1,80.0,Spring,2024,5,False,kaggle_shopping
340201,Pants,Uniqlo,Men's Fashion,58.0,0.0,58.0,1,58.0,Summer,2024,6,False,kaggle_shopping
340302,Blouse,Zara,Men's Fashion,82.0,0.0,82.0,1,82.0,Winter,2024,1,False,kaggle_shopping
340403,Belt,Michael Kors,Accessories,60.0,0.0,60.0,1,60.0,Summer,2024,6,False,kaggle_shopping
340504,Handbag,Kate Spade,Accessories,79.0,0.0,79.0,1,79.0,Fall,2024,9,False,kaggle_shopping
340605,Hoodie,Uniqlo,Men's Fashion,41.0,0.0,41.0,1,41.0,Summer,2024,6,False,kaggle_shopping
340706,Jacket,Patagonia,Women's Fashion,39.0,0.0,39.0,1,39.0,Summer,2024,6,False,kaggle_shopping
340807,Scarf,Michael Kors,Accessories,36.0,0.0,36.0,1,36.0,Winter,2024,1,False,kaggle_shopping
340908,Jeans,Uniqlo,Men's Fashion,70.0,0.0,70.0,1,70.0,Fall,2024,9,False,kaggle_shopping
341009,Handbag,Michael Kors,Accessories,47.0,0.0,47.0,1,47.0,Summer,2024,6,False,kaggle_shopping
341110,Jacket,Columbia,Women's Fashion,27.0,0.0,27.0,1,27.0,Winter,2024,1,False,kaggle_shopping
341211,Hat,Coach,Accessories,52.0,0.0,52.0,1,52.0,Summer,2024,6,False,kaggle_shopping
341312,Sneakers,Puma,Footwear,75.0,0.0,75.0,1,75.0,Summer,2024,6,False,kaggle_shopping
341413,Hat,Fossil,Accessories,30.0,0.0,30.0,1,30.0,Fall,2024,9,False,kaggle_shopping
341514,Socks,Forever 21,Men's Fashion,94.0,0.0,94.0,1,94.0,Spring,2024,5,False,kaggle_shopping
341615,Scarf,Coach,Accessories,68.0,0.0,68.0,1,68.0,Summer,2024,6,False,kaggle_shopping
341716,Socks,Uniqlo,Men's Fashion,45.0,0.0,45.0,1,45.0,Summer,2024,6,False,kaggle_shopping
341817,Hat,Kate Spade,Accessories,67.0,0.0,67.0,1,67.0,Summer,2024,6,False,kaggle_shopping
341918,Jacket,Patagonia,Women's Fashion,46.0,0.0,46.0,1,46.0,Summer,2024,6,False,kaggle_shopping
342019,Shorts,Forever 21,Men's Fashion,31.0,0.0,31.0,1,31.0,Summer,2024,6,False,kaggle_shopping
342120,Blouse,H&M,Men's Fashion,44.0,0.0,44.0,1,44.0,Fall,2024,9,False,kaggle_shopping
342221,Coat,Canada Goose,Women's Fashion,100.0,0.0,100.0,1,100.0,Winter,2024,1,False,kaggle_shopping
342322,Sweater,Uniqlo,Men's Fashion,92.0,0.0,92.0,1,92.0,Winter,2024,1,False,kaggle_shopping
342423,Handbag,Coach,Accessories,78.0,0.0,78.0,1,78.0,Winter,2024,1,False,kaggle_shopping
342524,T-shirt,Forever 21,Men's Fashion,32.0,0.0,32.0,1,32.0,Fall,2024,9,False,kaggle_shopping
342625,Sandals,New Balance,Footwear,97.0,0.0,97.0,1,97.0,Fall,2024,9,False,kaggle_shopping
342726,Gloves,Kate Spade,Accessories,95.0,0.0,95.0,1,95.0,Summer,2024,6,False,kaggle_shopping
342827,Shorts,H&M,Men's Fashion,64.0,0.0,64.0,1,64.0,Spring,2024,5,False,kaggle_shopping
342928,Sandals,Converse,Footwear,35.0,0.0,35.0,1,35.0,Spring,2024,5,False,kaggle_shopping
343029,Backpack,Fossil,Accessories,54.0,0.0,54.0,1,54.0,Winter,2024,1,False,kaggle_shopping
343130,Sneakers,New Balance,Footwear,96.0,0.0,96.0,1,96.0,Spring,2024,5,False,kaggle_shopping
343231,Sunglasses,Coach,Accessories,58.0,0.0,58.0,1,58.0,Summer,2024,6,False,kaggle_shopping
343332,T-shirt,H&M,Men's Fashion,23.0,0.0,23.0,1,23.0,Summer,2024,6,False,kaggle_shopping
343433,Jeans,Uniqlo,Men's Fashion,35.0,0.0,35.0,1,35.0,Spring,2024,5,False,kaggle_shopping
343534,Shirt,Zara,Men's Fashion,23.0,0.0,23.0,1,23.0,Summer,2024,6,False,kaggle_shopping
343635,Hat,Coach,Accessories,94.0,0.0,94.0,1,94.0,Winter,2024,1,False,kaggle_shopping
343736,Blouse,H&M,Men's Fashion,45.0,0.0,45.0,1,45.0,Fall,2024,9,False,kaggle_shopping
343837,Jacket,Columbia,Women's Fashion,23.0,0.0,23.0,1,23.0,Winter,2024,1,False,kaggle_shopping
343938,Skirt,Zara,Men's Fashion,94.0,0.0,94.0,1,94.0,Winter,2024,1,False,kaggle_shopping
344039,Gloves,Kate Spade,Accessories,99.0,0.0,99.0,1,99.0,Fall,2024,9,False,kaggle_shopping
344140,T-shirt,Uniqlo,Men's Fashion,36.0,0.0,36.0,1,36.0,Fall,2024,9,False,kaggle_shopping
344241,Jacket,Canada Goose,Women's Fashion,50.0,0.0,50.0,1,50.0,Summer,2024,6,False,kaggle_shopping
344342,Jacket,Columbia,Women's Fashion,81.0,0.0,81.0,1,81.0,Spring,2024,5,False,kaggle_shopping
344443,Shorts,Gap,Men's Fashion,31.0,0.0,31.0,1,31.0,Winter,2024,1,False,kaggle_shopping
344544,Hat,Fossil,Accessories,48.0,0.0,48.0,1,48.0,Fall,2024,9,False,kaggle_shopping
344645,Handbag,Fossil,Accessories,91.0,0.0,91.0,1,91.0,Summer,2024,6,False,kaggle_shopping
344746,Jeans,Forever 21,Men's Fashion,99.0,0.0,99.0,1,99.0,Summer,2024,6,False,kaggle_shopping
344847,Shoes,Converse,Footwear,70.0,0.0,70.0,1,70.0,Summer,2024,6,False,kaggle_shopping
344948,T-shirt,H&M,Men's Fashion,74.0,0.0,74.0,1,74.0,Winter,2024,1,False,kaggle_shopping
345049,Jewelry,Coach,Accessories,79.0,0.0,79.0,1,79.0,Fall,2024,9,False,kaggle_shopping
345150,Handbag,Michael Kors,Accessories,33.0,0.0,33.0,1,33.0,Fall,2024,9,False,kaggle_shopping
345251,Shirt,Zara,Men's Fashion,49.0,0.0,49.0,1,49.0,Spring,2024,5,False,kaggle_shopping
345352,Belt,Coach,Accessories,96.0,0.0,96.0,1,96.0,Summer,2024,6,False,kaggle_shopping
345453,Dress,Uniqlo,Men's Fashion,66.0,0.0,66.0,1,66.0,Fall,2024,9,False,kaggle_shopping
345554,Skirt,Uniqlo,Men's Fashion,45.0,0.0,45.0,1,45.0,Fall,2024,9,False,kaggle_shopping
345655,Blouse,H&M,Men's Fashion,28.0,0.0,28.0,1,28.0,Spring,2024,5,False,kaggle_shopping
345756,Jeans,Forever 21,Men's Fashion,48.0,0.0,48.0,1,48.0,Summer,2024,6,False,kaggle_shopping
345857,Hoodie,Gap,Men's Fashion,67.0,0.0,67.0,1,67.0,Winter,2024,1,False,kaggle_shopping
345958,T-shirt,Gap,Men's Fashion,59.0,0.0,59.0,1,59.0,Fall,2024,9,False,kaggle_shopping
346059,Sunglasses,Kate Spade,Accessories,74.0,0.0,74.0,1,74.0,Fall,2024,9,False,kaggle_shopping
346160,Jacket,North Face,Women's Fashion,81.0,0.0,81.0,1,81.0,Spring,2024,5,False,kaggle_shopping
346261,Shoes,Puma,Footwear,26.0,0.0,26.0,1,26.0,Spring,2024,5,False,kaggle_shopping
346362,Handbag,Michael Kors,Accessories,61.0,0.0,61.0,1,61.0,Summer,2024,6,False,kaggle_shopping
346463,Sweater,Forever 21,Men's Fashion,23.0,0.0,23.0,1,23.0,Winter,2024,1,False,kaggle_shopping
346564,Scarf,Michael Kors,Accessories,33.0,0.0,33.0,1,33.0,Fall,2024,9,False,kaggle_shopping
346665,Skirt,Zara,Men's Fashion,58.0,0.0,58.0,1,58.0,Fall,2024,9,False,kaggle_shopping
346766,Gloves,Fossil,Accessories,65.0,0.0,65.0,1,65.0,Spring,2024,5,False,kaggle_shopping
346867,T-shirt,Zara,Men's Fashion,48.0,0.0,48.0,1,48.0,Summer,2024,6,False,kaggle_shopping
346968,Sandals,Converse,Footwear,25.0,0.0,25.0,1,25.0,Spring,2024,5,False,kaggle_shopping
347069,Sweater,Zara,Men's Fashion,51.0,0.0,51.0,1,51.0,Winter,2024,1,False,kaggle_shopping
347170,Belt,Coach,Accessories,31.0,0.0,31.0,1,31.0,Summer,2024,6,False,kaggle_shopping
347271,Hoodie,Zara,Men's Fashion,99.0,0.0,99.0,1,99.0,Winter,2024,1,False,kaggle_shopping
347372,Socks,Forever 21,Men's Fashion,25.0,0.0,25.0,1,25.0,Winter,2024,1,False,kaggle_shopping
347473,Sandals,Nike,Footwear,52.0,0.0,52.0,1,52.0,Spring,2024,5,False,kaggle_shopping
347574,Blouse,H&M,Men's Fashion,47.0,0.0,47.0,1,47.0,Spring,2024,5,False,kaggle_shopping
347675,Boots,New Balance,Footwear,98.0,0.0,98.0,1,98.0,Fall,2024,9,False,kaggle_shopping
347776,Hat,Coach,Accessories,46.0,0.0,46.0,1,46.0,Winter,2024,1,False,kaggle_shopping
347877,Shirt,Uniqlo,Men's Fashion,32.0,0.0,32.0,1,32.0,Winter,2024,1,False,kaggle_shopping
347978,Shorts,Forever 21,Men's Fashion,75.0,0.0,75.0,1,75.0,Fall,2024,9,False,kaggle_shopping
348079,Handbag,Kate Spade,Accessories,51.0,0.0,51.0,1,51.0,Summer,2024,6,False,kaggle_shopping
348180,Dress,Forever 21,Men's Fashion,52.0,0.0,52.0,1,52.0,Summer,2024,6,False,kaggle_shopping
348281,Hat,Kate Spade,Accessories,66.0,0.0,66.0,1,66.0,Winter,2024,1,False,kaggle_shopping
348382,Sweater,Uniqlo,Men's Fashion,35.0,0.0,35.0,1,35.0,Spring,2024,5,False,kaggle_shopping
348483,Coat,North Face,Women's Fashion,43.0,0.0,43.0,1,43.0,Fall,2024,9,False,kaggle_shopping
348584,Hoodie,Uniqlo,Men's Fashion,24.0,0.0,24.0,1,24.0,Summer,2024,6,False,kaggle_shopping
348685,Jewelry,Coach,Accessories,83.0,0.0,83.0,1,83.0,Winter,2024,1,False,kaggle_shopping
348786,T-shirt,Zara,Men's Fashion,62.0,0.0,62.0,1,62.0,Fall,2024,9,False,kaggle_shopping
348887,Pants,Zara,Men's Fashion,78.0,0.0,78.0,1,78.0,Spring,2024,5,False,kaggle_shopping
348988,Sweater,H&M,Men's Fashion,61.0,0.0,61.0,1,61.0,Spring,2024,5,False,kaggle_shopping
349089,Pants,Zara,Men's Fashion,57.0,0.0,57.0,1,57.0,Fall,2024,9,False,kaggle_shopping
349190,Socks,Uniqlo,Men's Fashion,70.0,0.0,70.0,1,70.0,Summer,2024,6,False,kaggle_shopping
349291,Hoodie,Uniqlo,Men's Fashion,57.0,0.0,57.0,1,57.0,Fall,2024,9,False,kaggle_shopping
349392,Scarf,Fossil,Accessories,74.0,0.0,74.0,1,74.0,Winter,2024,1,False,kaggle_shopping
349493,Dress,Gap,Men's Fashion,90.0,0.0,90.0,1,90.0,Fall,2024,9,False,kaggle_shopping
349594,Sandals,Adidas,Footwear,98.0,0.0,98.0,1,98.0,Spring,2024,5,False,kaggle_shopping
349695,Dress,Uniqlo,Men's Fashion,43.0,0.0,43.0,1,43.0,Winter,2024,1,False,kaggle_shopping
349796,Pants,Uniqlo,Men's Fashion,37.0,0.0,37.0,1,37.0,Winter,2024,1,False,kaggle_shopping
349897,Blouse,Uniqlo,Men's Fashion,38.0,0.0,38.0,1,38.0,Summer,2024,6,False,kaggle_shopping
349998,Jeans,Forever 21,Men's Fashion,60.0,0.0,60.0,1,60.0,Winter,2024,1,False,kaggle_shopping
350099,Pants,Zara,Men's Fashion,55.0,0.0,55.0,1,55.0,Winter,2024,1,False,kaggle_shopping
350100,Sunglasses,Michael Kors,Accessories,51.0,0.0,51.0,1,51.0,Fall,2024,9,False,kaggle_shopping
350201,Backpack,Kate Spade,Accessories,71.0,0.0,71.0,1,71.0,Winter,2024,1,False,kaggle_shopping
350302,Hoodie,Gap,Men's Fashion,61.0,0.0,61.0,1,61.0,Spring,2024,5,False,kaggle_shopping
350403,Boots,New Balance,Footwear,65.0,0.0,65.0,1,65.0,Summer,2024,6,False,kaggle_shopping
350504,Gloves,Fossil,Accessories,34.0,0.0,34.0,1,34.0,Fall,2024,9,False,kaggle_shopping
350605,Blouse,Forever 21,Men's Fashion,87.0,0.0,87.0,1,87.0,Summer,2024,6,False,kaggle_shopping
350706,Sweater,Uniqlo,Men's Fashion,79.0,0.0,79.0,1,79.0,Spring,2024,5,False,kaggle_shopping
350807,Dress,H&M,Men's Fashion,46.0,0.0,46.0,1,46.0,Spring,2024,5,False,kaggle_shopping
350908,Socks,Gap,Men's Fashion,72.0,0.0,72.0,1,72.0,Summer,2024,6,False,kaggle_shopping
351009,Shirt,Gap,Men's Fashion,93.0,0.0,93.0,1,93.0,Summer,2024,6,False,kaggle_shopping
351110,Sandals,Converse,Footwear,76.0,0.0,76.0,1,76.0,Summer,2024,6,False,kaggle_shopping
351211,Shoes,Nike,Footwear,56.0,0.0,56.0,1,56.0,Winter,2024,1,False,kaggle_shopping
351312,Sandals,Puma,Footwear,83.0,0.0,83.0,1,83.0,Fall,2024,9,False,kaggle_shopping
351413,Gloves,Coach,Accessories,90.0,0.0,90.0,1,90.0,Winter,2024,1,False,kaggle_shopping
351514,Boots,Puma,Footwear,94.0,0.0,94.0,1,94.0,Spring,2024,5,False,kaggle_shopping
351615,Blouse,Gap,Men's Fashion,68.0,0.0,68.0,1,68.0,Fall,2024,9,False,kaggle_shopping
351716,Sandals,New Balance,Footwear,53.0,0.0,53.0,1,53.0,Spring,2024,5,False,kaggle_shopping
351817,Coat,Canada Goose,Women's Fashion,35.0,0.0,35.0,1,35.0,Summer,2024,6,False,kaggle_shopping
351918,Jacket,Canada Goose,Women's Fashion,30.0,0.0,30.0,1,30.0,Summer,2024,6,False,kaggle_shopping
352019,Jewelry,Coach,Accessories,26.0,0.0,26.0,1,26.0,Winter,2024,1,False,kaggle_shopping
352120,Hat,Michael Kors,Accessories,60.0,0.0,60.0,1,60.0,Winter,2024,1,False,kaggle_shopping
352221,Shoes,Puma,Footwear,30.0,0.0,30.0,1,30.0,Summer,2024,6,False,kaggle_shopping
352322,Coat,Canada Goose,Women's Fashion,91.0,0.0,91.0,1,91.0,Winter,2024,1,False,kaggle_shopping
352423,Boots,Adidas,Footwear,71.0,0.0,71.0,1,71.0,Spring,2024,5,False,kaggle_shopping
352524,Scarf,Kate Spade,Accessories,64.0,0.0,64.0,1,64.0,Summer,2024,6,False,kaggle_shopping
352625,Hat,Coach,Accessories,54.0,0.0,54.0,1,54.0,Summer,2024,6,False,kaggle_shopping
352726,Socks,Zara,Men's Fashion,35.0,0.0,35.0,1,35.0,Fall,2024,9,False,kaggle_shopping
352827,T-shirt,Zara,Men's Fashion,38.0,0.0,38.0,1,38.0,Winter,2024,1,False,kaggle_shopping
352928,Jewelry,Coach,Accessories,69.0,0.0,69.0,1,69.0,Fall,2024,9,False,kaggle_shopping
353029,Skirt,Uniqlo,Men's Fashion,96.0,0.0,96.0,1,96.0,Winter,2024,1,False,kaggle_shopping
353130,Socks,H&M,Men's Fashion,73.0,0.0,73.0,1,73.0,Winter,2024,1,False,kaggle_shopping
353231,Belt,Michael Kors,Accessories,49.0,0.0,49.0,1,49.0,Summer,2024,6,False,kaggle_shopping
353332,Boots,Puma,Footwear,44.0,0.0,44.0,1,44.0,Summer,2024,6,False,kaggle_shopping
353433,Socks,Forever 21,Men's Fashion,93.0,0.0,93.0,1,93.0,Spring,2024,5,False,kaggle_shopping
353534,Pants,Uniqlo,Men's Fashion,72.0,0.0,72.0,1,72.0,Summer,2024,6,False,kaggle_shopping
353635,Socks,Gap,Men's Fashion,91.0,0.0,91.0,1,91.0,Summer,2024,6,False,kaggle_shopping
353736,Belt,Fossil,Accessories,83.0,0.0,83.0,1,83.0,Winter,2024,1,False,kaggle_shopping
353837,Jacket,North Face,Women's Fashion,62.0,0.0,62.0,1,62.0,Winter,2024,1,False,kaggle_shopping
353938,Shirt,H&M,Men's Fashion,71.0,0.0,71.0,1,71.0,Fall,2024,9,False,kaggle_shopping
354039,Gloves,Michael Kors,Accessories,93.0,0.0,93.0,1,93.0,Summer,2024,6,False,kaggle_shopping
354140,Handbag,Kate Spade,Accessories,63.0,0.0,63.0,1,63.0,Fall,2024,9,False,kaggle_shopping
354241,Sweater,Gap,Men's Fashion,96.0,0.0,96.0,1,96.0,Fall,2024,9,False,kaggle_shopping
354342,Skirt,Gap,Men's Fashion,78.0,0.0,78.0,1,78.0,Spring,2024,5,False,kaggle_shopping
354443,Dress,H&M,Men's Fashion,24.0,0.0,24.0,1,24.0,Summer,2024,6,False,kaggle_shopping
354544,Pants,Zara,Men's Fashion,63.0,0.0,63.0,1,63.0,Summer,2024,6,False,kaggle_shopping
354645,Hat,Michael Kors,Accessories,58.0,0.0,58.0,1,58.0,Fall,2024,9,False,kaggle_shopping
354746,Boots,New Balance,Footwear,55.0,0.0,55.0,1,55.0,Spring,2024,5,False,kaggle_shopping
354847,Sandals,Nike,Footwear,58.0,0.0,58.0,1,58.0,Fall,2024,9,False,kaggle_shopping
354948,Coat,North Face,Women's Fashion,28.0,0.0,28.0,1,28.0,Winter,2024,1,False,kaggle_shopping
355049,Blouse,Gap,Men's Fashion,37.0,0.0,37.0,1,37.0,Spring,2024,5,False,kaggle_shopping
355150,Shorts,Gap,Men's Fashion,78.0,0.0,78.0,1,78.0,Spring,2024,5,False,kaggle_shopping
355251,Blouse,Gap,Men's Fashion,73.0,0.0,73.0,1,73.0,Fall,2024,9,False,kaggle_shopping
355352,Jacket,North Face,Women's Fashion,20.0,0.0,20.0,1,20.0,Spring,2024,5,False,kaggle_shopping
355453,Shirt,H&M,Men's Fashion,60.0,0.0,60.0,1,60.0,Winter,2024,1,False,kaggle_shopping
355554,Handbag,Michael Kors,Accessories,71.0,0.0,71.0,1,71.0,Fall,2024,9,False,kaggle_shopping
355655,T-shirt,Zara,Men's Fashion,89.0,0.0,89.0,1,89.0,Fall,2024,9,False,kaggle_shopping
355756,Hoodie,Forever 21,Men's Fashion,53.0,0.0,53.0,1,53.0,Fall,2024,9,False,kaggle_shopping
355857,Jewelry,Kate Spade,Accessories,87.0,0.0,87.0,1,87.0,Summer,2024,6,False,kaggle_shopping
355958,Jewelry,Coach,Accessories,37.0,0.0,37.0,1,37.0,Spring,2024,5,False,kaggle_shopping
356059,Hoodie,H&M,Men's Fashion,37.0,0.0,37.0,1,37.0,Fall,2024,9,False,kaggle_shopping
356160,Scarf,Coach,Accessories,78.0,0.0,78.0,1,78.0,Spring,2024,5,False,kaggle_shopping
356261,Shoes,Nike,Footwear,23.0,0.0,23.0,1,23.0,Spring,2024,5,False,kaggle_shopping
356362,Jeans,Gap,Men's Fashion,73.0,0.0,73.0,1,73.0,Spring,2024,5,False,kaggle_shopping
356463,Jewelry,Michael Kors,Accessories,27.0,0.0,27.0,1,27.0,Fall,2024,9,False,kaggle_shopping
356564,Coat,Columbia,Women's Fashion,59.0,0.0,59.0,1,59.0,Winter,2024,1,False,kaggle_shopping
356665,Backpack,Michael Kors,Accessories,53.0,0.0,53.0,1,53.0,Spring,2024,5,False,kaggle_shopping
356766,Socks,Gap,Men's Fashion,42.0,0.0,42.0,1,42.0,Summer,2024,6,False,kaggle_shopping
356867,Scarf,Kate Spade,Accessories,45.0,0.0,45.0,1,45.0,Fall,2024,9,False,kaggle_shopping
356968,Sunglasses,Coach,Accessories,89.0,0.0,89.0,1,89.0,Winter,2024,1,False,kaggle_shopping
357069,Socks,Uniqlo,Men's Fashion,85.0,0.0,85.0,1,85.0,Fall,2024,9,False,kaggle_shopping
357170,Coat,Columbia,Women's Fashion,69.0,0.0,69.0,1,69.0,Summer,2024,6,False,kaggle_shopping
357271,Sandals,Adidas,Footwear,66.0,0.0,66.0,1,66.0,Spring,2024,5,False,kaggle_shopping
357372,Blouse,H&M,Men's Fashion,42.0,0.0,42.0,1,42.0,Summer,2024,6,False,kaggle_shopping
357473,Dress,Gap,Men's Fashion,40.0,0.0,40.0,1,40.0,Spring,2024,5,False,kaggle_shopping
357574,Pants,Uniqlo,Men's Fashion,82.0,0.0,82.0,1,82.0,Winter,2024,1,False,kaggle_shopping
357675,Sneakers,Adidas,Footwear,88.0,0.0,88.0,1,88.0,Spring,2024,5,False,kaggle_shopping
357776,Boots,Converse,Footwear,99.0,0.0,99.0,1,99.0,Summer,2024,6,False,kaggle_shopping
357877,Handbag,Michael Kors,Accessories,85.0,0.0,85.0,1,85.0,Spring,2024,5,False,kaggle_shopping
357978,Handbag,Coach,Accessories,57.0,0.0,57.0,1,57.0,Fall,2024,9,False,kaggle_shopping
358079,Sweater,Uniqlo,Men's Fashion,56.0,0.0,56.0,1,56.0,Summer,2024,6,False,kaggle_shopping
358180,Sandals,New Balance,Footwear,79.0,0.0,79.0,1,79.0,Winter,2024,1,False,kaggle_shopping
358281,Socks,H&M,Men's Fashion,67.0,0.0,67.0,1,67.0,Summer,2024,6,False,kaggle_shopping
358382,Gloves,Coach,Accessories,61.0,0.0,61.0,1,61.0,Winter,2024,1,False,kaggle_shopping
358483,Hoodie,H&M,Men's Fashion,37.0,0.0,37.0,1,37.0,Winter,2024,1,False,kaggle_shopping
358584,Dress,Uniqlo,Men's Fashion,75.0,0.0,75.0,1,75.0,Fall,2024,9,False,kaggle_shopping
358685,Shirt,H&M,Men's Fashion,21.0,0.0,21.0,1,21.0,Winter,2024,1,False,kaggle_shopping
358786,Shorts,Gap,Men's Fashion,89.0,0.0,89.0,1,89.0,Winter,2024,1,False,kaggle_shopping
358887,Sandals,New Balance,Footwear,24.0,0.0,24.0,1,24.0,Fall,2024,9,False,kaggle_shopping
358988,Sweater,Gap,Men's Fashion,27.0,0.0,27.0,1,27.0,Spring,2024,5,False,kaggle_shopping
359089,Dress,Uniqlo,Men's Fashion,26.0,0.0,26.0,1,26.0,Summer,2024,6,False,kaggle_shopping
359190,Boots,Adidas,Footwear,82.0,0.0,82.0,1,82.0,Spring,2024,5,False,kaggle_shopping
359291,Pants,Zara,Men's Fashion,28.0,0.0,28.0,1,28.0,Winter,2024,1,False,kaggle_shopping
359392,Gloves,Fossil,Accessories,65.0,0.0,65.0,1,65.0,Fall,2024,9,False,kaggle_shopping
359493,Pants,Zara,Men's Fashion,82.0,0.0,82.0,1,82.0,Winter,2024,1,False,kaggle_shopping
359594,Scarf,Fossil,Accessories,38.0,0.0,38.0,1,38.0,Winter,2024,1,False,kaggle_shopping
359695,Shorts,H&M,Men's Fashion,33.0,0.0,33.0,1,33.0,Spring,2024,5,False,kaggle_shopping
359796,Shoes,Converse,Footwear,38.0,0.0,38.0,1,38.0,Summer,2024,6,False,kaggle_shopping
359897,Handbag,Michael Kors,Accessories,48.0,0.0,48.0,1,48.0,Spring,2024,5,False,kaggle_shopping
359998,Sandals,Adidas,Footwear,35.0,0.0,35.0,1,35.0,Summer,2024,6,False,kaggle_shopping
360099,Socks,H&M,Men's Fashion,29.0,0.0,29.0,1,29.0,Fall,2024,9,False,kaggle_shopping
360100,Shirt,Gap,Men's Fashion,48.0,0.0,48.0,1,48.0,Fall,2024,9,False,kaggle_shopping
360201,Shoes,Puma,Footwear,87.0,0.0,87.0,1,87.0,Fall,2024,9,False,kaggle_shopping
360302,Backpack,Fossil,Accessories,62.0,0.0,62.0,1,62.0,Fall,2024,9,False,kaggle_shopping
360403,Shirt,Zara,Men's Fashion,96.0,0.0,96.0,1,96.0,Spring,2024,5,False,kaggle_shopping
360504,Handbag,Coach,Accessories,41.0,0.0,41.0,1,41.0,Fall,2024,9,False,kaggle_shopping
360605,Jewelry,Kate Spade,Accessories,42.0,0.0,42.0,1,42.0,Winter,2024,1,False,kaggle_shopping
360706,Shirt,Uniqlo,Men's Fashion,57.0,0.0,57.0,1,57.0,Winter,2024,1,False,kaggle_shopping
360807,Handbag,Kate Spade,Accessories,65.0,0.0,65.0,1,65.0,Spring,2024,5,False,kaggle_shopping
360908,Pants,Zara,Men's Fashion,54.0,0.0,54.0,1,54.0,Fall,2024,9,False,kaggle_shopping
361009,T-shirt,Forever 21,Men's Fashion,22.0,0.0,22.0,1,22.0,Winter,2024,1,False,kaggle_shopping
361110,Sneakers,Converse,Footwear,96.0,0.0,96.0,1,96.0,Fall,2024,9,False,kaggle_shopping
361211,Jewelry,Michael Kors,Accessories,81.0,0.0,81.0,1,81.0,Summer,2024,6,False,kaggle_shopping
361312,Shirt,Gap,Men's Fashion,46.0,0.0,46.0,1,46.0,Fall,2024,9,False,kaggle_shopping
361413,Blouse,Forever 21,Men's Fashion,74.0,0.0,74.0,1,74.0,Spring,2024,5,False,kaggle_shopping
361514,Sneakers,Puma,Footwear,50.0,0.0,50.0,1,50.0,Winter,2024,1,False,kaggle_shopping
361615,Dress,H&M,Men's Fashion,80.0,0.0,80.0,1,80.0,Winter,2024,1,False,kaggle_shopping
361716,Boots,Converse,Footwear,56.0,0.0,56.0,1,56.0,Summer,2024,6,False,kaggle_shopping
361817,Skirt,Gap,Men's Fashion,69.0,0.0,69.0,1,69.0,Winter,2024,1,False,kaggle_shopping
361918,Shirt,Gap,Men's Fashion,97.0,0.0,97.0,1,97.0,Spring,2024,5,False,kaggle_shopping
362019,Shorts,Uniqlo,Men's Fashion,66.0,0.0,66.0,1,66.0,Winter,2024,1,False,kaggle_shopping
362120,Hat,Michael Kors,Accessories,70.0,0.0,70.0,1,70.0,Spring,2024,5,False,kaggle_shopping
362221,Shoes,Nike,Footwear,50.0,0.0,50.0,1,50.0,Winter,2024,1,False,kaggle_shopping
362322,Pants,H&M,Men's Fashion,85.0,0.0,85.0,1,85.0,Spring,2024,5,False,kaggle_shopping
362423,Backpack,Michael Kors,Accessories,59.0,0.0,59.0,1,59.0,Summer,2024,6,False,kaggle_shopping
362524,Pants,H&M,Men's Fashion,74.0,0.0,74.0,1,74.0,Summer,2024,6,False,kaggle_shopping
362625,Sunglasses,Michael Kors,Accessories,38.0,0.0,38.0,1,38.0,Winter,2024,1,False,kaggle_shopping
362726,Sweater,Uniqlo,Men's Fashion,99.0,0.0,99.0,1,99.0,Spring,2024,5,False,kaggle_shopping
362827,Blouse,Zara,Men's Fashion,97.0,0.0,97.0,1,97.0,Spring,2024,5,False,kaggle_shopping
362928,Scarf,Kate Spade,Accessories,67.0,0.0,67.0,1,67.0,Summer,2024,6,False,kaggle_shopping
363029,T-shirt,Zara,Men's Fashion,20.0,0.0,20.0,1,20.0,Winter,2024,1,False,kaggle_shopping
363130,Sunglasses,Kate Spade,Accessories,45.0,0.0,45.0,1,45.0,Spring,2024,5,False,kaggle_shopping
363231,Shoes,Adidas,Footwear,52.0,0.0,52.0,1,52.0,Winter,2024,1,False,kaggle_shopping
363332,Pants,H&M,Men's Fashion,68.0,0.0,68.0,1,68.0,Fall,2024,9,False,kaggle_shopping
363433,Sneakers,Adidas,Footwear,98.0,0.0,98.0,1,98.0,Fall,2024,9,False,kaggle_shopping
363534,Shoes,Puma,Footwear,83.0,0.0,83.0,1,83.0,Fall,2024,9,False,kaggle_shopping
363635,Shorts,Forever 21,Men's Fashion,51.0,0.0,51.0,1,51.0,Summer,2024,6,False,kaggle_shopping
363736,Handbag,Coach,Accessories,21.0,0.0,21.0,1,21.0,Spring,2024,5,False,kaggle_shopping
363837,Handbag,Fossil,Accessories,92.0,0.0,92.0,1,92.0,Spring,2024,5,False,kaggle_shopping
363938,Shoes,Converse,Footwear,63.0,0.0,63.0,1,63.0,Spring,2024,5,False,kaggle_shopping
364039,Jewelry,Michael Kors,Accessories,56.0,0.0,56.0,1,56.0,Spring,2024,5,False,kaggle_shopping
364140,Shorts,Zara,Men's Fashion,95.0,0.0,95.0,1,95.0,Spring,2024,5,False,kaggle_shopping
364241,Blouse,Uniqlo,Men's Fashion,66.0,0.0,66.0,1,66.0,Winter,2024,1,False,kaggle_shopping
364342,Coat,Patagonia,Women's Fashion,28.0,0.0,28.0,1,28.0,Spring,2024,5,False,kaggle_shopping
364443,Hat,Michael Kors,Accessories,83.0,0.0,83.0,1,83.0,Winter,2024,1,False,kaggle_shopping
364544,Socks,Uniqlo,Men's Fashion,55.0,0.0,55.0,1,55.0,Fall,2024,9,False,kaggle_shopping
364645,Sandals,New Balance,Footwear,28.0,0.0,28.0,1,28.0,Spring,2024,5,False,kaggle_shopping
364746,Scarf,Fossil,Accessories,79.0,0.0,79.0,1,79.0,Summer,2024,6,False,kaggle_shopping
364847,Scarf,Kate Spade,Accessories,31.0,0.0,31.0,1,31.0,Summer,2024,6,False,kaggle_shopping
364948,Blouse,Gap,Men's Fashion,37.0,0.0,37.0,1,37.0,Fall,2024,9,False,kaggle_shopping
365049,T-shirt,Uniqlo,Men's Fashion,34.0,0.0,34.0,1,34.0,Summer,2024,6,False,kaggle_shopping
365150,Shoes,Adidas,Footwear,74.0,0.0,74.0,1,74.0,Winter,2024,1,False,kaggle_shopping
365251,Gloves,Coach,Accessories,31.0,0.0,31.0,1,31.0,Spring,2024,5,False,kaggle_shopping
365352,Sunglasses,Michael Kors,Accessories,66.0,0.0,66.0,1,66.0,Winter,2024,1,False,kaggle_shopping
365453,Shoes,Adidas,Footwear,99.0,0.0,99.0,1,99.0,Spring,2024,5,False,kaggle_shopping
365554,Dress,Forever 21,Men's Fashion,55.0,0.0,55.0,1,55.0,Spring,2024,5,False,kaggle_shopping
365655,Blouse,Uniqlo,Men's Fashion,23.0,0.0,23.0,1,23.0,Spring,2024,5,False,kaggle_shopping
365756,Sweater,H&M,Men's Fashion,88.0,0.0,88.0,1,88.0,Fall,2024,9,False,kaggle_shopping
365857,Jacket,North Face,Women's Fashion,26.0,0.0,26.0,1,26.0,Summer,2024,6,False,kaggle_shopping
365958,Backpack,Michael Kors,Accessories,94.0,0.0,94.0,1,94.0,Summer,2024,6,False,kaggle_shopping
366059,Shorts,Gap,Men's Fashion,25.0,0.0,25.0,1,25.0,Fall,2024,9,False,kaggle_shopping
366160,Socks,Forever 21,Men's Fashion,96.0,0.0,96.0,1,96.0,Fall,2024,9,False,kaggle_shopping
366261,Sneakers,Nike,Footwear,29.0,0.0,29.0,1,29.0,Spring,2024,5,False,kaggle_shopping
366362,Sneakers,Adidas,Footwear,36.0,0.0,36.0,1,36.0,Winter,2024,1,False,kaggle_shopping
366463,Blouse,Forever 21,Men's Fashion,90.0,0.0,90.0,1,90.0,Summer,2024,6,False,kaggle_shopping
366564,Gloves,Coach,Accessories,38.0,0.0,38.0,1,38.0,Summer,2024,6,False,kaggle_shopping
366665,Handbag,Coach,Accessories,52.0,0.0,52.0,1,52.0,Spring,2024,5,False,kaggle_shopping
366766,Jeans,Gap,Men's Fashion,88.0,0.0,88.0,1,88.0,Spring,2024,5,False,kaggle_shopping
366867,Scarf,Michael Kors,Accessories,56.0,0.0,56.0,1,56.0,Summer,2024,6,False,kaggle_shopping
366968,Sandals,New Balance,Footwear,71.0,0.0,71.0,1,71.0,Spring,2024,5,False,kaggle_shopping
367069,Sandals,Converse,Footwear,94.0,0.0,94.0,1,94.0,Fall,2024,9,False,kaggle_shopping
367170,Dress,Uniqlo,Men's Fashion,97.0,0.0,97.0,1,97.0,Winter,2024,1,False,kaggle_shopping
367271,Skirt,Uniqlo,Men's Fashion,27.0,0.0,27.0,1,27.0,Summer,2024,6,False,kaggle_shopping
367372,Shorts,Zara,Men's Fashion,28.0,0.0,28.0,1,28.0,Spring,2024,5,False,kaggle_shopping
367473,Jeans,Forever 21,Men's Fashion,67.0,0.0,67.0,1,67.0,Fall,2024,9,False,kaggle_shopping
367574,Socks,Gap,Men's Fashion,70.0,0.0,70.0,1,70.0,Fall,2024,9,False,kaggle_shopping
367675,Coat,Patagonia,Women's Fashion,95.0,0.0,95.0,1,95.0,Fall,2024,9,False,kaggle_shopping
367776,Boots,Converse,Footwear,24.0,0.0,24.0,1,24.0,Spring,2024,5,False,kaggle_shopping
367877,Belt,Michael Kors,Accessories,35.0,0.0,35.0,1,35.0,Winter,2024,1,False,kaggle_shopping
367978,Shoes,Adidas,Footwear,22.0,0.0,22.0,1,22.0,Winter,2024,1,False,kaggle_shopping
368079,Scarf,Fossil,Accessories,66.0,0.0,66.0,1,66.0,Fall,2024,9,False,kaggle_shopping
368180,Blouse,Uniqlo,Men's Fashion,83.0,0.0,83.0,1,83.0,Summer,2024,6,False,kaggle_shopping
368281,Dress,Gap,Men's Fashion,95.0,0.0,95.0,1,95.0,Fall,2024,9,False,kaggle_shopping
368382,Shorts,Uniqlo,Men's Fashion,41.0,0.0,41.0,1,41.0,Summer,2024,6,False,kaggle_shopping
368483,Blouse,Zara,Men's Fashion,77.0,0.0,77.0,1,77.0,Summer,2024,6,False,kaggle_shopping
368584,Sneakers,Converse,Footwear,52.0,0.0,52.0,1,52.0,Fall,2024,9,False,kaggle_shopping
368685,Gloves,Michael Kors,Accessories,41.0,0.0,41.0,1,41.0,Winter,2024,1,False,kaggle_shopping
368786,Hoodie,Forever 21,Men's Fashion,28.0,0.0,28.0,1,28.0,Winter,2024,1,False,kaggle_shopping
368887,Sweater,Gap,Men's Fashion,90.0,0.0,90.0,1,90.0,Summer,2024,6,False,kaggle_shopping
368988,Sunglasses,Michael Kors,Accessories,55.0,0.0,55.0,1,55.0,Spring,2024,5,False,kaggle_shopping
369089,Belt,Michael Kors,Accessories,73.0,0.0,73.0,1,73.0,Spring,2024,5,False,kaggle_shopping
369190,Dress,Forever 21,Men's Fashion,87.0,0.0,87.0,1,87.0,Fall,2024,9,False,kaggle_shopping
369291,Jacket,Columbia,Women's Fashion,89.0,0.0,89.0,1,89.0,Winter,2024,1,False,kaggle_shopping
369392,Boots,Puma,Footwear,82.0,0.0,82.0,1,82.0,Spring,2024,5,False,kaggle_shopping
369493,Sandals,Converse,Footwear,80.0,0.0,80.0,1,80.0,Spring,2024,5,False,kaggle_shopping
369594,Scarf,Michael Kors,Accessories,87.0,0.0,87.0,1,87.0,Summer,2024,6,False,kaggle_shopping
369695,Blouse,Forever 21,Men's Fashion,41.0,0.0,41.0,1,41.0,Spring,2024,5,False,kaggle_shopping
369796,Hoodie,Forever 21,Men's Fashion,83.0,0.0,83.0,1,83.0,Spring,2024,5,False,kaggle_shopping
369897,Sunglasses,Michael Kors,Accessories,71.0,0.0,71.0,1,71.0,Summer,2024,6,False,kaggle_shopping
369998,Hoodie,Gap,Men's Fashion,76.0,0.0,76.0,1,76.0,Spring,2024,5,False,kaggle_shopping
370099,Scarf,Fossil,Accessories,34.0,0.0,34.0,1,34.0,Spring,2024,5,False,kaggle_shopping
370100,Dress,Zara,Men's Fashion,81.0,0.0,81.0,1,81.0,Spring,2024,5,False,kaggle_shopping
370201,T-shirt,Forever 21,Men's Fashion,47.0,0.0,47.0,1,47.0,Summer,2024,6,False,kaggle_shopping
370302,Skirt,Zara,Men's Fashion,36.0,0.0,36.0,1,36.0,Summer,2024,6,False,kaggle_shopping
370403,Jeans,H&M,Men's Fashion,51.0,0.0,51.0,1,51.0,Spring,2024,5,False,kaggle_shopping
370504,Hoodie,Forever 21,Men's Fashion,86.0,0.0,86.0,1,86.0,Fall,2024,9,False,kaggle_shopping
370605,Jeans,Forever 21,Men's Fashion,41.0,0.0,41.0,1,41.0,Fall,2024,9,False,kaggle_shopping
370706,Sandals,Nike,Footwear,90.0,0.0,90.0,1,90.0,Fall,2024,9,False,kaggle_shopping
370807,Hat,Fossil,Accessories,93.0,0.0,93.0,1,93.0,Fall,2024,9,False,kaggle_shopping
370908,Gloves,Fossil,Accessories,56.0,0.0,56.0,1,56.0,Fall,2024,9,False,kaggle_shopping
371009,Socks,Forever 21,Men's Fashion,39.0,0.0,39.0,1,39.0,Summer,2024,6,False,kaggle_shopping
371110,Jacket,Canada Goose,Women's Fashion,86.0,0.0,86.0,1,86.0,Fall,2024,9,False,kaggle_shopping
371211,T-shirt,Forever 21,Men's Fashion,82.0,0.0,82.0,1,82.0,Spring,2024,5,False,kaggle_shopping
371312,Sandals,Nike,Footwear,29.0,0.0,29.0,1,29.0,Summer,2024,6,False,kaggle_shopping
371413,Hat,Fossil,Accessories,27.0,0.0,27.0,1,27.0,Fall,2024,9,False,kaggle_shopping
371514,Gloves,Michael Kors,Accessories,25.0,0.0,25.0,1,25.0,Spring,2024,5,False,kaggle_shopping
371615,Dress,Forever 21,Men's Fashion,31.0,0.0,31.0,1,31.0,Winter,2024,1,False,kaggle_shopping
371716,Hoodie,H&M,Men's Fashion,23.0,0.0,23.0,1,23.0,Winter,2024,1,False,kaggle_shopping
371817,Belt,Kate Spade,Accessories,47.0,0.0,47.0,1,47.0,Fall,2024,9,False,kaggle_shopping
371918,Gloves,Coach,Accessories,67.0,0.0,67.0,1,67.0,Fall,2024,9,False,kaggle_shopping
372019,Scarf,Fossil,Accessories,75.0,0.0,75.0,1,75.0,Winter,2024,1,False,kaggle_shopping
372120,Sandals,Converse,Footwear,82.0,0.0,82.0,1,82.0,Summer,2024,6,False,kaggle_shopping
372221,Sneakers,Converse,Footwear,32.0,0.0,32.0,1,32.0,Summer,2024,6,False,kaggle_shopping
372322,Dress,Uniqlo,Men's Fashion,41.0,0.0,41.0,1,41.0,Fall,2024,9,False,kaggle_shopping
372423,Jewelry,Michael Kors,Accessories,89.0,0.0,89.0,1,89.0,Winter,2024,1,False,kaggle_shopping
372524,Hat,Coach,Accessories,82.0,0.0,82.0,1,82.0,Fall,2024,9,False,kaggle_shopping
372625,Scarf,Kate Spade,Accessories,99.0,0.0,99.0,1,99.0,Winter,2024,1,False,kaggle_shopping
372726,Blouse,Gap,Men's Fashion,98.0,0.0,98.0,1,98.0,Fall,2024,9,False,kaggle_shopping
372827,Belt,Michael Kors,Accessories,54.0,0.0,54.0,1,54.0,Winter,2024,1,False,kaggle_shopping
372928,Blouse,Forever 21,Men's Fashion,88.0,0.0,88.0,1,88.0,Summer,2024,6,False,kaggle_shopping
373029,T-shirt,Uniqlo,Men's Fashion,43.0,0.0,43.0,1,43.0,Summer,2024,6,False,kaggle_shopping
373130,Hat,Coach,Accessories,73.0,0.0,73.0,1,73.0,Winter,2024,1,False,kaggle_shopping
373231,Hat,Coach,Accessories,50.0,0.0,50.0,1,50.0,Fall,2024,9,False,kaggle_shopping
373332,Sneakers,Converse,Footwear,73.0,0.0,73.0,1,73.0,Spring,2024,5,False,kaggle_shopping
373433,Gloves,Fossil,Accessories,51.0,0.0,51.0,1,51.0,Spring,2024,5,False,kaggle_shopping
373534,Socks,Zara,Men's Fashion,22.0,0.0,22.0,1,22.0,Winter,2024,1,False,kaggle_shopping
373635,Sandals,New Balance,Footwear,32.0,0.0,32.0,1,32.0,Fall,2024,9,False,kaggle_shopping
373736,Sandals,Adidas,Footwear,38.0,0.0,38.0,1,38.0,Summer,2024,6,False,kaggle_shopping
373837,Boots,Puma,Footwear,66.0,0.0,66.0,1,66.0,Winter,2024,1,False,kaggle_shopping
373938,Backpack,Coach,Accessories,20.0,0.0,20.0,1,20.0,Spring,2024,5,False,kaggle_shopping
374039,Coat,Columbia,Women's Fashion,44.0,0.0,44.0,1,44.0,Summer,2024,6,False,kaggle_shopping
374140,Sunglasses,Fossil,Accessories,31.0,0.0,31.0,1,31.0,Spring,2024,5,False,kaggle_shopping
374241,Jacket,North Face,Women's Fashion,45.0,0.0,45.0,1,45.0,Fall,2024,9,False,kaggle_shopping
374342,Dress,Gap,Men's Fashion,71.0,0.0,71.0,1,71.0,Summer,2024,6,False,kaggle_shopping
374443,Scarf,Coach,Accessories,96.0,0.0,96.0,1,96.0,Fall,2024,9,False,kaggle_shopping
374544,Blouse,H&M,Men's Fashion,32.0,0.0,32.0,1,32.0,Winter,2024,1,False,kaggle_shopping
374645,Backpack,Michael Kors,Accessories,90.0,0.0,90.0,1,90.0,Summer,2024,6,False,kaggle_shopping
374746,Jewelry,Kate Spade,Accessories,68.0,0.0,68.0,1,68.0,Spring,2024,5,False,kaggle_shopping
374847,Shorts,Gap,Men's Fashion,45.0,0.0,45.0,1,45.0,Winter,2024,1,False,kaggle_shopping
374948,Skirt,Zara,Men's Fashion,67.0,0.0,67.0,1,67.0,Winter,2024,1,False,kaggle_shopping
375049,Skirt,Gap,Men's Fashion,57.0,0.0,57.0,1,57.0,Fall,2024,9,False,kaggle_shopping
375150,Jeans,H&M,Men's Fashion,60.0,0.0,60.0,1,60.0,Summer,2024,6,False,kaggle_shopping
375251,Handbag,Coach,Accessories,32.0,0.0,32.0,1,32.0,Spring,2024,5,False,kaggle_shopping
375352,Handbag,Michael Kors,Accessories,29.0,0.0,29.0,1,29.0,Fall,2024,9,False,kaggle_shopping
375453,Coat,Patagonia,Women's Fashion,20.0,0.0,20.0,1,20.0,Spring,2024,5,False,kaggle_shopping
375554,Jewelry,Kate Spade,Accessories,98.0,0.0,98.0,1,98.0,Winter,2024,1,False,kaggle_shopping
375655,Sweater,H&M,Men's Fashion,27.0,0.0,27.0,1,27.0,Fall,2024,9,False,kaggle_shopping
375756,Jacket,Patagonia,Women's Fashion,67.0,0.0,67.0,1,67.0,Spring,2024,5,False,kaggle_shopping
375857,Shoes,Puma,Footwear,82.0,0.0,82.0,1,82.0,Winter,2024,1,False,kaggle_shopping
375958,T-shirt,H&M,Men's Fashion,72.0,0.0,72.0,1,72.0,Fall,2024,9,False,kaggle_shopping
376059,Sandals,Adidas,Footwear,77.0,0.0,77.0,1,77.0,Fall,2024,9,False,kaggle_shopping
376160,Shoes,Adidas,Footwear,74.0,0.0,74.0,1,74.0,Winter,2024,1,False,kaggle_shopping
376261,Sandals,Puma,Footwear,39.0,0.0,39.0,1,39.0,Winter,2024,1,False,kaggle_shopping
376362,Shorts,Uniqlo,Men's Fashion,80.0,0.0,80.0,1,80.0,Spring,2024,5,False,kaggle_shopping
376463,Backpack,Michael Kors,Accessories,59.0,0.0,59.0,1,59.0,Summer,2024,6,False,kaggle_shopping
376564,Jacket,Patagonia,Women's Fashion,68.0,0.0,68.0,1,68.0,Fall,2024,9,False,kaggle_shopping
376665,Socks,Gap,Men's Fashion,77.0,0.0,77.0,1,77.0,Fall,2024,9,False,kaggle_shopping
376766,Jewelry,Kate Spade,Accessories,50.0,0.0,50.0,1,50.0,Winter,2024,1,False,kaggle_shopping
376867,Pants,Gap,Men's Fashion,45.0,0.0,45.0,1,45.0,Fall,2024,9,False,kaggle_shopping
376968,Blouse,Forever 21,Men's Fashion,71.0,0.0,71.0,1,71.0,Summer,2024,6,False,kaggle_shopping
377069,Socks,H&M,Men's Fashion,52.0,0.0,52.0,1,52.0,Fall,2024,9,False,kaggle_shopping
377170,Shoes,Nike,Footwear,50.0,0.0,50.0,1,50.0,Winter,2024,1,False,kaggle_shopping
377271,Handbag,Fossil,Accessories,66.0,0.0,66.0,1,66.0,Summer,2024,6,False,kaggle_shopping
377372,Sandals,Adidas,Footwear,81.0,0.0,81.0,1,81.0,Fall,2024,9,False,kaggle_shopping
377473,Socks,Zara,Men's Fashion,28.0,0.0,28.0,1,28.0,Summer,2024,6,False,kaggle_shopping
377574,Handbag,Coach,Accessories,65.0,0.0,65.0,1,65.0,Winter,2024,1,False,kaggle_shopping
377675,Hat,Fossil,Accessories,80.0,0.0,80.0,1,80.0,Winter,2024,1,False,kaggle_shopping
377776,Jewelry,Michael Kors,Accessories,94.0,0.0,94.0,1,94.0,Spring,2024,5,False,kaggle_shopping
377877,Backpack,Michael Kors,Accessories,30.0,0.0,30.0,1,30.0,Fall,2024,9,False,kaggle_shopping
377978,Shirt,Forever 21,Men's Fashion,45.0,0.0,45.0,1,45.0,Fall,2024,9,False,kaggle_shopping
378079,Coat,Canada Goose,Women's Fashion,91.0,0.0,91.0,1,91.0,Summer,2024,6,False,kaggle_shopping
378180,Sunglasses,Kate Spade,Accessories,36.0,0.0,36.0,1,36.0,Winter,2024,1,False,kaggle_shopping
378281,Gloves,Fossil,Accessories,73.0,0.0,73.0,1,73.0,Fall,2024,9,False,kaggle_shopping
378382,Shirt,Gap,Men's Fashion,60.0,0.0,60.0,1,60.0,Fall,2024,9,False,kaggle_shopping
378483,Socks,Zara,Men's Fashion,77.0,0.0,77.0,1,77.0,Winter,2024,1,False,kaggle_shopping
378584,Skirt,Forever 21,Men's Fashion,86.0,0.0,86.0,1,86.0,Spring,2024,5,False,kaggle_shopping
378685,Shorts,Gap,Men's Fashion,42.0,0.0,42.0,1,42.0,Summer,2024,6,False,kaggle_shopping
378786,Sandals,Nike,Footwear,70.0,0.0,70.0,1,70.0,Spring,2024,5,False,kaggle_shopping
378887,Shirt,Zara,Men's Fashion,44.0,0.0,44.0,1,44.0,Summer,2024,6,False,kaggle_shopping
378988,Sunglasses,Kate Spade,Accessories,91.0,0.0,91.0,1,91.0,Spring,2024,5,False,kaggle_shopping
379089,Jewelry,Fossil,Accessories,30.0,0.0,30.0,1,30.0,Fall,2024,9,False,kaggle_shopping
379190,Blouse,Uniqlo,Men's Fashion,23.0,0.0,23.0,1,23.0,Fall,2024,9,False,kaggle_shopping
379291,Sandals,Nike,Footwear,21.0,0.0,21.0,1,21.0,Summer,2024,6,False,kaggle_shopping
379392,Coat,North Face,Women's Fashion,34.0,0.0,34.0,1,34.0,Spring,2024,5,False,kaggle_shopping
379493,Blouse,Gap,Men's Fashion,46.0,0.0,46.0,1,46.0,Summer,2024,6,False,kaggle_shopping
379594,Sweater,H&M,Men's Fashion,41.0,0.0,41.0,1,41.0,Winter,2024,1,False,kaggle_shopping
379695,Skirt,H&M,Men's Fashion,33.0,0.0,33.0,1,33.0,Fall,2024,9,False,kaggle_shopping
379796,Blouse,Zara,Men's Fashion,48.0,0.0,48.0,1,48.0,Fall,2024,9,False,kaggle_shopping
379897,Hoodie,Uniqlo,Men's Fashion,66.0,0.0,66.0,1,66.0,Winter,2024,1,False,kaggle_shopping
379998,Skirt,Zara,Men's Fashion,54.0,0.0,54.0,1,54.0,Spring,2024,5,False,kaggle_shopping
380099,Backpack,Fossil,Accessories,55.0,0.0,55.0,1,55.0,Fall,2024,9,False,kaggle_shopping
380100,Handbag,Michael Kors,Accessories,84.0,0.0,84.0,1,84.0,Summer,2024,6,False,kaggle_shopping
380201,Sandals,Nike,Footwear,66.0,0.0,66.0,1,66.0,Spring,2024,5,False,kaggle_shopping
380302,Shoes,Adidas,Footwear,65.0,0.0,65.0,1,65.0,Spring,2024,5,False,kaggle_shopping
380403,Sandals,Nike,Footwear,83.0,0.0,83.0,1,83.0,Fall,2024,9,False,kaggle_shopping
380504,Sunglasses,Fossil,Accessories,61.0,0.0,61.0,1,61.0,Winter,2024,1,False,kaggle_shopping
380605,Skirt,Forever 21,Men's Fashion,65.0,0.0,65.0,1,65.0,Summer,2024,6,False,kaggle_shopping
380706,Sandals,New Balance,Footwear,55.0,0.0,55.0,1,55.0,Spring,2024,5,False,kaggle_shopping
380807,Gloves,Coach,Accessories,79.0,0.0,79.0,1,79.0,Fall,2024,9,False,kaggle_shopping
380908,Hoodie,Zara,Men's Fashion,96.0,0.0,96.0,1,96.0,Fall,2024,9,False,kaggle_shopping
381009,Socks,Forever 21,Men's Fashion,43.0,0.0,43.0,1,43.0,Fall,2024,9,False,kaggle_shopping
381110,Jewelry,Michael Kors,Accessories,40.0,0.0,40.0,1,40.0,Summer,2024,6,False,kaggle_shopping
381211,Hat,Michael Kors,Accessories,62.0,0.0,62.0,1,62.0,Fall,2024,9,False,kaggle_shopping
381312,Blouse,Gap,Men's Fashion,72.0,0.0,72.0,1,72.0,Spring,2024,5,False,kaggle_shopping
381413,Shoes,Puma,Footwear,87.0,0.0,87.0,1,87.0,Spring,2024,5,False,kaggle_shopping
381514,Hat,Kate Spade,Accessories,31.0,0.0,31.0,1,31.0,Winter,2024,1,False,kaggle_shopping
381615,Sunglasses,Fossil,Accessories,34.0,0.0,34.0,1,34.0,Fall,2024,9,False,kaggle_shopping
381716,Shirt,H&M,Men's Fashion,53.0,0.0,53.0,1,53.0,Fall,2024,9,False,kaggle_shopping
381817,T-shirt,Uniqlo,Men's Fashion,85.0,0.0,85.0,1,85.0,Summer,2024,6,False,kaggle_shopping
381918,Pants,Uniqlo,Men's Fashion,50.0,0.0,50.0,1,50.0,Fall,2024,9,False,kaggle_shopping
382019,Pants,Gap,Men's Fashion,91.0,0.0,91.0,1,91.0,Summer,2024,6,False,kaggle_shopping
382120,Hat,Fossil,Accessories,56.0,0.0,56.0,1,56.0,Fall,2024,9,False,kaggle_shopping
382221,Coat,Canada Goose,Women's Fashion,60.0,0.0,60.0,1,60.0,Fall,2024,9,False,kaggle_shopping
382322,Jacket,Columbia,Women's Fashion,34.0,0.0,34.0,1,34.0,Fall,2024,9,False,kaggle_shopping
382423,Sandals,Nike,Footwear,30.0,0.0,30.0,1,30.0,Spring,2024,5,False,kaggle_shopping
382524,Gloves,Kate Spade,Accessories,71.0,0.0,71.0,1,71.0,Winter,2024,1,False,kaggle_shopping
382625,Dress,Forever 21,Men's Fashion,100.0,0.0,100.0,1,100.0,Winter,2024,1,False,kaggle_shopping
382726,Belt,Fossil,Accessories,85.0,0.0,85.0,1,85.0,Fall,2024,9,False,kaggle_shopping
382827,Socks,Forever 21,Men's Fashion,83.0,0.0,83.0,1,83.0,Summer,2024,6,False,kaggle_shopping
382928,Jacket,North Face,Women's Fashion,31.0,0.0,31.0,1,31.0,Winter,2024,1,False,kaggle_shopping
383029,Boots,Nike,Footwear,82.0,0.0,82.0,1,82.0,Spring,2024,5,False,kaggle_shopping
383130,Shirt,Uniqlo,Men's Fashion,79.0,0.0,79.0,1,79.0,Summer,2024,6,False,kaggle_shopping
383231,Hat,Michael Kors,Accessories,62.0,0.0,62.0,1,62.0,Spring,2024,5,False,kaggle_shopping
383332,Shoes,New Balance,Footwear,92.0,0.0,92.0,1,92.0,Spring,2024,5,False,kaggle_shopping
383433,Socks,Zara,Men's Fashion,58.0,0.0,58.0,1,58.0,Fall,2024,9,False,kaggle_shopping
383534,Hoodie,Uniqlo,Men's Fashion,88.0,0.0,88.0,1,88.0,Spring,2024,5,False,kaggle_shopping
383635,Sandals,Puma,Footwear,44.0,0.0,44.0,1,44.0,Spring,2024,5,False,kaggle_shopping
383736,Jeans,H&M,Men's Fashion,56.0,0.0,56.0,1,56.0,Spring,2024,5,False,kaggle_shopping
383837,Jewelry,Kate Spade,Accessories,23.0,0.0,23.0,1,23.0,Winter,2024,1,False,kaggle_shopping
383938,Shorts,Gap,Men's Fashion,45.0,0.0,45.0,1,45.0,Spring,2024,5,False,kaggle_shopping
384039,Sunglasses,Coach,Accessories,31.0,0.0,31.0,1,31.0,Fall,2024,9,False,kaggle_shopping
384140,Pants,Uniqlo,Men's Fashion,96.0,0.0,96.0,1,96.0,Summer,2024,6,False,kaggle_shopping
384241,Shirt,Forever 21,Men's Fashion,96.0,0.0,96.0,1,96.0,Spring,2024,5,False,kaggle_shopping
384342,Shirt,Uniqlo,Men's Fashion,80.0,0.0,80.0,1,80.0,Fall,2024,9,False,kaggle_shopping
384443,Pants,Forever 21,Men's Fashion,28.0,0.0,28.0,1,28.0,Fall,2024,9,False,kaggle_shopping
384544,Hoodie,H&M,Men's Fashion,51.0,0.0,51.0,1,51.0,Summer,2024,6,False,kaggle_shopping
384645,Socks,Forever 21,Men's Fashion,41.0,0.0,41.0,1,41.0,Spring,2024,5,False,kaggle_shopping
384746,Coat,North Face,Women's Fashion,99.0,0.0,99.0,1,99.0,Summer,2024,6,False,kaggle_shopping
384847,Sweater,Uniqlo,Men's Fashion,53.0,0.0,53.0,1,53.0,Spring,2024,5,False,kaggle_shopping
384948,Backpack,Fossil,Accessories,25.0,0.0,25.0,1,25.0,Fall,2024,9,False,kaggle_shopping
385049,Blouse,Uniqlo,Men's Fashion,95.0,0.0,95.0,1,95.0,Winter,2024,1,False,kaggle_shopping
385150,Hoodie,Gap,Men's Fashion,88.0,0.0,88.0,1,88.0,Fall,2024,9,False,kaggle_shopping
385251,Jewelry,Fossil,Accessories,97.0,0.0,97.0,1,97.0,Fall,2024,9,False,kaggle_shopping
385352,Coat,Patagonia,Women's Fashion,81.0,0.0,81.0,1,81.0,Winter,2024,1,False,kaggle_shopping
385453,Sunglasses,Michael Kors,Accessories,26.0,0.0,26.0,1,26.0,Winter,2024,1,False,kaggle_shopping
385554,Shoes,New Balance,Footwear,41.0,0.0,41.0,1,41.0,Summer,2024,6,False,kaggle_shopping
385655,Skirt,Zara,Men's Fashion,93.0,0.0,93.0,1,93.0,Fall,2024,9,False,kaggle_shopping
385756,Skirt,Gap,Men's Fashion,69.0,0.0,69.0,1,69.0,Spring,2024,5,False,kaggle_shopping
385857,Skirt,Gap,Men's Fashion,44.0,0.0,44.0,1,44.0,Fall,2024,9,False,kaggle_shopping
385958,Sandals,New Balance,Footwear,54.0,0.0,54.0,1,54.0,Spring,2024,5,False,kaggle_shopping
386059,Sneakers,New Balance,Footwear,61.0,0.0,61.0,1,61.0,Spring,2024,5,False,kaggle_shopping
386160,Socks,H&M,Men's Fashion,80.0,0.0,80.0,1,80.0,Fall,2024,9,False,kaggle_shopping
386261,Backpack,Kate Spade,Accessories,30.0,0.0,30.0,1,30.0,Summer,2024,6,False,kaggle_shopping
386362,Shorts,Forever 21,Men's Fashion,94.0,0.0,94.0,1,94.0,Fall,2024,9,False,kaggle_shopping
386463,Shirt,Uniqlo,Men's Fashion,24.0,0.0,24.0,1,24.0,Winter,2024,1,False,kaggle_shopping
386564,Socks,Forever 21,Men's Fashion,21.0,0.0,21.0,1,21.0,Fall,2024,9,False,kaggle_shopping
386665,Jewelry,Michael Kors,Accessories,52.0,0.0,52.0,1,52.0,Summer,2024,6,False,kaggle_shopping
386766,Handbag,Coach,Accessories,59.0,0.0,59.0,1,59.0,Fall,2024,9,False,kaggle_shopping
386867,Shorts,Zara,Men's Fashion,51.0,0.0,51.0,1,51.0,Summer,2024,6,False,kaggle_shopping
386968,Sweater,Uniqlo,Men's Fashion,35.0,0.0,35.0,1,35.0,Winter,2024,1,False,kaggle_shopping
387069,Gloves,Michael Kors,Accessories,87.0,0.0,87.0,1,87.0,Summer,2024,6,False,kaggle_shopping
387170,Pants,H&M,Men's Fashion,42.0,0.0,42.0,1,42.0,Summer,2024,6,False,kaggle_shopping
387271,T-shirt,Uniqlo,Men's Fashion,86.0,0.0,86.0,1,86.0,Winter,2024,1,False,kaggle_shopping
387372,Pants,H&M,Men's Fashion,26.0,0.0,26.0,1,26.0,Fall,2024,9,False,kaggle_shopping
387473,Sweater,Forever 21,Men's Fashion,60.0,0.0,60.0,1,60.0,Summer,2024,6,False,kaggle_shopping
387574,Gloves,Kate Spade,Accessories,83.0,0.0,83.0,1,83.0,Winter,2024,1,False,kaggle_shopping
387675,Belt,Fossil,Accessories,63.0,0.0,63.0,1,63.0,Spring,2024,5,False,kaggle_shopping
387776,Sneakers,Converse,Footwear,25.0,0.0,25.0,1,25.0,Spring,2024,5,False,kaggle_shopping
387877,Shorts,Forever 21,Men's Fashion,65.0,0.0,65.0,1,65.0,Fall,2024,9,False,kaggle_shopping
387978,Sneakers,New Balance,Footwear,60.0,0.0,60.0,1,60.0,Fall,2024,9,False,kaggle_shopping
388079,Jeans,Forever 21,Men's Fashion,75.0,0.0,75.0,1,75.0,Spring,2024,5,False,kaggle_shopping
388180,Sneakers,New Balance,Footwear,57.0,0.0,57.0,1,57.0,Fall,2024,9,False,kaggle_shopping
388281,Boots,Nike,Footwear,99.0,0.0,99.0,1,99.0,Winter,2024,1,False,kaggle_shopping
388382,Jacket,Canada Goose,Women's Fashion,45.0,0.0,45.0,1,45.0,Spring,2024,5,False,kaggle_shopping
388483,Gloves,Coach,Accessories,66.0,0.0,66.0,1,66.0,Summer,2024,6,False,kaggle_shopping
388584,Socks,Forever 21,Men's Fashion,53.0,0.0,53.0,1,53.0,Winter,2024,1,False,kaggle_shopping
388685,Jeans,H&M,Men's Fashion,94.0,0.0,94.0,1,94.0,Winter,2024,1,False,kaggle_shopping
388786,Boots,New Balance,Footwear,47.0,0.0,47.0,1,47.0,Fall,2024,9,False,kaggle_shopping
388887,Blouse,Forever 21,Men's Fashion,80.0,0.0,80.0,1,80.0,Fall,2024,9,False,kaggle_shopping
388988,Hat,Fossil,Accessories,65.0,0.0,65.0,1,65.0,Spring,2024,5,False,kaggle_shopping
389089,Shirt,H&M,Men's Fashion,75.0,0.0,75.0,1,75.0,Summer,2024,6,False,kaggle_shopping
389190,Handbag,Fossil,Accessories,45.0,0.0,45.0,1,45.0,Summer,2024,6,False,kaggle_shopping
389291,Sunglasses,Michael Kors,Accessories,51.0,0.0,51.0,1,51.0,Spring,2024,5,False,kaggle_shopping
389392,Scarf,Fossil,Accessories,58.0,0.0,58.0,1,58.0,Summer,2024,6,False,kaggle_shopping
389493,Sunglasses,Kate Spade,Accessories,20.0,0.0,20.0,1,20.0,Fall,2024,9,False,kaggle_shopping
389594,Scarf,Fossil,Accessories,82.0,0.0,82.0,1,82.0,Summer,2024,6,False,kaggle_shopping
389695,Gloves,Kate Spade,Accessories,92.0,0.0,92.0,1,92.0,Spring,2024,5,False,kaggle_shopping
389796,Shorts,Gap,Men's Fashion,81.0,0.0,81.0,1,81.0,Fall,2024,9,False,kaggle_shopping
389897,Sunglasses,Kate Spade,Accessories,44.0,0.0,44.0,1,44.0,Summer,2024,6,False,kaggle_shopping
389998,Jewelry,Michael Kors,Accessories,72.0,0.0,72.0,1,72.0,Winter,2024,1,False,kaggle_shopping
390099,Jacket,Patagonia,Women's Fashion,26.0,0.0,26.0,1,26.0,Winter,2024,1,False,kaggle_shopping
390100,Sweater,H&M,Men's Fashion,26.0,0.0,26.0,1,26.0,Fall,2024,9,False,kaggle_shopping
390201,Blouse,Gap,Men's Fashion,84.0,0.0,84.0,1,84.0,Spring,2024,5,False,kaggle_shopping
390302,Scarf,Fossil,Accessories,72.0,0.0,72.0,1,72.0,Spring,2024,5,False,kaggle_shopping
390403,Handbag,Coach,Accessories,55.0,0.0,55.0,1,55.0,Spring,2024,5,False,kaggle_shopping
390504,Hat,Michael Kors,Accessories,77.0,0.0,77.0,1,77.0,Fall,2024,9,False,kaggle_shopping
390605,Scarf,Coach,Accessories,57.0,0.0,57.0,1,57.0,Fall,2024,9,False,kaggle_shopping
390706,Boots,Puma,Footwear,71.0,0.0,71.0,1,71.0,Spring,2024,5,False,kaggle_shopping
390807,Blouse,Zara,Men's Fashion,39.0,0.0,39.0,1,39.0,Spring,2024,5,False,kaggle_shopping
390908,Socks,Zara,Men's Fashion,28.0,0.0,28.0,1,28.0,Winter,2024,1,False,kaggle_shopping
391009,Shoes,Nike,Footwear,33.0,0.0,33.0,1,33.0,Winter,2024,1,False,kaggle_shopping
391110,Skirt,Uniqlo,Men's Fashion,79.0,0.0,79.0,1,79.0,Fall,2024,9,False,kaggle_shopping
391211,Belt,Michael Kors,Accessories,30.0,0.0,30.0,1,30.0,Winter,2024,1,False,kaggle_shopping
391312,Skirt,Uniqlo,Men's Fashion,75.0,0.0,75.0,1,75.0,Spring,2024,5,False,kaggle_shopping
391413,Pants,H&M,Men's Fashion,89.0,0.0,89.0,1,89.0,Summer,2024,6,False,kaggle_shopping
391514,Dress,Gap,Men's Fashion,95.0,0.0,95.0,1,95.0,Winter,2024,1,False,kaggle_shopping
391615,Hat,Coach,Accessories,44.0,0.0,44.0,1,44.0,Fall,2024,9,False,kaggle_shopping
391716,Coat,Canada Goose,Women's Fashion,86.0,0.0,86.0,1,86.0,Summer,2024,6,False,kaggle_shopping
391817,Scarf,Coach,Accessories,91.0,0.0,91.0,1,91.0,Fall,2024,9,False,kaggle_shopping
391918,Sneakers,Adidas,Footwear,41.0,0.0,41.0,1,41.0,Winter,2024,1,False,kaggle_shopping
392019,Pants,Uniqlo,Men's Fashion,99.0,0.0,99.0,1,99.0,Spring,2024,5,False,kaggle_shopping
392120,Belt,Michael Kors,Accessories,65.0,0.0,65.0,1,65.0,Winter,2024,1,False,kaggle_shopping
392221,Sneakers,Puma,Footwear,48.0,0.0,48.0,1,48.0,Summer,2024,6,False,kaggle_shopping
392322,Hat,Michael Kors,Accessories,41.0,0.0,41.0,1,41.0,Spring,2024,5,False,kaggle_shopping
392423,Shirt,Uniqlo,Men's Fashion,42.0,0.0,42.0,1,42.0,Summer,2024,6,False,kaggle_shopping
392524,Shorts,Gap,Men's Fashion,26.0,0.0,26.0,1,26.0,Summer,2024,6,False,kaggle_shopping
392625,Shorts,Gap,Men's Fashion,35.0,0.0,35.0,1,35.0,Fall,2024,9,False,kaggle_shopping
392726,Jacket,Canada Goose,Women's Fashion,31.0,0.0,31.0,1,31.0,Summer,2024,6,False,kaggle_shopping
392827,Jewelry,Michael Kors,Accessories,73.0,0.0,73.0,1,73.0,Summer,2024,6,False,kaggle_shopping
392928,Blouse,Zara,Men's Fashion,82.0,0.0,82.0,1,82.0,Spring,2024,5,False,kaggle_shopping
393029,Pants,H&M,Men's Fashion,32.0,0.0,32.0,1,32.0,Spring,2024,5,False,kaggle_shopping
393130,Hat,Kate Spade,Accessories,27.0,0.0,27.0,1,27.0,Summer,2024,6,False,kaggle_shopping
393231,Backpack,Kate Spade,Accessories,86.0,0.0,86.0,1,86.0,Spring,2024,5,False,kaggle_shopping
393332,Boots,Converse,Footwear,38.0,0.0,38.0,1,38.0,Winter,2024,1,False,kaggle_shopping
393433,Jacket,North Face,Women's Fashion,93.0,0.0,93.0,1,93.0,Summer,2024,6,False,kaggle_shopping
393534,Hoodie,Forever 21,Men's Fashion,59.0,0.0,59.0,1,59.0,Winter,2024,1,False,kaggle_shopping
393635,Sandals,Nike,Footwear,58.0,0.0,58.0,1,58.0,Winter,2024,1,False,kaggle_shopping
393736,Skirt,Zara,Men's Fashion,84.0,0.0,84.0,1,84.0,Spring,2024,5,False,kaggle_shopping
393837,Hoodie,H&M,Men's Fashion,100.0,0.0,100.0,1,100.0,Spring,2024,5,False,kaggle_shopping
393938,Dress,Zara,Men's Fashion,25.0,0.0,25.0,1,25.0,Summer,2024,6,False,kaggle_shopping
394039,Sandals,Nike,Footwear,29.0,0.0,29.0,1,29.0,Spring,2024,5,False,kaggle_shopping
394140,Jeans,Forever 21,Men's Fashion,42.0,0.0,42.0,1,42.0,Spring,2024,5,False,kaggle_shopping
394241,Jeans,Gap,Men's Fashion,57.0,0.0,57.0,1,57.0,Fall,2024,9,False,kaggle_shopping
394342,Jacket,North Face,Women's Fashion,84.0,0.0,84.0,1,84.0,Winter,2024,1,False,kaggle_shopping
394443,Hat,Kate Spade,Accessories,71.0,0.0,71.0,1,71.0,Winter,2024,1,False,kaggle_shopping
394544,Shorts,Uniqlo,Men's Fashion,87.0,0.0,87.0,1,87.0,Fall,2024,9,False,kaggle_shopping
394645,Sweater,Uniqlo,Men's Fashion,52.0,0.0,52.0,1,52.0,Winter,2024,1,False,kaggle_shopping
394746,Blouse,Uniqlo,Men's Fashion,58.0,0.0,58.0,1,58.0,Summer,2024,6,False,kaggle_shopping
394847,Sweater,H&M,Men's Fashion,34.0,0.0,34.0,1,34.0,Fall,2024,9,False,kaggle_shopping
394948,Jewelry,Coach,Accessories,60.0,0.0,60.0,1,60.0,Winter,2024,1,False,kaggle_shopping
395049,Hoodie,Forever 21,Men's Fashion,68.0,0.0,68.0,1,68.0,Winter,2024,1,False,kaggle_shopping
395150,Jewelry,Kate Spade,Accessories,74.0,0.0,74.0,1,74.0,Summer,2024,6,False,kaggle_shopping
395251,Scarf,Michael Kors,Accessories,83.0,0.0,83.0,1,83.0,Summer,2024,6,False,kaggle_shopping
395352,Hat,Kate Spade,Accessories,79.0,0.0,79.0,1,79.0,Fall,2024,9,False,kaggle_shopping
395453,Sunglasses,Coach,Accessories,76.0,0.0,76.0,1,76.0,Fall,2024,9,False,kaggle_shopping
395554,T-shirt,Forever 21,Men's Fashion,20.0,0.0,20.0,1,20.0,Spring,2024,5,False,kaggle_shopping
395655,Shirt,Uniqlo,Men's Fashion,61.0,0.0,61.0,1,61.0,Summer,2024,6,False,kaggle_shopping
395756,Sandals,Nike,Footwear,78.0,0.0,78.0,1,78.0,Summer,2024,6,False,kaggle_shopping
395857,Hat,Coach,Accessories,21.0,0.0,21.0,1,21.0,Summer,2024,6,False,kaggle_shopping
395958,T-shirt,H&M,Men's Fashion,77.0,0.0,77.0,1,77.0,Winter,2024,1,False,kaggle_shopping
396059,Shorts,Forever 21,Men's Fashion,88.0,0.0,88.0,1,88.0,Fall,2024,9,False,kaggle_shopping
396160,Sunglasses,Fossil,Accessories,64.0,0.0,64.0,1,64.0,Summer,2024,6,False,kaggle_shopping
396261,Jacket,Patagonia,Women's Fashion,57.0,0.0,57.0,1,57.0,Spring,2024,5,False,kaggle_shopping
396362,Shirt,Forever 21,Men's Fashion,49.0,0.0,49.0,1,49.0,Winter,2024,1,False,kaggle_shopping
396463,Scarf,Kate Spade,Accessories,35.0,0.0,35.0,1,35.0,Summer,2024,6,False,kaggle_shopping
396564,T-shirt,Uniqlo,Men's Fashion,99.0,0.0,99.0,1,99.0,Winter,2024,1,False,kaggle_shopping
396665,Shorts,Forever 21,Men's Fashion,42.0,0.0,42.0,1,42.0,Spring,2024,5,False,kaggle_shopping
396766,Hat,Coach,Accessories,32.0,0.0,32.0,1,32.0,Winter,2024,1,False,kaggle_shopping
396867,Jacket,Columbia,Women's Fashion,21.0,0.0,21.0,1,21.0,Summer,2024,6,False,kaggle_shopping
396968,Dress,Forever 21,Men's Fashion,29.0,0.0,29.0,1,29.0,Winter,2024,1,False,kaggle_shopping
397069,Coat,Canada Goose,Women's Fashion,64.0,0.0,64.0,1,64.0,Spring,2024,5,False,kaggle_shopping
397170,Sandals,Puma,Footwear,46.0,0.0,46.0,1,46.0,Fall,2024,9,False,kaggle_shopping
397271,T-shirt,Gap,Men's Fashion,97.0,0.0,97.0,1,97.0,Fall,2024,9,False,kaggle_shopping
397372,Jacket,Patagonia,Women's Fashion,94.0,0.0,94.0,1,94.0,Spring,2024,5,False,kaggle_shopping
397473,Sandals,New Balance,Footwear,43.0,0.0,43.0,1,43.0,Summer,2024,6,False,kaggle_shopping
397574,Sweater,Zara,Men's Fashion,54.0,0.0,54.0,1,54.0,Summer,2024,6,False,kaggle_shopping
397675,Hat,Michael Kors,Accessories,51.0,0.0,51.0,1,51.0,Winter,2024,1,False,kaggle_shopping
397776,Shoes,Adidas,Footwear,85.0,0.0,85.0,1,85.0,Fall,2024,9,False,kaggle_shopping
397877,Hoodie,Forever 21,Men's Fashion,96.0,0.0,96.0,1,96.0,Spring,2024,5,False,kaggle_shopping
397978,Hat,Michael Kors,Accessories,42.0,0.0,42.0,1,42.0,Summer,2024,6,False,kaggle_shopping
398079,Skirt,Gap,Men's Fashion,63.0,0.0,63.0,1,63.0,Winter,2024,1,False,kaggle_shopping
398180,Shirt,H&M,Men's Fashion,20.0,0.0,20.0,1,20.0,Winter,2024,1,False,kaggle_shopping
398281,Scarf,Michael Kors,Accessories,25.0,0.0,25.0,1,25.0,Spring,2024,5,False,kaggle_shopping
398382,Pants,Zara,Men's Fashion,95.0,0.0,95.0,1,95.0,Fall,2024,9,False,kaggle_shopping
398483,Hat,Kate Spade,Accessories,38.0,0.0,38.0,1,38.0,Fall,2024,9,False,kaggle_shopping
398584,Sandals,Converse,Footwear,29.0,0.0,29.0,1,29.0,Fall,2024,9,False,kaggle_shopping
398685,Socks,Zara,Men's Fashion,64.0,0.0,64.0,1,64.0,Winter,2024,1,False,kaggle_shopping
398786,Jewelry,Fossil,Accessories,92.0,0.0,92.0,1,92.0,Summer,2024,6,False,kaggle_shopping
398887,Shirt,Forever 21,Men's Fashion,34.0,0.0,34.0,1,34.0,Spring,2024,5,False,kaggle_shopping
398988,Sneakers,New Balance,Footwear,69.0,0.0,69.0,1,69.0,Spring,2024,5,False,kaggle_shopping
399089,Dress,Gap,Men's Fashion,65.0,0.0,65.0,1,65.0,Spring,2024,5,False,kaggle_shopping
399190,Shirt,Uniqlo,Men's Fashion,81.0,0.0,81.0,1,81.0,Winter,2024,1,False,kaggle_shopping
399291,Dress,Uniqlo,Men's Fashion,30.0,0.0,30.0,1,30.0,Winter,2024,1,False,kaggle_shopping
399392,Jewelry,Coach,Accessories,86.0,0.0,86.0,1,86.0,Summer,2024,6,False,kaggle_shopping
399493,Hat,Fossil,Accessories,64.0,0.0,64.0,1,64.0,Fall,2024,9,False,kaggle_shopping
399594,Skirt,H&M,Men's Fashion,78.0,0.0,78.0,1,78.0,Spring,2024,5,False,kaggle_shopping
399695,Hoodie,Zara,Men's Fashion,28.0,0.0,28.0,1,28.0,Summer,2024,6,False,kaggle_shopping
399796,Backpack,Coach,Accessories,49.0,0.0,49.0,1,49.0,Spring,2024,5,False,kaggle_shopping
399897,Belt,Fossil,Accessories,33.0,0.0,33.0,1,33.0,Spring,2024,5,False,kaggle_shopping
399998,Shoes,Converse,Footwear,77.0,0.0,77.0,1,77.0,Summer,2024,6,False,kaggle_shopping
400099,Handbag,Michael Kors,Accessories,81.0,0.0,81.0,1,81.0,Spring,2024,5,False,kaggle_shopping
